player,birth_state
Aaron Brooks,Washington
Aaron Gordon,California
Aaron Gray,California
Aaron Harrison,Texas
Aaron James,Louisiana
Aaron McKie,Pennsylvania
Aaron Miles,Oregon
Aaron Swinson,Georgia
Aaron Williams,Illinois
Abdul Jeelani,Tennessee
Acie Earl,Illinois
Acie Law,Texas
Adam Harrington,Massachusetts
Adam Keefe,California
Adam Morrison,Montana
Adonal Foyle,Saint Vincent and the Grenadines
Adonis Jordan,New York
Adonis Thomas,Tennessee
Adreian Payne,Ohio
Adrian Branch,District of Columbia
Adrian Caldwell,Texas
Adrian Dantley*,District of Columbia
Adrian Griffin,Kansas
Adrian Smith,Kentucky
Al Attles,New Jersey
Al Bianchi,New York
Al Butler,New York
Al Carlson,California
Al Cervi*,New York
Al Eberhard,Iowa
Al Ferrari,New York
Al Fleming,Illinois
Al Harrington,New Jersey
Al Horford,Dominican Republic
Al Jackson,Ohio
Al Jefferson,Mississippi
Al Skinner,New York
Al Thornton,Georgia
Al Tucker,Ohio
Al Wood,Georgia
Alaa Abdelnaby,Egypt
Alan Anderson,Minnesota
Alan Hardy,Michigan
Alan Henderson,Indiana
Alan Ogg,Ohio
Alan Sawyer,California
Alando Tucker,Ohio
Albert King,New York
Alec Burks,Missouri
Alec Kessler,Minnesota
Aleksandar Djordjevic,Serbia
Aleksandar Radojevic,Montenegro
Alex Abrines,Spain
Alex Acker,California
Alex Blackwell,New Jersey
Alex Bradley,Mississippi
Alex English*,South Carolina
Alex Garcia,Brazil
Alex Groza,Ohio
Alex Hannum*,California
Alex Kirk,New Mexico
Alex Len,Ukraine
Alex Poythress,Georgia
Alex Scales,Wisconsin
Alex Stepheson,California
Alex Stivrins,Nebraska
Alexander Johnson,Georgia
Alexander Volkov,Russia
Alexey Shved,Russia
Alexis Ajinca,France
Al-Farouq Aminu,Georgia
Alfred McGuire*,New York
Allan Bristow,Virginia
Allan Houston,Kentucky
Allan Ray,New York
Allen Crabbe,California
Allen Iverson*,Virginia
Allen Leavell,Indiana
Allen Murphy,Alabama
Allie McGuire,New York
Alonzo Bradley,Mississippi
Alonzo Gee,Florida
Alonzo Mourning*,Virginia
Alphonso Ford,Mississippi
Alton Ford,Mississippi
Alton Lister,Texas
Alvan Adams,Kansas
Alvin Heggs,Florida
Alvin Jones,Luxembourg
Alvin Robertson,Ohio
Alvin Scott,Tennessee
Alvin Sims,Kentucky
Amal McCaskill,Illinois
Amar'e Stoudemire,Florida
Amir Johnson,California
Anderson Varejao,Brazil
Andrae Patterson,California
Andray Blatche,New York
Andre Barrett,New York
Andre Brown,Illinois
Andre Dawkins,Virginia
Andre Drummond,New York
Andre Emmett,Texas
Andre Iguodala,Illinois
Andre McCarter,Pennsylvania
Andre Miller,Michigan
Andre Moore,Illinois
Andre Owens,Indiana
Andre Roberson,Tennessee
Andre Spencer,California
Andre Turner,Tennessee
Andre Wakefield,Illinois
Andrea Bargnani,Italy
Andreas Glyniadakis,Greece
Andrei Kirilenko,Russia
Andres Guibert,Cuba
Andres Nocioni,Argentina
Andrew Bogut,Australia
Andrew Bynum,New Jersey
Andrew DeClercq,Michigan
Andrew Gaze,Australia
Andrew Goudelock,Georgia
Andrew Harrison,Texas
Andrew Lang,Arkansas
Andrew Levane,New York
Andrew Nicholson,Canada
Andrew Toney,Alabama
Andrew Wiggins,Canada
Andris Biedrins,Latvia
Andy Johnson,California
Andy Panko,Pennsylvania
Andy Phillip*,Illinois
Andy Rautins,New York
Andy Toolson,Illinois
Andy Walker,New York
Anfernee Hardaway,Tennessee
Ansu Sesay,North Carolina
Antawn Jamison,Louisiana
Anthony Avent,North Carolina
Anthony Bennett,Canada
Anthony Bonner,Missouri
Anthony Bowie,Oklahoma
Anthony Brown,Illinois
Anthony Carter,Wisconsin
Anthony Cook,California
Anthony Davis,California
Anthony Frederick,California
Anthony Goldwire,Florida
Anthony Grundy,Kentucky
Anthony Johnson,California
Anthony Jones,District of Columbia
Anthony Mason,Florida
Anthony Miller,Michigan
Anthony Morrow,North Carolina
Anthony Parker,Illinois
Anthony Peeler,Missouri
Anthony Pullard,Louisiana
Anthony Randolph,Germany
Anthony Roberson,Tennessee
Anthony Roberts,Tennessee
Anthony Taylor,California
Anthony Tolliver,Missouri
Anthony Tucker,District of Columbia
Antoine Carr,Oklahoma
Antoine Rigaudeau,France
Antoine Walker,New York
Antoine Wright,California
Antonio Anderson,New York
Antonio Burks,Tennessee
Antonio Daniels,Ohio
Antonio Davis,California
Antonio Harvey,Mississippi
Antonio Lang,Arkansas
Antonio McDyess,Mississippi
Antonis Fotsis,Greece
Archie Clark,Arkansas
Archie Dees,Mississippi
Archie Goodwin,Arkansas
Ariel Maughan,Utah
Arinze Onuaku,Maryland
Armen Gilliam,Pennsylvania
Armon Johnson,Minnesota
Armond Hill,New York
Arnett Moultrie,New York
Arnie Ferrin,Utah
Arnie Johnson,Minnesota
Arnie Risen*,Kentucky
Aron Baynes,New Zealand
Arron Afflalo,California
Art Collins,Georgia
Art Heyman,New York
Art Long,New York
Art Spector,Pennsylvania
Art Williams,Texas
Artis Gilmore*,Florida
Arvid Kramer,Minnesota
Arvydas Macijauskas,Lithuania
Arvydas Sabonis*,Lithuania
Ashraf Amaya,Illinois
Askia Jones,Pennsylvania
Audie Norris,Mississippi
Austin Carr,District of Columbia
Austin Croshere,California
Austin Daye,California
Austin Rivers,California
Avery Bradley,Washington
Avery Johnson,Louisiana
Awvee Storey,Illinois
Axel Toupane,France
Bailey Howell*,Tennessee
Baron Davis,California
Barry Clemens,Ohio
Barry Kramer,New York
Barry Orms,Missouri
Barry Stevens,Michigan
Barry Sumpter,Illinois
Bart Kofoed,Nebraska
Bayard Forrest,California
Belus Smawley,North Carolina
Ben Clyde,Georgia
Ben Coleman,Minnesota
Ben Davis,Florida
Ben Gillery,Michigan
Ben Gordon,United Kingdom
Ben Handlogten,Michigan
Ben Hansbrough,Missouri
Ben McDonald,California
Ben McLemore,Missouri
Ben Poquette,Michigan
Ben Uzoh,Texas
Ben Wallace,Alabama
Ben Warley,District of Columbia
Beno Udrih,Slovenia
Benoit Benjamin,Louisiana
Bernard James,Georgia
Bernard King*,New York
Bernard Robinson,District of Columbia
Bernard Thompson,Arizona
Bernard Toone,New York
Bernie Fryer,Washington
Bernie Harris,Virginia
Bernie Williams,District of Columbia
Bevo Nordmann,Missouri
Bill Bradley*,Missouri
Bill Bridges,New Mexico
Bill Buntin,Michigan
Bill Calhoun,California
Bill Cartwright,California
Bill Closs,Texas
Bill Curley,Massachusetts
Bill Edwards,Ohio
Bill Garnett,Illinois
Bill Hanzlik,Ohio
Bill Henry,Texas
Bill Hewitt,Massachusetts
Bill Hosket,Ohio
Bill Jones,Michigan
Bill Laimbeer,Massachusetts
Bill Ligon,Tennessee
Bill Martin,District of Columbia
Bill Mayfield,Michigan
Bill McGill,Texas
Bill Melchionni,Pennsylvania
Bill Mlkvy,Pennsylvania
Bill Roberts,Indiana
Bill Robinzine,Illinois
Bill Russell*,Louisiana
Bill Sharman*,Texas
Bill Walton*,California
Bill Wennington,Canada
Bill Willoughby,New Jersey
Billy Cunningham*,New York
Billy Donovan,New York
Billy Kenville,New York
Billy Knight,Pennsylvania
Billy McKinney,Illinois
Billy Owens,Pennsylvania
Billy Paultz,New Jersey
Billy Reid,New York
Billy Thomas,Louisiana
Billy Thompson,New Jersey
Bimbo Coles,Virginia
Bird Averitt,Kentucky
Bismack Biyombo,Democratic Republic of the Congo
Bison Dele,California
Blackie Towery,Kentucky
Blair Rasmussen,Washington
Blake Ahearn,Missouri
Blake Griffin,Oklahoma
Blue Edwards,District of Columbia
Bo Erias,New York
Bo Kimble,Pennsylvania
Bo Lamar,Ohio
Bo Outlaw,Texas
Bob Anderegg,Wisconsin
Bob Armstrong,Michigan
Bob Arnzen,Kentucky
Bob Bigelow,Massachusetts
Bob Boozer,Nebraska
Bob Brown,Ohio
Bob Burrow,Arkansas
Bob Carrington,Massachusetts
Bob Cousy*,New York
Bob Dandridge,Virginia
Bob Davies*,Pennsylvania
Bob Doll,Colorado
Bob Elliott,Michigan
Bob Evans,Indiana
Bob Feerick,California
Bob Ferry,Missouri
Bob Gross,California
Bob Hansen,Iowa
Bob Harris,Tennessee
Bob Harrison,Tennessee
Bob Hopkins,Louisiana
Bob Houbregs*,Canada
Bob Kauffman,New York
Bob Kinney,Kansas
Bob Lanier*,New York
Bob Love,Louisiana
Bob Martin,Minnesota
Bob McAdoo*,North Carolina
Bob McCann,New Jersey
Bob McNeill,Pennsylvania
Bob Miller,Kentucky
Bob Nash,Connecticut
Bob Peterson,California
Bob Pettit*,Louisiana
Bob Portman,California
Bob Quick,Mississippi
Bob Rule,California
Bob Santini,New York
Bob Sura,Pennsylvania
Bob Thornton,California
Bob Tough,New York
Bob Verga,New Jersey
Bob Warlick,North Carolina
Bob Weiss,Pennsylvania
Bob Wilkerson,Indiana
Boban Marjanovic,Serbia
Bobby Brown,Ohio
Bobby Cattage,Alabama
Bobby Hurley,New Jersey
Bobby Jackson,North Carolina
Bobby Jones,North Carolina
Bobby Phills,Louisiana
Bobby Portis,Arkansas
Bobby Simmons,Illinois
Bobby Wanzer*,New York
Bobby Watson,Kentucky
Bojan Bogdanovic,Serbia
Bones McKinney,North Carolina
Boniface N'Dong,Senegal
Bonzi Wells,Indiana
Boris Diaw,France
Bostjan Nachbar,Slovenia
Bracey Wright,California
Brad Branson,Illinois
Brad Daugherty,North Carolina
Brad Davis,Pennsylvania
Brad Holland,Montana
Brad Lohaus,Minnesota
Brad Miller,Indiana
Brad Sellers,Ohio
Brad Wright,California
Bradley Beal,Missouri
Brady Walker,Utah
Brandan Wright,California
Branden Dawson,Indiana
Brandin Knight,New Jersey
Brandon Armstrong,California
Brandon Bass,Louisiana
Brandon Davies,Pennsylvania
Brandon Hunter,Ohio
Brandon Ingram,North Carolina
Brandon Jennings,California
Brandon Knight,New Jersey
Brandon Roy,Washington
Brandon Rush,Missouri
Brandon Williams,Louisiana
Brant Weidner,Pennsylvania
Brendan Haywood,New York
Brendan McCann,New York
Brent Barry,New York
Brent Price,Oklahoma
Brent Scott,Michigan
Brett Szabo,Iowa
Brett Vroman,California
Brevin Knight,New Jersey
Brian Cardinal,Illinois
Brian Cook,Illinois
Brian Davis,Pennsylvania
Brian Evans,Illinois
Brian Grant,Ohio
Brian Howard,North Carolina
Brian Martin,Arkansas
Brian Oliver,Illinois
Brian Quinnett,Washington
Brian Roberts,Ohio
Brian Rowsom,New Jersey
Brian Scalabrine,California
Brian Shaw,California
Brian Skinner,Texas
Brian Taylor,New Jersey
Brian Winters,New York
Briante Weber,Virginia
Brice Johnson,Utah
Britton Johnsen,Utah
Brook Lopez,California
Brook Steppe,North Carolina
Brooks Thompson,Texas
Bruce Bowen,California
Bruce Douglas,Illinois
Bruce Flowers,New York
Bruce Hale,Oregon
Bruce Kuczenski,Connecticut
Bruce Seals,Louisiana
Bruno Caboclo,Brazil
Bruno Sundov,Croatia
Bryan Warrick,Washington
Bryant Reeves,Arkansas
Bryant Stith,Virginia
Bryce Cotton,Arizona
Bryce Dejean-Jones,California
Bryce Drew,Louisiana
Bryn Forbes,Michigan
Bryon Russell,California
Bubba Wells,Kentucky
Bubba Wilson,North Carolina
Buck Johnson,Alabama
Buck Williams,North Carolina
Bucky Bockhorn,Illinois
Bud Grant,Wisconsin
Bud Koper,Oklahoma
Bud Ogden,California
Bud Stallworth,Alabama
Buddy Hield,Bahamas
Buddy Jeannette*,Pennsylvania
Butch Beard,Kentucky
Butch Carter,Ohio
Butch Feher,Michigan
Butch Graves,New York
Butch Lee,Puerto Rico
Byron Beck,Washington
Byron Dinkins,North Carolina
Byron Houston,Kansas
Byron Irvin,Illinois
Byron Mullens,Ohio
Byron Scott,Utah
Cal Bowdler,Virginia
Cal Ramsey,Alabama
Calbert Cheaney,Indiana
Caldwell Jones,Arkansas
Calvin Booth,Ohio
Calvin Garrett,Tennessee
Calvin Murphy*,Connecticut
Calvin Natt,Louisiana
Cameron Bairstow,Australia
Cameron Payne,Tennessee
Campy Russell,Illinois
Carey Scurry,New York
Caris LeVert,Ohio
Carl Bailey,Alabama
Carl Braun,New York
Carl Henry,Oklahoma
Carl Herrera,Trinidad and Tobago
Carl Kilpatrick,Louisiana
Carl Landry,Wisconsin
Carl Nicks,Illinois
Carl Shaeffer,Indiana
Carl Thomas,Ohio
Carldell Johnson,Louisiana
Carlos Arroyo,Puerto Rico
Carlos Boozer,Germany
Carlos Clark,Tennessee
Carlos Delfino,Argentina
Carlos Rogers,Michigan
Carlos Terry,North Carolina
Carlton McKinney,California
Carmelo Anthony,New York
Caron Butler,Wisconsin
Carrick Felix,Arizona
Cartier Martin,Texas
Casey Jacobsen,California
Casey Shaw,Ohio
Casper Ware,California
Cazzie Russell,Illinois
Cedric Ball,Massachusetts
Cedric Bozeman,California
Cedric Ceballos,Hawaii
Cedric Henderson,Georgia
Cedric Hunter,Texas
Cedric Jackson,New Mexico
Cedric Lewis,District of Columbia
Cedric Maxwell,North Carolina
Cedric Simmons,North Carolina
Cedrick Hordges,Alabama
Cezary Trybanski,Poland
Chad Gallagher,Illinois
Chad Kinch,New Jersey
Chandler Parsons,Florida
Channing Frye,New York
Charles Barkley*,Alabama
Charles Bradley,Maryland
Charles Claxton,U.S. Virgin Islands
Charles Davis,New York
Charles Dudley,Pennsylvania
Charles Jenkins,New York
Charles Johnson,Texas
Charles Jones,Arkansas
Charles Oakley,Ohio
Charles O'Bannon,California
Charles Pittman,North Carolina
Charles Shackleford,North Carolina
Charles Smith,Connecticut
Charles Thomas,Ohio
Charlie Bell,Michigan
Charlie Black,Idaho
Charlie Criss,New York
Charlie Davis,New York
Charlie Hardnett,Georgia
Charlie Paulk,Georgia
Charlie Scott,New York
Charlie Sitton,Oregon
Charlie Tyra,Kentucky
Charlie Villanueva,New York
Charlie Ward,Georgia
Chase Budinger,California
Chasson Randle,Illinois
Chauncey Billups,Colorado
Cheese Johnson,Texas
Cheick Diallo,Mali
Chet Walker*,Mississippi
Chick Halbert,Texas
Chico Vaughn,Oregon
Chinanu Onuaku,Maryland
Chink Crossin,Pennsylvania
Chris Andersen,California
Chris Anstey,Australia
Chris Babb,Texas
Chris Bosh,Texas
Chris Carr,Missouri
Chris Childs,California
Chris Copeland,New Jersey
Chris Corchiani,Florida
Chris Crawford,Michigan
Chris Douglas-Roberts,Michigan
Chris Dudley,Pennsylvania
Chris Duhon,Louisiana
Chris Engler,Minnesota
Chris Ford,New Jersey
Chris Garner,Tennessee
Chris Gatling,New Jersey
Chris Harris,United Kingdom
Chris Herren,Massachusetts
Chris Hunter,Indiana
Chris Jefferies,California
Chris Jent,California
Chris Johnson,Texas
Chris Kaman,Michigan
Chris King,North Carolina
Chris McCray,Maryland
Chris McCullough,New York
Chris McNealy,California
Chris Mihm,Wisconsin
Chris Mills,California
Chris Morris,Georgia
Chris Mullin*,New York
Chris Munk,California
Chris Owens,Ohio
Chris Paul,North Carolina
Chris Porter,Alabama
Chris Quinn,Louisiana
Chris Richard,Florida
Chris Robinson,Georgia
Chris Singleton,Georgia
Chris Smith,Connecticut
Chris Taft,New York
Chris Washburn,North Carolina
Chris Webber,Michigan
Chris Welp,Germany
Chris Whitney,Kentucky
Chris Wilcox,North Carolina
Chris Wright,Ohio
Christian Eyenga,Democratic Republic of the Congo
Christian Laettner,New York
Christian Wood,California
Chubby Cox,Pennsylvania
Chuck Aleksinas,Connecticut
Chuck Grigsby,Ohio
Chuck Hayes,California
Chuck Mencel,Wisconsin
Chuck Nevitt,Colorado
Chuck Person,Alabama
Chuck Terry,California
Chuck Williams,Colorado
Chuckie Williams,Colorado
Chucky Atkins,Florida
Chucky Brown,New York
Clarence Glover,Kentucky
Clarence Kea,North Carolina
Clarence Weatherspoon,Mississippi
Clark Kellogg,Ohio
Claude English,Georgia
Claude Gregory,District of Columbia
Claude Terry,California
Clay Johnson,Florida
Cleanthony Early,New York
Clem Haskins,Kentucky
Clemon Johnson,Florida
Cleo Hill,New Jersey
Cleveland Buckner,Mississippi
Cliff Alexander,Illinois
Cliff Barker,Indiana
Cliff Hagan*,Kentucky
Cliff Levingston,California
Cliff Meely,Mississippi
Cliff Pondexter,California
Cliff Robinson,California
Clifford Lett,Florida
Clifford Ray,South Carolina
Clifford Robinson,California
Clifford Rozier,Florida
Clint McDaniel,Oklahoma
Clint Richardson,Washington
Clint Wager,Minnesota
Clinton Smith,Ohio
Clinton Wheeler,New Jersey
Clyde Drexler*,Louisiana
Clyde Lee,Tennessee
Clyde Lovellette*,Indiana
Clyde Mayes,South Carolina
Coby Dietrick,California
Coby Karl,Montana
Cody Zeller,Indiana
Cole Aldrich,Minnesota
Conner Henry,California
Connie Dierking,New York
Connie Hawkins*,New York
Connie Norman,Michigan
Connie Simmons,New Jersey
Corey Beck,Tennessee
Corey Benjamin,California
Corey Brewer,Tennessee
Corey Crowder,Georgia
Corey Gaines,California
Corey Maggette,Illinois
Corey Williams,Georgia
Corie Blount,California
Corky Calhoun,Illinois
Corliss Williamson,Georgia
Cornelius Cash,Mississippi
Cornell Warner,Mississippi
Corny Thompson,Connecticut
Corsley Edwards,Maryland
Cory Alexander,Virginia
Cory Blackwell,Illinois
Cory Carr,Arkansas
Cory Higgins,California
Cory Jefferson,Washington
Cory Joseph,Canada
Cotton Nash,New Jersey
Coty Clarke,Tennessee
Courtney Alexander,Virginia
Courtney Fortson,Texas
Courtney Lee,Indiana
Courtney Sims,Massachusetts
Cozell McQueen,France
Craig Brackins,California
Craig Dykema,California
Craig Ehlo,Texas
Craig Hodges,Illinois
Craig Neal,Indiana
Craig Raymond,Washington
Craig Shelton,District of Columbia
Craig Smith,California
Cristiano Felicio,Brazil
Cuonzo Martin,Missouri
Curtis Borchardt,New York
Curtis Kitchen,Florida
Curtis Perry,District of Columbia
Curtis Rowe,Alabama
Cuttino Mobley,Pennsylvania
Daequan Cook,California
Dahntay Jones,Texas
DaJuan Summers,Maryland
Dale Davis,Georgia
Dale Ellis,Georgia
Dale Schlueter,Washington
Dale Wilkinson,Idaho
Dallas Comegys,Pennsylvania
Damian Jones,Texas
Damian Lillard,California
Damien Inglis,French Guiana
Damien Wilkins,Idaho
Damion James,New Mexico
Damir Markota,Bosnia and Herzegovina
Damjan Rudez,Croatia
Damon Jones,Texas
Damon Stoudamire,Oregon
Damone Brown,California
Dan Anderson,Minnesota
Dan Dickau,Oregon
Dan Gadzuric,Netherlands
Dan Godfread,Indiana
Dan Issel*,Illinois
Dan Langhi,Illinois
Dan Majerle,Michigan
Dan McClintock,California
Dan O'Sullivan,New York
Dan Roundfield,Michigan
Dan Swartz,Kentucky
Dan Tieman,Kentucky
Dana Barros,Massachusetts
Dane Suttle,California
Daniel Ewing,Florida
Daniel Gibson,Texas
Daniel Ochefu,Maryland
Daniel Orton,Oklahoma
Daniel Santiago,Texas
Danilo Gallinari,Italy
Danny Ainge,Oregon
Danny Doyle,New York
Danny Ferry,Maryland
Danny Fortson,Pennsylvania
Danny Granger,Louisiana
Danny Green,California
Danny Manning,Mississippi
Danny Schayes,New York
Danny Vranes,Utah
Danny Young,North Carolina
Dante Cunningham,Maryland
Dante Exum,Australia
Danuel House,Texas
Darington Hobson,Nevada
Dario Saric,Croatia
Darius Johnson-Odom,Louisiana
Darius Miles,Illinois
Darius Miller,Kentucky
Darius Morris,California
Darius Songaila,Lithuania
Darius Washington,Florida
Darko Milicic,Serbia
Darnell Hillman,California
Darnell Jackson,Oklahoma
Darnell Mee,Tennessee
Darnell Valentine,Illinois
Darrall Imhoff,California
Darrell Allums,California
Darrell Armstrong,North Carolina
Darrell Arthur,Texas
Darrell Elston,Indiana
Darrell Griffith,Kentucky
Darrell Lockhart,Georgia
Darrell Walker,Illinois
Darren Collison,California
Darren Daye,Iowa
Darren Morningstar,Washington
Darren Tillis,Texas
Darrick Martin,Colorado
Darrin Hancock,Alabama
Darrun Hilliard,Pennsylvania
Darryl Dawkins,Florida
Darryl Johnson,Louisiana
Darryl Watkins,New Jersey
Darvin Ham,Michigan
Darwin Cook,California
Dave Batton,Maryland
Dave Bing*,District of Columbia
Dave Britton,New York
Dave Budd,New Jersey
Dave Corzine,Illinois
Dave Cowens*,Kentucky
Dave DeBusschere*,Michigan
Dave Deutsch,New York
Dave Feitl,Pennsylvania
Dave Gambee,Oregon
Dave Greenwood,California
Dave Henderson,North Carolina
Dave Hoppen,Nebraska
Dave Jamerson,West Virginia
Dave Johnson,Louisiana
Dave Lattin,Texas
Dave Magley,Indiana
Dave Meyers,California
Dave Newmark,New York
Dave Popson,Pennsylvania
Dave Robisch,Ohio
Dave Schellhase,Indiana
Dave Stallworth,Texas
Dave Twardzik,Pennsylvania
Dave Wohl,New York
David Andersen,Minnesota
David Benoit,Louisiana
David Burns,Texas
David Cooke,California
David Harrison,Tennessee
David Lee,California
David Noel,North Carolina
David Nwaba,California
David Pope,Virginia
David Rivers,New Jersey
David Robinson*,Florida
David Stockton,Washington
David Thirdkill,Missouri
David Thompson*,North Carolina
David Vanterpool,Florida
David Vaughn,Tennessee
David Wear,California
David Wesley,Texas
David West,New Jersey
David Wingate,Maryland
David Wood,Washington
Davis Bertans,Latvia
Dean Garrett,California
Dean Meminger,South Carolina
Dean Oliver,Illinois
Dean Tolson,Missouri
DeAndre' Bembry,North Carolina
DeAndre Jordan,Texas
DeAndre Liggins,Illinois
Dedric Willoughby,Louisiana
Dee Brown,Florida
Dejounte Murray,Washington
DeJuan Blair,Pennsylvania
DeJuan Wheat,Kentucky
Del Beshore,Pennsylvania
Delaney Rudd,North Carolina
Dell Curry,Virginia
Dell Demps,California
Delon Wright,California
Delonte West,District of Columbia
DeMar DeRozan,California
DeMarco Johnson,California
DeMarcus Cousins,Alabama
DeMarcus Nelson,California
DeMarre Carroll,Alabama
Demetris Nichols,Massachusetts
Demetrius Calip,Michigan
Demetrius Jackson,Indiana
Deng Gai,South Sudan
Dennis Awtrey,California
Dennis Bell,Ohio
Dennis Boyd,Virginia
Dennis DuVal,New York
Dennis Hamilton,California
Dennis Hopson,Ohio
Dennis Horner,New Jersey
Dennis Johnson*,California
Dennis Nutt,Arkansas
Dennis Rodman*,New Jersey
Dennis Schroder,Germany
Dennis Scott,Maryland
Denzel Valentine,Michigan
DeQuan Jones,Georgia
Derek Anderson,Kentucky
Derek Fisher,Arkansas
Derek Grimm,Illinois
Derek Harper,Georgia
Derek Hood,Missouri
Derek Strong,California
DerMarr Johnson,California
Deron Williams,West Virginia
Derrek Dickey,Ohio
Derrick Alston,New York
Derrick Brown,Florida
Derrick Byars,Tennessee
Derrick Caracter,New Jersey
Derrick Chievous,New York
Derrick Coleman,Alabama
Derrick Dial,Michigan
Derrick Favors,Georgia
Derrick Gervin,Michigan
Derrick Jones,Georgia
Derrick McKey,Mississippi
Derrick Phelps,New York
Derrick Rose,Illinois
Derrick Rowland,New York
Derrick Williams,West Virginia
Derrick Zimmerman,Louisiana
DeSagana Diop,Senegal
DeShawn Stevenson,California
Desmon Farmer,Michigan
Desmond Ferguson,Michigan
Desmond Mason,Texas
Desmond Penigar,California
Detlef Schrempf,Germany
Devean George,Minnesota
Devin Booker,Michigan
Devin Brown,Florida
Devin Durrant,Utah
Devin Ebanks,New York
Devin Gray,Maryland
Devin Green,Ohio
Devin Harris,Wisconsin
Devyn Marble,Michigan
Dewayne Dedmon,California
DeWayne Scales,Texas
Dexter Boney,Delaware
Dexter Cambridge,Bahamas
Dexter Pittman,Texas
Dexter Shouse,Indiana
Deyonta Davis,Michigan
Diamond Stone,Wisconsin
Dick Atha,Indiana
Dick Barnett,Indiana
Dick Bunt,New York
Dick Cunningham,Ohio
Dick Dickey,Indiana
Dick Garmaker,Minnesota
Dick Gibbs,Iowa
Dick Groat,Pennsylvania
Dick Hemric,North Carolina
Dick Knostman,Kansas
Dick McGuire*,New York
Dick Miller,Wisconsin
Dick O'Keefe,California
Dick Ricketts,Pennsylvania
Dick Schnittker,Ohio
Dick Schulz,Wisconsin
Dick Snyder,Ohio
Dick Triptow,Illinois
Dickey Simpkins,Maryland
Dijon Thompson,California
Dike Eddleman,Illinois
Dikembe Mutombo*,Democratic Republic of the Congo
Dillard Crocker,Tennessee
Dino Radja,Croatia
Dion Glover,Georgia
Dion Waiters,Pennsylvania
Dionte Christmas,Pennsylvania
Dirk Minniefield,Kentucky
Dirk Nowitzki,Germany
Doc Rivers,Illinois
Dolph Schayes*,New York
Domantas Sabonis,Oregon
Dominic McGuire,California
Dominic Pressley,District of Columbia
Dominique Jones,Tennessee
Dominique Wilkins*,France
Don Ackerman,New York
Don Adams,Georgia
Don Asmonga,Pennsylvania
Don Barksdale*,California
Don Boven,Michigan
Don Buse,Indiana
Don Carlson,Minnesota
Don Chaney,Louisiana
Don Collins,Illinois
Don Ford,California
Don Grate,Ohio
Don Kojis,Wisconsin
Don Lofgran,California
Don MacLean,California
Don May,Ohio
Don Nelson*,Michigan
Don Ohl,Illinois
Don Otten,Ohio
Don Ray,Tennessee
Don Rehfeldt,Illinois
Don Reid,District of Columbia
Don Sunderlage,Illinois
Donald Hodge,District of Columbia
Donald Royal,Louisiana
Donald Sloan,Louisiana
Donald Whiteside,Illinois
Donatas Motiejunas,Lithuania
Donell Taylor,District of Columbia
Donnell Harvey,Georgia
Donnie Boyce,Illinois
Donnie Butcher,Kentucky
Donnie Freeman,Illinois
Donny Marshall,Pennsylvania
Dontae' Jones,Tennessee
Donte Greene,Germany
Dontell Jefferson,Georgia
Dontonio Wingfield,Georgia
Donyell Marshall,Pennsylvania
Dorell Wright,California
Dorian Finney-Smith,Virginia
Doron Lamb,New York
Doug Christie,Washington
Doug Collins,Illinois
Doug Edwards,Florida
Doug Lee,Illinois
Doug McDermott,North Dakota
Doug Overton,Pennsylvania
Doug Roth,Tennessee
Doug Sims,Alabama
Doug West,Pennsylvania
Dragan Bender,Bosnia and Herzegovina
Dragan Tarlac,Serbia
Draymond Green,Michigan
Drazen Petrovic*,Croatia
Drew Barry,California
Drew Gooden,California
Drew Gordon,California
Duane Causwell,New York
Duane Cooper,Michigan
Duane Ferrell,Maryland
Duane Klueh,North Dakota
Duane Washington,Germany
Duck Williams,Alabama
Dudley Bradley,Maryland
Duje Dukan,Croatia
Dwayne Jones,Texas
Dwayne McClain,Massachusetts
Dwayne Morton,Kentucky
Dwayne Polee,California
Dwayne Schintzius,Florida
Dwayne Whitfield,Mississippi
Dwight Anderson,Ohio
Dwight Buycks,Wisconsin
Dwight Davis,Texas
Dwight Howard,Georgia
Dwight Jones,Texas
Dwight Powell,Canada
Dwight Waller,Tennessee
Dwyane Wade,Illinois
Dyron Nix,Mississippi
Earl Barron,Mississippi
Earl Boykins,Ohio
Earl Clark,New Jersey
Earl Cureton,Michigan
Earl Evans,Texas
Earl Jones,West Virginia
Earl Monroe*,Pennsylvania
Earl Tatum,New York
Earl Watson,Kansas
Earl Williams,Pennsylvania
Easy Parham,Texas
Ed Davis,District of Columbia
Ed Gray,California
Ed Horton,Illinois
Ed Macauley*,Missouri
Ed Manning,Mississippi
Ed Nealy,Kansas
Ed O'Bannon,California
Ed Pinckney,New York
Ed Rains,Florida
Ed Ratleff,Ohio
Ed Sadowski,Pennsylvania
Ed Searcy,New York
Ed Sherod,Virginia
Ed Smith,Ohio
Ed Stokes,New York
Eddie Basden,New York
Eddie Gill,Colorado
Eddie Griffin,Pennsylvania
Eddie House,California
Eddie Hughes,Mississippi
Eddie Johnson,Georgia
Eddie Jones,Alabama
Eddie Jordan,District of Columbia
Eddie Mast,Pennsylvania
Eddie Miles,Arkansas
Eddie Phillips,Alabama
Eddie Robinson,Michigan
Eddy Curry,Illinois
Edgar Jones,Alabama
Edmund Lawrence,Louisiana
Eduardo Najera,Mexico
Edwin Ubiles,New York
Efthimi Rentzias,Greece
Ekpe Udoh,Oklahoma
Elden Campbell,California
Eldridge Recasner,Louisiana
Elfrid Payton,Louisiana
Elgin Baylor*,District of Columbia
Elias Harris,Germany
Elijah Millsap,Louisiana
Elliot Perry,Tennessee
Elliot Williams,Tennessee
Elmer Behnke,Illinois
Elmer Bennett,Illinois
Elmer Gainer,Illinois
Elmore Smith,Georgia
Elmore Spencer,Georgia
Elston Turner,Tennessee
Elton Brand,New York
Elvin Hayes*,Louisiana
Em Bryant,Illinois
Emanual Davis,Pennsylvania
Emeka Okafor,Texas
Emmanuel Mudiay,Democratic Republic of the Congo
Enes Kanter,Switzerland
Ennis Whatley,Alabama
Eric Anderson,Illinois
Eric Bledsoe,Alabama
Eric Dawson,Texas
Eric Fernsten,California
Eric Gordon,Indiana
Eric Johnson,New York
Eric Leckner,California
Eric Maynor,North Carolina
Eric McWilliams,Colorado
Eric Mobley,New York
Eric Money,Michigan
Eric Montross,Indiana
Eric Moreland,Texas
Eric Murdock,New Jersey
Eric Piatkowski,Ohio
Eric Riley,Ohio
Eric Snow,Ohio
Eric Washington,Mississippi
Eric White,California
Eric Williams,New Jersey
Erick Barkley,New York
Erick Dampier,Mississippi
Erick Green,California
Erick Strickland,Alabama
Erik Daniels,Ohio
Erik Murphy,France
Ernest Brown,New York
Ernie Barrett,Kansas
Ernie Beck,Pennsylvania
Ernie DiGregorio,Rhode Island
Ernie Grunfeld,Romania
Ernie Vandeweghe,Canada
Ersan Ilyasova,Turkey
Ervin Johnson,New York
Essie Hollis,Pennsylvania
Esteban Batista,Uruguay
Etan Thomas,New York
Etdrick Bohannon,California
Eugene Jeter,California
Evan Eschmeyer,Ohio
Evan Fournier,France
Evan Turner,Illinois
Everette Stephens,Illinois
Evers Burns,Maryland
Evric Gray,California
Fab Melo,Brazil
Fabricio Oberto,Argentina
Fat Lever,Arkansas
Fatty Taylor,District of Columbia
Felipe Lopez,Dominican Republic
Felton Spencer,Kentucky
Fennis Dembo,Alabama
Fernando Martin,Spain
Festus Ezeli,Nigeria
Floyd Volker,Wyoming
Flynn Robinson,Illinois
Foots Walker,New York
Forrest McKenzie,New Jersey
Fran Curran,Illinois
Francisco Elson,Netherlands
Francisco Garcia,Dominican Republic
Frank Brickowski,New York
Frank Johnson,Florida
Frank Kaminsky,Illinois
Frank Kendrick,Indiana
Frank Kornet,Kentucky
Frank Oleynick,Connecticut
Frank Ramsey*,Kentucky
Frank Schade,Wisconsin
Frank Selvy,Kentucky
Frank Williams,California
Frankie Brian,Louisiana
Frankie King,Georgia
Frankie Sanders,Ohio
Franklin Edwards,New York
Fred Brown,Wisconsin
Fred Carter,Pennsylvania
Fred Cofield,Michigan
Fred Foster,Ohio
Fred Hetzel,District of Columbia
Fred Hoiberg,Nebraska
Fred Jones,Arkansas
Fred Roberts,Utah
Fred Saunders,Ohio
Fred Schaus,Ohio
Fred Scolari,California
Fred Taylor,Texas
Fred VanVleet,Illinois
Fred Vinson,North Carolina
Freddie Boyd,California
Freddie Crawford,New York
Freddie Lewis,New York
Freeman Williams,California
Furkan Aldemir,Turkey
Gabe Pruitt,California
Gail Goodrich*,California
Gal Mekel,Israel
Gani Lawal,Georgia
Gar Heard,Georgia
Garfield Smith,Kentucky
Garret Siler,Georgia
Garrett Temple,Louisiana
Garry Witts,New Jersey
Garth Joseph,Dominica
Gary Alexander,Florida
Gary Bergen,Missouri
Gary Bradds,Ohio
Gary Brokaw,New Jersey
Gary Forbes,Panama
Gary Garland,New Jersey
Gary Grant,Ohio
Gary Gregor,West Virginia
Gary Harris,Indiana
Gary Leonard,Illinois
Gary Melchionni,New Jersey
Gary Neal,Maryland
Gary Payton,California
Gary Payton*,California
Gary Phillips,Illinois
Gary Plummer,Michigan
Gary Trent,Ohio
Gaylon Nickerson,Arkansas
Geert Hammink,Netherlands
Gene Banks,Pennsylvania
Gene Conley,Oklahoma
Gene Englund,Wisconsin
Gene Guarilia,Pennsylvania
Gene James,Ohio
Gene Ollrich,Indiana
Gene Short,Mississippi
Gene Shue,Maryland
Geno Carlisle,Michigan
Geoff Crompton,North Carolina
Geoff Huston,New York
Geoff Petrie,Pennsylvania
George Blaney,New Jersey
George Carter,New York
George Dempsey,Pennsylvania
George Gervin*,Michigan
George Hill,Indiana
George Johnson,Texas
George Kaftan,New York
George Karl,Pennsylvania
George King,West Virginia
George Lehmann,New Jersey
George Lynch,Virginia
George McCloud,Florida
George McGinnis,Indiana
George Mikan*,Illinois
George Nostrand,New York
George Ratkovicz,Illinois
George Senesky,Pennsylvania
George Thompson,New York
George Trapp,Michigan
George Wilson,Mississippi
George Yardley*,California
George Zidek,Czech Republic
Georges Niang,Massachusetts
Georgi Glouchkov,Bulgaria
Georgios Papagiannis,Greece
Gerald Fitch,Georgia
Gerald Glass,Mississippi
Gerald Green,Texas
Gerald Henderson,Virginia
Gerald Madkins,California
Gerald Paddio,Louisiana
Gerald Wallace,Alabama
Gerald Wilkins,Georgia
Gerard King,West Virginia
Gerry Calabrese,New Jersey
Gheorghe Muresan,Romania
Giannis Antetokounmpo,Greece
Gilbert Arenas,California
Glen Davis,Louisiana
Glen Gondrezick,Colorado
Glen Rice,Arkansas
Glenn Hagan,Florida
Glenn Hansen,North Dakota
Glenn McDonald,Illinois
Glenn Mosley,New Jersey
Glenn Robinson,Indiana
God Shammgod,New York
Goo Kennedy,North Carolina
Goran Dragic,Slovenia
Gordan Giricek,Croatia
Gordon Hayward,Indiana
Gorgui Dieng,Senegal
Grady O'Malley,Massachusetts
Grant Gondrezick,Colorado
Grant Hill,Texas
Grant Jerrett,California
Grant Long,Michigan
Granville Waiters,Ohio
Greg Anderson,Texas
Greg Anthony,Nevada
Greg Ballard,California
Greg Buckner,Kentucky
Greg Bunch,California
Greg Butler,California
Greg Deane,California
Greg Dreiling,Kansas
Greg Fillmore,Pennsylvania
Greg Foster,California
Greg Graham,Indiana
Greg Grant,New Jersey
Greg Griffin,Ohio
Greg Howard,Pennsylvania
Greg Jackson,New York
Greg Kelser,Florida
Greg Kite,Texas
Greg Lee,California
Greg Minor,Georgia
Greg Monroe,Louisiana
Greg Oden,New York
Greg Ostertag,Texas
Greg Smith,Kentucky
Greg Stiemsma,Wisconsin
Greg Stokes,Connecticut
Greg Sutton,California
Greivis Vasquez,Venezuela
Guillermo Diaz,Puerto Rico
Gundars Vetra,Latvia
Gus Bailey,North Carolina
Gus Gerard,Pennsylvania
Gus Johnson*,Ohio
Gus Williams,New York
Gustavo Ayon,Mexico
Guy Morgan,Virginia
Guy Rodgers*,Pennsylvania
Guy Rucker,Michigan
Guy Sparrow,Michigan
Guy Williams,New York
Ha Seung-Jin,Republic of Korea
Hakeem Olajuwon*,Nigeria
Hakim Warrick,Pennsylvania
Hal Greer*,West Virginia
Hal Lear,Pennsylvania
Hamady N'Diaye,Senegal
Hamed Haddadi,Islamic Republic of Iran
Hank Finkel,New Jersey
Hank McDowell,Tennessee
Hanno Mottola,Finland
Happy Hairston,North Carolina
Harold Ellis,Georgia
Harold Jamison,South Carolina
Harold Keeling,Louisiana
Harold Miner,California
Harold Pressley,New York
Harry Boykoff,New York
Harry Davis,Ohio
Harry Donovan,New Jersey
Harry Gallatin*,Illinois
Harthorne Wingo,North Carolina
Harvey Catchings,Mississippi
Harvey Grant,Georgia
Hasheem Thabeet,United Republic of Tanzania
Hassan Adams,California
Hassan Whiteside,North Carolina
Hawkeye Whitney,New York
Haywoode Workman,North Carolina
Hedo Turkoglu,Turkey
Henry Akin,Michigan
Henry Bibby,North Carolina
Henry Dickerson,West Virginia
Henry Ellenson,Wisconsin
Henry James,Alabama
Henry Sims,Maryland
Henry Ward,Mississippi
Herb Williams,Ohio
Herm Gilliam,North Carolina
Herm Hedderick,Pennsylvania
Herm Schaefer,Indiana
Hersey Hawkins,Illinois
Hilton Armstrong,New York
Hiram Fuller,Missouri
Hollis Copeland,New Jersey
Hollis Thompson,California
Hook Dillon,Georgia
Horace Grant,Georgia
Horace Jenkins,New Jersey
Horace Walker,Pennsylvania
Horacio Llamas,Mexico
Howard Carter,Louisiana
Howard Eisley,Michigan
Howard Komives,Ohio
Howard Nathan,Illinois
Howard Porter,Florida
Howard Wood,New York
Howard Wright,Kentucky
Howie Carl,Illinois
Howie Schultz,Minnesota
Howie Shannon,Kansas
Hub Reed,Oklahoma
Hubert Davis,North Carolina
Hutch Jones,New York
Ian Clark,Tennessee
Ian Lockhart,Bahamas
Ian Mahinmi,France
Ibo Kutluay,Turkey
Igor Rakocevic,Serbia
Ike Borsavage,Pennsylvania
Ike Diogu,New York
Iman Shumpert,Illinois
Ime Udoka,Oregon
Ira Bowman,New Jersey
Ira Newble,Michigan
Ira Terrell,Texas
Irv Kiffin,New York
Irving Thomas,New York
Isaac Austin,California
Isaac Fontaine,California
Isaac Walthour,New York
Isaiah Canaan,Mississippi
Isaiah Morris,Virginia
Isaiah Rider,California
Isaiah Taylor,California
Isaiah Thomas,Illinois
Isaiah Whitehead,New York
Isaiah Wilson,Pennsylvania
Ish Smith,North Carolina
Isiah Thomas*,Illinois
Ivan Johnson,Texas
Ivan McFarlin,Texas
Ivano Newbill,Missouri
Ivica Zubac,Bosnia and Herzegovina
Jabari Brown,California
Jabari Parker,Illinois
Jabari Smith,Georgia
Jack Coleman,Kentucky
Jack Cooley,Illinois
Jack Cotton,Montana
Jack Foley,Massachusetts
Jack George,Pennsylvania
Jack Givens,Kentucky
Jack Haley,California
Jack Marin,Pennsylvania
Jack McCloskey,Pennsylvania
Jack Molinas,New York
Jack Parkinson,Indiana
Jack Parr,Kentucky
Jack Phelan,Illinois
Jack Sikma,Illinois
Jack Smiley,Illinois
Jack Toomay,California
Jack Turner,Indiana
Jack Twyman*,Pennsylvania
Jackie Butler,Mississippi
Jackie Moore,Pennsylvania
Jackie Moreland,Louisiana
Jackie Ridgle,Arkansas
Jackie Robinson,California
Jackson Vroman,California
Jacky Dorsey,Georgia
Jacque Vaughn,California
Jae Crowder,Georgia
Jahidi White,Missouri
Jahlil Okafor,Illinois
JaJuan Johnson,Wyoming
JaKarr Sampson,California
Jake Bornheimer,New Jersey
Jake Layman,Massachusetts
Jake Tsakalidis,Georgia
Jake Voskuhl,Oklahoma
Jakob Poeltl,Austria
Jalen Rose,Michigan
Jamaal Franklin,California
Jamaal Magloire,Canada
Jamaal Tinsley,New York
Jamaal Wilkes*,California
Jamal Crawford,Washington
Jamal Mashburn,New York
Jamal Murray,Canada
Jamal Robinson,California
Jamal Sampson,California
Jamario Moon,Alabama
Jameer Nelson,Pennsylvania
Jamel Thomas,New York
James Anderson,Arkansas
James Augustine,Illinois
James Bailey,Georgia
James Blackwell,New York
James Collins,Florida
James Cotton,Montana
James Donaldson,United Kingdom
James Edwards,Washington
James Ennis,California
James Harden,California
James Hardy,Alabama
James Johnson,Wyoming
James Lang,Alabama
James Nunnally,California
James Phelan,Illinois
James Posey,Ohio
James Ray,Louisiana
James Robinson,California
James Scott,New Jersey
James Silas,Louisiana
James Singleton,Illinois
James Southerland,New York
James Thomas,New York
James White,Missouri
James Wilkes,California
James Worthy*,North Carolina
James Young,Michigan
JamesOn Curry,North Carolina
Jamie Feick,Ohio
Jamie Waller,Virginia
Jamie Watson,North Carolina
Jamison Brewer,Georgia
JaMychal Green,Alabama
Jan Vesely,Czech Republic
Jannero Pargo,Illinois
Jared Cunningham,California
Jared Dudley,California
Jared Jeffries,Indiana
Jared Reiner,South Dakota
Jared Sullinger,Ohio
Jarell Eddie,Florida
Jarell Martin,Louisiana
Jaren Jackson,Louisiana
Jarnell Stokes,Tennessee
Jarrett Jack,Maryland
Jarrod Uthoff,Iowa
Jarron Collins,Florida
Jarvis Hayes,Georgia
Jarvis Varnado,Virginia
Jason Caffey,Alabama
Jason Collier,Florida
Jason Collins,Florida
Jason Hart,California
Jason Kapono,California
Jason Kidd,California
Jason Lawson,Pennsylvania
Jason Maxiell,Illinois
Jason Miskiri,Guyana
Jason Richardson,Michigan
Jason Sasser,Texas
Jason Smith,Georgia
Jason Terry,Washington
Jason Thompson,New York
Jason Williams,South Carolina
JaVale McGee,Michigan
Javaris Crittenton,Georgia
Jawad Williams,South Carolina
Jawann Oldham,Illinois
Jay Arnette,Texas
Jay Edwards,Washington
Jay Guidinger,Wisconsin
Jay Humphries,California
Jay Miller,Missouri
Jay Murphy,Connecticut
Jay Taylor,Illinois
Jay Vincent,Michigan
Jay Williams,South Carolina
Jaylen Brown,California
Jayson Williams,South Carolina
Jeff Adrien,Massachusetts
Jeff Cook,California
Jeff Cross,Illinois
Jeff Foote,New York
Jeff Foster,Texas
Jeff Grayer,Michigan
Jeff Hornacek,Illinois
Jeff Judkins,Utah
Jeff Lamp,Minnesota
Jeff Lebo,Pennsylvania
Jeff Malone,Alabama
Jeff Martin,Arkansas
Jeff McInnis,North Carolina
Jeff Mullins,New York
Jeff Nordgaard,Minnesota
Jeff Ruland,New York
Jeff Sanders,Georgia
Jeff Taylor,Arkansas
Jeff Teague,Indiana
Jeff Trepagnier,California
Jeff Turner,Maine
Jeff Webster,Arkansas
Jeff Wilkins,Illinois
Jeff Withey,California
Jeffery Taylor,Arkansas
Jeffrey Sheppard,Georgia
Jelani McCoy,California
Jerald Honeycutt,Louisiana
Jerami Grant,Oregon
Jerel McNeal,Illinois
Jeremy Evans,Arkansas
Jeremy Lamb,Virginia
Jeremy Lin,California
Jeremy Pargo,Illinois
Jeremy Richardson,Pennsylvania
Jeremy Tyler,California
Jerian Grant,Oregon
Jermaine Jackson,Michigan
Jermaine O'Neal,South Carolina
Jermaine Taylor,Arkansas
Jermareo Davidson,Georgia
Jerome Allen,Pennsylvania
Jerome Anderson,West Virginia
Jerome Beasley,California
Jerome Dyson,Maryland
Jerome Harmon,Indiana
Jerome Henderson,California
Jerome James,Florida
Jerome Jordan,Jamaica
Jerome Kersey,Virginia
Jerome Lane,Ohio
Jerome Moiso,France
Jerome Whitehead,Illinois
Jerome Williams,District of Columbia
Jerrelle Benimon,Virginia
Jerrod Mustaf,North Carolina
Jerry Baskerville,Pennsylvania
Jerry Bird,Kentucky
Jerry Chambers,District of Columbia
Jerry Eaves,Kentucky
Jerry Fleishman,New York
Jerry Harkness,New York
Jerry Lucas*,Ohio
Jerry Nagel,Illinois
Jerry Reynolds,New York
Jerry Rullo,Pennsylvania
Jerry Sichting,Indiana
Jerry Sloan*,Illinois
Jerry Smith,Wisconsin
Jerry Stackhouse,North Carolina
Jerry West*,West Virginia
Jerryd Bayless,Arizona
Jeryl Sasser,Texas
Jesse Arnelle,New York
Jesse Branson,North Carolina
Jesse Dark,Virginia
Jim Ard,Illinois
Jim Baechtold,Pennsylvania
Jim Barnes,Arkansas
Jim Barnett,Arkansas
Jim Bostic,New York
Jim Brasco,New York
Jim Brewer,Illinois
Jim Brogan,Pennsylvania
Jim Browne,Illinois
Jim Caldwell,North Carolina
Jim Chones,Wisconsin
Jim Cleamons,North Carolina
Jim Creighton,Montana
Jim Davis,Indiana
Jim Eakins,California
Jim Farmer,Alabama
Jim Fox,Georgia
Jim Grandholm,Indiana
Jim Jackson,Ohio
Jim Johnstone,Connecticut
Jim King,Oklahoma
Jim Krebs,Missouri
Jim Lampley,Pennsylvania
Jim Les,Illinois
Jim Loscutoff,California
Jim McDaniels,Kentucky
Jim McElroy,Arkansas
Jim McIlvaine,Wisconsin
Jim McMillian,North Carolina
Jim Nolan,Georgia
Jim Owens,California
Jim Palmer,Virginia
Jim Paxson,Indiana
Jim Petersen,Minnesota
Jim Pollard*,California
Jim Price,Kentucky
Jim Rowinski,New York
Jim Seminoff,California
Jim Smith,Ohio
Jim Spanarkel,New Jersey
Jim Thomas,Florida
Jim Tucker,Kentucky
Jim Walsh,California
Jim Ware,Mississippi
Jim Washington,Pennsylvania
Jim Zoet,Canada
Jimmer Fredette,New York
Jimmy Butler,Texas
Jimmy Carruth,Texas
Jimmy Darrow,Ohio
Jimmy Jones,Louisiana
Jimmy King,Oklahoma
Jimmy Oliver,Arkansas
Jimmy Walker,Virginia
Jiri Welsch,Czech Republic
Joakim Noah,New York
Joao Vianna,Brazil
Jodie Meeks,Georgia
Joe Alexander,Taiwan
Joe Arlauckas,New York
Joe Barry,California
Joe Binion,New York
Joe Bradley,Oklahoma
Joe Bryant,Pennsylvania
Joe Caldwell,Texas
Joe Cooper,Texas
Joe Courtney,Mississippi
Joe Crawford,Michigan
Joe Crispin,New Jersey
Joe Dumars*,Louisiana
Joe Fulks*,Kentucky
Joe Harris,Washington
Joe Hassett,Rhode Island
Joe Ingles,Australia
Joe Johnson,Mississippi
Joe Kleine,Colorado
Joe Kopicki,Michigan
Joe Meriweather,Alabama
Joe Mullaney,New York
Joe Pace,New Jersey
Joe Ruklick,Illinois
Joe Smith,Mississippi
Joe Stephens,California
Joe Strawder,Florida
Joe Thomas,Georgia
Joe Wolf,Wisconsin
Joe Young,Texas
Joel Anthony,Canada
Joel Bolomboy,Ukraine
Joel Embiid,Cameroon
Joel Freeland,United Kingdom
Joel Kramer,California
Joel Przybilla,Minnesota
Joey Dorsey,Maryland
Joey Graham,Delaware
Joffrey Lauvergne,France
Johan Petro,France
John Amaechi,Massachusetts
John Bagley,Connecticut
John Barnhill,Kentucky
John Battle,District of Columbia
John Block,California
John Brisker,Michigan
John Brown,Germany
John Celestand,Texas
John Coker,Washington
John Coughran,California
John Crotty,New Jersey
John Douglas,Alabama
John Drew,Alabama
John Duren,District of Columbia
John Edwards,Ohio
John Fairchild,California
John Garris,Connecticut
John Gianelli,California
John Greig,California
John Hargis,Texas
John Havlicek*,Ohio
John Henson,North Carolina
John Hummer,District of Columbia
John Jenkins,Tennessee
John Johnson,Mississippi
John Kuester,Virginia
John Lambert,California
John Laskowski,Indiana
John Logan,Indiana
John Long,Michigan
John Lucas,North Carolina
John Mahnken,New Jersey
John Mandic,California
John McConathy,Louisiana
John McCullough,Ohio
John Mengelt,Wisconsin
John Morton,New York
John Oldham,Kentucky
John Olive,Pennsylvania
John Paxson,Ohio
John Pilch,Wyoming
John Pinone,Connecticut
John Roche,New York
John Rudd,Louisiana
John Rudometkin,California
John Salley,New York
John Salmons,Pennsylvania
John Schweitz,New York
John Shasky,Michigan
John Shumate,South Carolina
John Starks,Oklahoma
John Stockton*,Washington
John Stroeder,Washington
John Stroud,Mississippi
John Thomas,Georgia
John Thompson*,District of Columbia
John Trapp,Michigan
John Tschogl,California
John Turner,District of Columbia
John Wall,North Carolina
John Wallace,New York
John Warren,Georgia
John Wetzel,Virginia
John Williams,Connecticut
John Williamson,Connecticut
Johnny Austin,District of Columbia
Johnny Baum,Pennsylvania
Johnny Cox,Kentucky
Johnny Davis,Michigan
Johnny Dawkins,District of Columbia
Johnny Egan,Connecticut
Johnny Ezersky,New York
Johnny Green,Ohio
Johnny High,Alabama
Johnny Jones,District of Columbia
Johnny Moore,Pennsylvania
Johnny Neumann,Tennessee
Johnny Newman,Virginia
Johnny Norlander,Minnesota
Johnny O'Bryant,Mississippi
Johnny Orr,Kansas
Johnny Rogers,California
Johnny Taylor,Tennessee
Jon Barry,California
Jon Brockman,Washington
Jon Koncak,Iowa
Jon Leuer,Minnesota
Jon McGlocklin,Indiana
Jon Sundvold,South Dakota
Jonas Jerebko,Sweden
Jonas Valanciunas,Lithuania
Jonathan Bender,Mississippi
Jonathan Gibson,California
Jonathan Kerner,Georgia
Jonathon Simmons,Alabama
Jonny Flynn,New York
Jordan Adams,Georgia
Jordan Clarkson,Florida
Jordan Crawford,Michigan
Jordan Farmar,California
Jordan Hamilton,Kentucky
Jordan Hill,Georgia
Jordan McRae,Georgia
Jordan Mickey,Texas
Jordan Williams,Connecticut
Jorge Garbajosa,Spain
Jorge Gutierrez,Mexico
Jose Calderon,Spain
Jose Ortiz,Puerto Rico
Jose Slaughter,California
Joseph Forte,Georgia
Josh Akognon,California
Josh Boone,Maryland
Josh Childress,California
Josh Davis,Michigan
Josh Grant,Utah
Josh Harrellson,Missouri
Josh Howard,North Carolina
Josh Huestis,Texas
Josh McRoberts,Indiana
Josh Powell,South Carolina
Josh Richardson,Oklahoma
Josh Selby,Maryland
Josh Smith,Mississippi
Jrue Holiday,California
Juan Dixon,Maryland
Juan Hernangomez,Spain
Juaquin Hawkins,California
Jud Buechler,California
Julian Wright,Illinois
Julius Erving*,New York
Julius Hodge,New York
Julius Nwosu,Nigeria
Julius Randle,Texas
Julyan Stone,Virginia
Jumaine Jones,Florida
Junior Bridgeman,Indiana
Junior Burrough,North Carolina
Junior Harrington,North Carolina
Justin Anderson,Virginia
Justin Dentmon,Illinois
Justin Hamilton,California
Justin Harper,Virginia
Justin Holiday,California
Justin Reed,Mississippi
Justin Williams,Illinois
Justise Winslow,Texas
Jusuf Nurkic,Bosnia and Herzegovina
Juwan Howard,Illinois
Kalin Lucas,Michigan
Kaniel Dickens,Colorado
Kannard Johnson,Ohio
Kareem Abdul-Jabbar*,New York
Kareem Rush,Missouri
Karl Malone*,Louisiana
Karl-Anthony Towns,New Jersey
Kasib Powell,New Jersey
Kawhi Leonard,California
Kay Felder,Michigan
Kebu Stewart,New York
Kedrick Brown,Louisiana
Keith Appling,Michigan
Keith Askins,Alabama
Keith Benson,Indiana
Keith Bogans,Virginia
Keith Booth,Maryland
Keith Closs,Connecticut
Keith Edmonson,Mississippi
Keith Erickson,California
Keith Herron,Tennessee
Keith Jennings,Virginia
Keith Langford,Texas
Keith Lee,Arkansas
Keith McCord,Alabama
Keith McLeod,Ohio
Keith Owens,California
Keith Smart,Louisiana
Keith Smith,New York
Keith Starr,Pennsylvania
Keith Tower,Montana
Kelenna Azubuike,United Kingdom
Kelly McCarty,Illinois
Kelly Olynyk,Canada
Kelly Oubre,Louisiana
Kelly Tripucka,New Jersey
Kelvin Cato,Georgia
Kelvin Ransey,Ohio
Kelvin Upshaw,Illinois
Kemba Walker,Georgia
Ken Austin,California
Ken Bannister,Maryland
Ken Boyd,Maryland
Ken Durrett,Pennsylvania
Ken Green,Georgia
Ken Johnson,Alabama
Ken Mayfield,Illinois
Ken Norman,Illinois
Ken Wilburn,Michigan
Kendall Gill,Illinois
Kendall Marshall,Virginia
Kendrick Perkins,Texas
Kennard Winchester,Maryland
Kenneth Faried,New Jersey
Kenny Anderson,New York
Kenny Battle,Illinois
Kenny Carr,District of Columbia
Kenny Dennard,North Carolina
Kenny Fields,Iowa
Kenny Gattison,North Carolina
Kenny Green,Georgia
Kenny Higgs,Kentucky
Kenny McIntosh,Michigan
Kenny Natt,Louisiana
Kenny Payne,Mississippi
Kenny Rollins,Missouri
Kenny Sailors,Nebraska
Kenny Satterfield,New York
Kenny Sears,California
Kenny Smith,New York
Kenny Thomas,Georgia
Kenny Walker,Georgia
Kenny Williams,New York
Kent Bazemore,North Carolina
Kent Benson,Indiana
Kentavious Caldwell-Pope,Georgia
Kenton Edelin,Germany
Kenyon Martin,Michigan
Keon Clark,Illinois
Kermit Washington,District of Columbia
Kerry Kittles,Ohio
Kevin Brooks,South Carolina
Kevin Burleson,Washington
Kevin Duckworth,Illinois
Kevin Durant,District of Columbia
Kevin Edwards,Ohio
Kevin Gamble,Illinois
Kevin Garnett,South Carolina
Kevin Grevey,Ohio
Kevin Henderson,Maryland
Kevin Johnson,Alabama
Kevin Jones,New York
Kevin Kunnert,Iowa
Kevin Loder,Michigan
Kevin Loughery,New York
Kevin Love,California
Kevin Lynch,Minnesota
Kevin Martin,Michigan
Kevin McHale*,Minnesota
Kevin McKenna,Minnesota
Kevin Murphy,Georgia
Kevin Ollie,Texas
Kevin O'Shea,California
Kevin Porter,Illinois
Kevin Pritchard,Indiana
Kevin Restani,California
Kevin Salvadori,West Virginia
Kevin Seraphin,French Guiana
Kevin Stacom,New York
Kevin Thompson,North Carolina
Kevin Williams,New York
Kevin Willis,New York
Kevinn Pinkney,California
Kevon Looney,Wisconsin
Keyon Dooling,Florida
Khalid El-Amin,Minnesota
Khalid Reeves,New York
Khris Middleton,South Carolina
Kiki Vandeweghe,Germany
Kim Anderson,Missouri
Kim English,Maryland
Kim Hughes,Illinois
Kirk Haston,Tennessee
Kirk Hinrich,Iowa
Kirk Penney,New Zealand
Kirk Snyder,California
Kiwane Garris,Illinois
Klay Thompson,California
Kleggie Hermsen,Minnesota
Kobe Bryant,Pennsylvania
Korleone Young,Kansas
Kosta Koufos,Ohio
Kosta Perovic,Croatia
Kostas Papanikolaou,Greece
Kris Dunn,Connecticut
Kris Humphries,Minnesota
Kris Joseph,Canada
Kristaps Porzingis,Latvia
Kurk Lee,Maryland
Kurt Nimphius,Wisconsin
Kurt Rambis,California
Kurt Thomas,Texas
Kwame Brown,South Carolina
Kyle Anderson,New York
Kyle Korver,California
Kyle Lowry,Pennsylvania
Kyle Macy,Indiana
Kyle O'Quinn,New York
Kyle Singler,Oregon
Kyle Weaver,Wisconsin
Kyle Wiltjer,Oregon
Kyrie Irving,Australia
Kyrylo Fesenko,Ukraine
LaBradford Smith,Mississippi
Lamar Green,Alabama
Lamar Odom,New York
Lamar Patterson,Pennsylvania
LaMarcus Aldridge,Texas
LaMark Baker,Ohio
Lamond Murray,California
Lamont Strothers,Virginia
Lanard Copeland,Georgia
Lancaster Gordon,Mississippi
Lance Allred,Utah
Lance Blanks,Texas
Lance Stephenson,New York
Lance Thomas,New York
Landry Fields,California
Langston Galloway,Louisiana
LaPhonso Ellis,Illinois
Lari Ketner,Pennsylvania
Laron Profit,South Carolina
Larry Bird*,Indiana
Larry Cannon,Pennsylvania
Larry Costello,New York
Larry Demic,Indiana
Larry Drew,Kansas
Larry Fogle,New York
Larry Foust,Ohio
Larry Friend,Illinois
Larry Hughes,Missouri
Larry Johnson,Kentucky
Larry Jones,Ohio
Larry Kenon,Alabama
Larry Krystkowiak,Montana
Larry McNeill,North Carolina
Larry Micheaux,Texas
Larry Moffett,Alabama
Larry Nance,South Carolina
Larry Owens,Arizona
Larry Robinson,Louisiana
Larry Sanders,Florida
Larry Siegfried,Ohio
Larry Smith,Mississippi
Larry Spriggs,Maryland
Larry Steele,Indiana
Larry Stewart,Pennsylvania
Larry Sykes,Ohio
Larry Wright,Louisiana
Lars Hansen,Denmark
LaRue Martin,Illinois
LaSalle Thompson,Ohio
Latrell Sprewell,Wisconsin
Lavor Postell,Georgia
Lavoy Allen,Pennsylvania
Lawrence Boston,Ohio
Lawrence Funderburke,Ohio
Lawrence Moten,District of Columbia
Lawrence Roberts,Texas
Lazar Hayward,New York
Lazaro Borrell,Cuba
Leandro Barbosa,Brazil
LeBron James,Ohio
Ledell Eackles,Louisiana
Lee Johnson,Arkansas
Lee Knorek,Poland
Lee Mayberry,Oklahoma
Lee Nailon,Indiana
Lee Shaffer,Illinois
Lee Winfield,Missouri
Len Chappell,Pennsylvania
Len Elmore,New York
Len Kosmalski,Ohio
Lennie Rosenbluth,New York
Lenny Wilkens*,New York
Leo Klier,Indiana
Leo Rautins,Canada
Leon Benbow,South Carolina
Leon Douglas,Alabama
Leon Powe,California
Leon Smith,Illinois
Leon Wood,South Carolina
Leonard Gray,Kansas
Leonard Taylor,California
LeRon Ellis,New York
Leroy Chollet,Louisiana
Leroy Combs,Oklahoma
Leroy Ellis,New York
Les Hunter,Tennessee
Les Jepsen,North Dakota
Lester Conner,Tennessee
Lester Hudson,Tennessee
Lew Hitch,Illinois
Lewis Lloyd,Pennsylvania
Linas Kleiza,Lithuania
Lindsay Hairston,Michigan
Lindsey Hunter,Mississippi
Linton Johnson,Illinois
Linton Townes,Virginia
Lionel Chalmers,New York
Lionel Hollins,Kansas
Lionel Simmons,Pennsylvania
Litterial Green,Mississippi
Lloyd Daniels,New York
Lloyd Neal,Georgia
Lloyd Walton,Illinois
Logan Vander,Wisconsin
Lonnie Shelton,California
Lonny Baxter,Maryland
Loren Meyer,Iowa
Loren Woods,Missouri
Lorenzen Wright,New Jersey
Lorenzo Brown,Georgia
Lorenzo Charles,New York
Lorenzo Romar,California
Lorenzo Williams,Florida
Lou Amundson,California
Lou Hudson,North Carolina
Lou Roe,New Jersey
Lou Tsioropoulos,Massachusetts
Lou Williams,Florida
Louie Dampier*,Indiana
Louie Nelson,California
Louis Orr,Ohio
Lowes Moore,South Carolina
Loy Vaught,Michigan
Luc Longley,Australia
Lucas Nogueira,Brazil
Lucious Harris,California
Lucius Allen,Kansas
Luigi Datome,Italy
Luis Flores,Dominican Republic
Luis Montero,Dominican Republic
Luis Scola,Argentina
Luke Babbitt,Ohio
Luke Harangody,Illinois
Luke Jackson,Texas
Luke Ridnour,Idaho
Luke Schenscher,Australia
Luke Walton,California
Luke Witte,Pennsylvania
Luke Zeller,Iowa
Luol Deng,South Sudan
Luther Green,New York
Luther Head,Illinois
Luther Rackley,Georgia
Luther Wright,New Jersey
Lynn Greer,Pennsylvania
Maalik Wayns,Pennsylvania
Mac Otten,Ohio
Maceo Baston,Texas
Maciej Lampe,Poland
Mack Calvin,Texas
Magic Johnson*,Louisiana
Mahmoud Abdul-Rauf,Delaware
Major Jones,Arkansas
Makhtar N'Diaye,Senegal
Malachi Richardson,New Jersey
Malcolm Brogdon,Georgia
Malcolm Delaney,Maryland
Malcolm Lee,California
Malcolm Mackey,Tennessee
Malcolm Thomas,Missouri
Malik Allen,New Jersey
Malik Beasley,Georgia
Malik Hairston,Michigan
Malik Rose,Pennsylvania
Malik Sealy,New York
Mamadou N'Diaye,Senegal
Manny Harris,Michigan
Manny Leaks,Ohio
Manu Ginobili,Argentina
Manute Bol,South Sudan
Marc Gasol,Spain
Marc Iavaroni,New York
Marc Jackson,New York
Marcelo Huertas,Brazil
Marcin Gortat,Poland
Marco Belinelli,Italy
Marcus Banks,Nevada
Marcus Brown,Arkansas
Marcus Camby,Connecticut
Marcus Cousin,Maryland
Marcus Fizer,Michigan
Marcus Georges-Hunt,Florida
Marcus Haislip,Tennessee
Marcus Landry,Wisconsin
Marcus Liberty,Illinois
Marcus Smart,Texas
Marcus Thornton,Louisiana
Marcus Webb,Alabama
Marcus Williams,Mississippi
Mardy Collins,Pennsylvania
Mario Bennett,Texas
Mario Chalmers,Alaska
Mario Elie,New York
Mario Hezonja,Croatia
Mario Kasun,Croatia
Mario West,Virginia
Mark Acres,California
Mark Aguirre,Illinois
Mark Alarie,Arizona
Mark Blount,New York
Mark Bradtke,Australia
Mark Bryant,New Jersey
Mark Crow,California
Mark Davis,Virginia
Mark Eaton,California
Mark Hendrickson,Washington
Mark Jackson,New York
Mark Jones,Arkansas
Mark Landsberger,North Dakota
Mark Macon,Michigan
Mark Madsen,California
Mark McNamara,California
Mark Olberding,Minnesota
Mark Pope,Nebraska
Mark Price,Oklahoma
Mark Radford,Washington
Mark Randall,Minnesota
Mark Strickland,Georgia
Mark Wade,California
Mark West,Virginia
Mark Workman,West Virginia
Markel Brown,Arkansas
Marko Jaric,Serbia
Marko Milic,Slovenia
Marlon Garnett,California
Marlon Maxey,Illinois
Marlon Redmond,California
Marques Bragg,New Jersey
Marques Johnson,Louisiana
Marquese Chriss,California
Marquis Daniels,Florida
Marquis Teague,Indiana
Marreese Speights,Florida
Marshall Hawkins,West Virginia
Marshall Plumlee,Indiana
Marshall Rogers,Missouri
MarShon Brooks,New Jersey
Martell Webster,Maryland
Martin Lewis,Kansas
Martin Muursepp,Estonia
Martin Nessley,Ohio
Marty Byrnes,New York
Marty Conlon,New York
Martynas Andriuskevicius,Lithuania
Marv Roberts,New York
Marvin Barnes,Rhode Island
Marvin Webster,Maryland
Marvin Williams,Mississippi
Mason Plumlee,Indiana
Mateen Cleaves,Michigan
Matt Barnes,Rhode Island
Matt Bonner,New Hampshire
Matt Bullard,Iowa
Matt Carroll,Pennsylvania
Matt Fish,Iowa
Matt Freije,Kansas
Matt Geiger,Massachusetts
Matt Harpring,Ohio
Matt Maloney,Maryland
Matt Mazza,New York
Matt Othick,New Mexico
Matt Steigenga,Michigan
Matt Walsh,Pennsylvania
Matt Wenstrom,Minnesota
Matthew Dellavedova,Australia
Maurice Ager,Michigan
Maurice Baker,Illinois
Maurice Carter,Mississippi
Maurice Cheeks,Illinois
Maurice Evans,Kansas
Maurice Harkless,New York
Maurice Lucas,Pennsylvania
Maurice Martin,New York
Maurice Ndour,Senegal
Maurice Stokes*,Pennsylvania
Maurice Taylor,Michigan
Max Zaslofsky,New York
McCoy McLemore,Texas
McKinley Singleton,Tennessee
Med Park,South Dakota
Mehmet Okur,Turkey
Mel Bennett,Pennsylvania
Mel Counts,Oregon
Mel Daniels*,Michigan
Mel Davis,New York
Mel Gibson,North Carolina
Mel Hutchins,California
Mel McCants,Illinois
Mel Peterson,Minnesota
Melvin Booker,Mississippi
Melvin Ely,Illinois
Melvin Newbern,Ohio
Melvin Sanders,Kansas
Melvin Turpin,Kentucky
Mengke Bateer,China
Meyers Leonard,Virginia
Michael Adams,Connecticut
Michael Anderson,Pennsylvania
Michael Ansley,Alabama
Michael Beasley,Maryland
Michael Bradley,Massachusetts
Michael Brooks,Pennsylvania
Michael Cage,Arkansas
Michael Carter-Williams,Massachusetts
Michael Cooper,California
Michael Curry,Alabama
Michael Dickerson,South Carolina
Michael Doleac,Texas
Michael Finley,Illinois
Michael Gbinije,Connecticut
Michael Hawkins,Ohio
Michael Jackson,District of Columbia
Michael Jordan*,New York
Michael Kidd-Gilchrist,Pennsylvania
Michael McDonald,Texas
Michael Olowokandi,Nigeria
Michael Phelps,Mississippi
Michael Redd,Ohio
Michael Ruffin,Colorado
Michael Smith,New York
Michael Stewart,France
Michael Wiley,California
Michael Wilson,Tennessee
Michael Young,Texas
Micheal Williams,Washington
Mickael Gelabale,Guadeloupe
Mickael Pietrus,Guadeloupe
Mickell Gladness,Alabama
Mickey Davis,New York
Mickey Dillard,Florida
Mickey Johnson,Illinois
Mike Bantom,Pennsylvania
Mike Barr,Ohio
Mike Batiste,California
Mike Bibby,New Jersey
Mike Bratz,California
Mike Brittain,Florida
Mike Brown,New Jersey
Mike Champion,Washington
Mike Conley,Arkansas
Mike D'Antoni,West Virginia
Mike Davis,New York
Mike Dunleavy,New York
Mike Evans,North Carolina
Mike Farmer,Oklahoma
Mike Flynn,Morocco
Mike Gale,Pennsylvania
Mike Gibson,South Carolina
Mike Glenn,Georgia
Mike Gminski,Connecticut
Mike Green,Mississippi
Mike Hall,Illinois
Mike Harper,Illinois
Mike Harris,Texas
Mike Higgins,Nebraska
Mike Holton,Washington
Mike Iuzzolino,Pennsylvania
Mike James,New York
Mike Kearns,New Jersey
Mike Lynn,California
Mike McGee,Texas
Mike Miller,South Dakota
Mike Mitchell,Georgia
Mike Morrison,District of Columbia
Mike Muscala,Minnesota
Mike Newlin,Oregon
Mike Niles,California
Mike Novak,Illinois
Mike O'Koren,New Jersey
Mike Penberthy,California
Mike Peplowski,Michigan
Mike Price,Kentucky
Mike Ratliff,Mississippi
Mike Riordan,New York
Mike Sanders,Louisiana
Mike Scott,Virginia
Mike Silliman,Kentucky
Mike Smith,New York
Mike Smrek,Canada
Mike Sojourner,Pennsylvania
Mike Sweetney,Maryland
Mike Taylor,Illinois
Mike Tobey,New York
Mike Wilks,Wisconsin
Mike Williams,Washington
Mike Woodson,Indiana
Mikki Moore,South Carolina
Mile Ilic,Bosnia and Herzegovina
Miles Plumlee,Indiana
Miles Simon,Sweden
Milos Babic,Serbia
Milt Palacio,California
Milt Wagner,New Jersey
Milt Williams,Washington
Mindaugas Kuzminskas,Lithuania
Miroslav Raduljica,Serbia
Mirsad Turkcan,Serbia
Mirza Teletovic,Bosnia and Herzegovina
Mitch Kupchak,New York
Mitch McGary,Indiana
Mitch Richmond*,Florida
Mitchell Butler,Tennessee
Mitchell Wiggins,North Carolina
Mo Howard,Pennsylvania
Mo Layton,New Jersey
Mo Williams,Virginia
Monk Meineke,Ohio
Monta Ellis,Mississippi
Monte Towe,Indiana
Monti Davis,Ohio
Montrezl Harrell,North Carolina
Monty Williams,Virginia
Moochie Norris,District of Columbia
Mookie Blaylock,Texas
Morlon Wiley,Louisiana
Morris Almond,Georgia
Morris Peterson,Michigan
Moses Malone*,Virginia
Muggsy Bogues,Maryland
Murray Wier,Iowa
Mustafa Shakur,Pennsylvania
Mychal Thompson,Bahamas
Mychel Thompson,Bahamas
Myles Patrick,Georgia
Myles Turner,Texas
Myron Brown,Pennsylvania
Myron Jackson,Arkansas
Nat Clifton*,Arkansas
Nate Blackwell,Pennsylvania
Nate Bowman,Texas
Nate Driggers,Illinois
Nate Hawthorne,Illinois
Nate Huffman,Michigan
Nate Johnston,Alabama
Nate McMillan,North Carolina
Nate Robinson,Washington
Nate Thurmond*,Ohio
Nate Williams,Louisiana
Nate Wolters,Minnesota
Nathan Jawai,Australia
Nazr Mohammed,Illinois
Ndudi Ebi,United Kingdom
Neal Walk,Ohio
Negele Knight,Michigan
Neil Johnson,Ohio
Neil Johnston*,Ohio
Nelson Bobb,Pennsylvania
Nemanja Bjelica,Serbia
Nemanja Nedovic,Serbia
Nenad Krstic,Serbia
Nene Hilario,Brazil
Nerlens Noel,Massachusetts
Nick Anderson,Illinois
Nick Calathes,Florida
Nick Collison,Iowa
Nick Fazekas,Colorado
Nick Johnson,Arizona
Nick Vanos,California
Nick Weatherspoon,Mississippi
Nick Young,California
Nicolas Batum,France
Nicolas Brussino,Argentina
Nicolas Laprovittola,Argentina
Nik Stauskas,Canada
Nikita Wilson,Louisiana
Nikola Jokic,Serbia
Nikola Mirotic,Montenegro
Nikola Pekovic,Montenegro
Nikola Vucevic,Switzerland
Nikoloz Tskitishvili,Georgia
Noah Vonleh,Massachusetts
Noel Felix,California
Nolan Smith,Kentucky
Norm Cook,Illinois
Norm Grekin,Pennsylvania
Norm Nixon,Georgia
Norm Richardson,New York
Norm Stewart,Missouri
Norm Swanson,Illinois
Norman Black,Maryland
Norman Powell,California
Norris Cole,Ohio
Norris Coleman,Florida
Norton Barnhill,North Carolina
Obinna Ekezie,Nigeria
Ognjen Kuzmic,Bosnia and Herzegovina
Okaro White,Florida
Olden Polynice,Haiti
Oleksiy Pecherov,Ukraine
Oliver Lafayette,Louisiana
Oliver Miller,Texas
Oliver Robinson,Alabama
Ollie Johnson,Pennsylvania
Ollie Mack,New York
Olumide Oyedeji,Nigeria
Omar Cook,New York
Omer Asik,Turkey
Omri Casspi,Israel
Orien Greene,Florida
Orlando Graham,Alabama
Orlando Johnson,California
Orlando Woolridge,Louisiana
Oscar Robertson*,Tennessee
Oscar Torres,Venezuela
Othell Wilson,Virginia
Othella Harrington,Mississippi
Othello Hunter,North Carolina
Othyus Jeffers,Illinois
Otis Birdsong,Florida
Otis Howard,Tennessee
Otis Smith,Florida
Otis Thorpe,Florida
Otto Moore,Florida
Otto Porter,Missouri
Owen Wells,Rhode Island
Ozell Jones,California
Pablo Prigioni,Argentina
Pace Mannion,Utah
Pape Sow,Senegal
Pape Sy,France
Pascal Siakam,Cameroon
Pat Burke,Ireland
Pat Connaughton,Massachusetts
Pat Cummings,Pennsylvania
Pat Durham,Texas
Pat Garrity,Nevada
Pat Riley*,New York
Patricio Garino,Argentina
Patrick Beverley,Illinois
Patrick Christopher,California
Patrick Eddie,Wisconsin
Patrick Ewing,Jamaica
Patrick Ewing*,Jamaica
Patrick McCaw,Missouri
Patrick O'Bryant,Iowa
Patrick Patterson,District of Columbia
Patty Mills,Louisiana
Pau Gasol,Spain
Paul Arizin*,Pennsylvania
Paul Davis,Michigan
Paul Dawkins,Michigan
Paul George,California
Paul Graham,Pennsylvania
Paul Grant,Pennsylvania
Paul Griffin,Michigan
Paul Long,Kentucky
Paul McCracken,New York
Paul McPherson,Illinois
Paul Millsap,Louisiana
Paul Mokeski,Washington
Paul Noel,Kentucky
Paul Pierce,California
Paul Pressey,Virginia
Paul Ruffner,California
Paul Seymour,Ohio
Paul Shirley,Kansas
Paul Silas,Arkansas
Paul Thompson,Tennessee
Paul Walther,Kentucky
Paul Westphal,California
Paul Zipser,Germany
Pavel Podkolzin,Russia
Pearl Washington,New York
Peja Stojakovic,Croatia
Pepe Sanchez,Argentina
Pero Antic,FYR Macedonia
Perry Jones,Louisiana
Perry Moss,Arizona
Perry Warbington,Georgia
Perry Young,Maryland
Pervis Ellison,Georgia
Pete Brennan,New York
Pete Chilcutt,South Carolina
Pete Maravich*,Pennsylvania
Pete Myers,Alabama
Pete Verhoeven,California
Pete Williams,California
Peter Aluma,Nigeria
Peter Thibeaux,California
Petur Gudmundsson,Iceland
Peyton Siva,Washington
Phil Bond,Kentucky
Phil Chenier,California
Phil Ford,North Carolina
Phil Hankinson,Georgia
Phil Hicks,Illinois
Phil Hubbard,Ohio
Phil Jackson*,Montana
Phil Jordon,California
Phil Lumpkin,Ohio
Phil Pressey,Texas
Phil Rollins,Kentucky
Phil Sellers,New York
Phil Smith,California
Phil Walker,Pennsylvania
Phil Zevenbergen,Washington
Pickles Kennedy,Pennsylvania
Pierre Jackson,Nevada
Pooh Richardson,Pennsylvania
Popeye Jones,Tennessee
Pops Mensah-Bonsu,United Kingdom
Predrag Drobnjak,Montenegro
Predrag Savovic,Croatia
Price Brookfield,Texas
Priest Lauderdale,Illinois
Primoz Brezec,Slovenia
Purvis Short,Mississippi
Quentin Richardson,Illinois
Quincy Acy,Texas
Quincy Douby,New York
Quincy Lewis,Arkansas
Quincy Miller,Illinois
Quincy Pondexter,California
Quinn Buckner,Illinois
Quinn Cook,District of Columbia
Quintin Dailey,Maryland
Quinton Ross,Texas
Qyntel Woods,Tennessee
Radisav Curcic,Serbia
Raef LaFrentz,Iowa
Rafael Addison,New Jersey
Rafael Araujo,Brazil
Rafer Alston,New York
Raja Bell,U.S. Virgin Islands
Rajon Rondo,Kentucky
Rakeem Christmas,New Jersey
Ralph Beard,Kentucky
Ralph Davis,Kentucky
Ralph Drollinger,California
Ralph Jackson,California
Ralph Lewis,Pennsylvania
Ralph O'Brien,Kentucky
Ralph Sampson*,Virginia
Ralph Simpson,Michigan
Ramon Rivas,Puerto Rico
Ramon Sessions,South Carolina
Randell Jackson,California
Randolph Childress,District of Columbia
Randolph Keys,Mississippi
Randolph Morris,Texas
Randy Allen,Florida
Randy Breuer,Minnesota
Randy Brown,Georgia
Randy Denton,North Carolina
Randy Foye,New Jersey
Randy Holcomb,Illinois
Randy Livingston,Louisiana
Randy Smith,New York
Randy White,Louisiana
Randy Wittman,Indiana
Randy Woods,Pennsylvania
Rashad McCants,North Carolina
Rashad Vaughn,Minnesota
Rashard Lewis,Pennsylvania
Rasheed Wallace,Pennsylvania
Rasho Nesterovic,Slovenia
Rastko Cvetkovic,Serbia
Rasual Butler,Pennsylvania
Ratko Varda,Bosnia and Herzegovina
Raul Lopez,Spain
Raul Neto,Brazil
Rawle Marshall,Guyana
Ray Allen,Florida
Ray Blume,Georgia
Ray Ellefson,South Dakota
Ray Epps,Virginia
Ray Felix,New York
Ray Lumpp,New York
Ray McCallum,Wisconsin
Ray Owes,California
Ray Scott,Pennsylvania
Ray Tolbert,Indiana
Ray Williams,New York
Raymond Brown,Georgia
Raymond Felton,South Carolina
Raymond Townsend,California
Red Holzman*,New York
Red Kerr,Illinois
Red Rocha,Hawaii
Reece Gaines,Wisconsin
Reggie Bullock,Maryland
Reggie Carter,New York
Reggie Evans,Florida
Reggie Geary,New Jersey
Reggie Hanson,North Carolina
Reggie Jackson,Italy
Reggie Johnson,Georgia
Reggie Jordan,Illinois
Reggie King,Alabama
Reggie Lewis,Maryland
Reggie Miller*,California
Reggie Slater,Texas
Reggie Smith,California
Reggie Theus,California
Reggie Williams,Maryland
Renaldo Balkman,New York
Renaldo Major,Illinois
Rex Chapman,Kentucky
Rex Morgan,Illinois
Rex Walters,Nebraska
Rich Jones,Tennessee
Rich Kelley,California
Rich King,Nebraska
Rich Laurel,Pennsylvania
Rich Manning,Washington
Rich Niemann,Missouri
Rich Yonakor,Ohio
Richard Anderson,California
Richard Coffey,North Carolina
Richard Hamilton,Pennsylvania
Richard Jefferson,California
Richard Morton,California
Richard Petruska,Slovakia
Richard Rellford,Florida
Richard Washington,Oregon
Richaun Holmes,Illinois
Richie Frahm,Washington
Richie Guerin*,New York
Richie Niemiera,Illinois
Richie Regan,New Jersey
Rick Adelman,California
Rick Barry*,New Jersey
Rick Brunson,New York
Rick Calloway,Ohio
Rick Carlisle,New York
Rick Fox,Canada
Rick Hughes,Illinois
Rick Mahorn,Connecticut
Rick Roberson,Tennessee
Rick Robey,Florida
Rick Wilson,Kentucky
Rickey Brown,Mississippi
Rickey Green,Illinois
Rickey Williams,New York
Rickie Winslow,Texas
Ricky Berry,Michigan
Ricky Blanton,Florida
Ricky Davis,Nevada
Ricky Grace,Texas
Ricky Ledo,Rhode Island
Ricky Marsh,New York
Ricky Pierce,Texas
Ricky Rubio,Spain
Ricky Sobers,New York
Ricky Wilson,Kentucky
Rik Smits,Netherlands
Rob Kurz,Pennsylvania
Rob Lock,California
Rob Rose,New York
Rob Williams,West Virginia
Robbie Hummel,Indiana
Robert Archibald,United Kingdom
Robert Churchwell,Indiana
Robert Covington,Illinois
Robert Hawkins,Michigan
Robert Hite,Ohio
Robert Horry,Alabama
Robert Pack,Louisiana
Robert Parish*,Louisiana
Robert Reid,Georgia
Robert Sacre,Louisiana
Robert Smith,California
Robert Swift,California
Robert Traylor,Michigan
Robert Werdann,New York
Robert Whaley,Michigan
Robin Jones,Missouri
Robin Lopez,California
Rock Lee,Massachusetts
Rod Derline,Washington
Rod Foster,Alabama
Rod Higgins,Louisiana
Rod Strickland,Florida
Rod Thorn,West Virginia
Rodney Buford,Wisconsin
Rodney Carney,Tennessee
Rodney Hood,Mississippi
Rodney McCray,New York
Rodney McGruder,Maryland
Rodney Monroe,Maryland
Rodney Rogers,North Carolina
Rodney Stuckey,Washington
Rodney White,Alabama
Rodrick Rhodes,New Jersey
Rodrigue Beaubois,Guadeloupe
Roger Brown,New York
Roger Burkman,Indiana
Roger Mason,District of Columbia
Roger Phegley,Illinois
Roger Powell,Illinois
Roger Strickland,Florida
Roko Ukic,Croatia
Rolando Blackman,Panama
Rolando Ferreira,Brazil
Rollie Seltz,Minnesota
Ron Anderson,Illinois
Ron Baker,Kansas
Ron Behagen,New York
Ron Bonham,Indiana
Ron Boone,Oklahoma
Ron Brewer,Arkansas
Ron Carter,Pennsylvania
Ron Cavenall,Texas
Ron Crevier,Canada
Ron Davis,Arizona
Ron Grandison,California
Ron Harper,Ohio
Ron Horn,Indiana
Ron Lee,Massachusetts
Ron Mercer,Tennessee
Ron Moore,New York
Ron Reed,Indiana
Ron Riley,California
Ron Rowan,Pennsylvania
Ron Shavlik,Colorado
Ron Sobie,Illinois
Ron Williams,West Virginia
Ronald Dupree,Mississippi
Ronald Murray,Pennsylvania
Rondae Hollis-Jefferson,Pennsylvania
Ronnie Brewer,Arkansas
Ronnie Lester,Mississippi
Ronnie Murphy,Delaware
Ronnie Price,Texas
Ronnie Valentine,Virginia
Ronny Turiaf,Martinique
Rony Seikaly,Lebanon
Rory Sparrow,Virginia
Rory White,Alabama
Roshown McLeod,New Jersey
Rowland Garrett,Mississippi
Roy Hamilton,California
Roy Hibbert,New York
Roy Hinson,New Jersey
Roy Marble,Michigan
Roy Rogers,North Carolina
Roy Tarpley,New York
Royal Ivey,New York
Royce White,Alabama
Ruben Boumtje-Boumtje,Cameroon
Ruben Garces,Panama
Ruben Nembhard,New York
Ruben Patterson,Ohio
Ruben Wolkowyski,Argentina
Rudy Fernandez,Spain
Rudy Gay,New York
Rudy Gobert,France
Rudy Hackett,New York
Rudy LaRusso,New York
Rudy Macklin,Kentucky
Rudy Tomjanovich,Michigan
Rudy White,New Mexico
Rumeal Robinson,Jamaica
Russ Lee,Massachusetts
Russ Schoene,Illinois
Russ Smith,New York
Russell Cross,Illinois
Russell Westbrook,California
Rusty LaRue,North Carolina
Ryan Anderson,California
Ryan Bowen,Iowa
Ryan Gomes,Connecticut
Ryan Hollins,California
Ryan Humphrey,Oklahoma
Ryan Kelly,New York
Ryan Lorthridge,Tennessee
Ryan Reid,Florida
Ryan Robertson,Oklahoma
Ryan Stack,Tennessee
Salah Mejri,Tunisia
Salim Stoudamire,Oregon
Sam Bowie,Pennsylvania
Sam Cassell,Maryland
Sam Dekker,Wisconsin
Sam Jacobson,Minnesota
Sam Jones*,North Carolina
Sam Lacey,Mississippi
Sam Mack,Illinois
Sam Mitchell,Georgia
Sam Pellom,North Carolina
Sam Perkins,New York
Sam Ranzino,Indiana
Sam Smith,Kentucky
Sam Stith,Virginia
Sam Vincent,Michigan
Sam Worthen,New York
Sam Young,District of Columbia
Samaki Walker,Ohio
Samardo Samuels,Jamaica
Samuel Dalembert,Haiti
Sarunas Jasikevicius,Lithuania
Sarunas Marciulionis*,Lithuania
Sasha Danilovic,Bosnia and Herzegovina
Sasha Kaun,Russia
Sasha Vujacic,Slovenia
Scooter McCray,New York
Scot Pollard,Utah
Scott Brooks,California
Scott Burrell,Connecticut
Scott English,Illinois
Scott Haffner,Indiana
Scott Haskin,California
Scott Hastings,Kansas
Scott Lloyd,Illinois
Scott Machado,New York
Scott May,Ohio
Scott Meents,Illinois
Scott Padgett,Kentucky
Scott Roth,Ohio
Scott Sims,Missouri
Scott Skiles,Indiana
Scott Wedman,Kansas
Scott Williams,California
Scottie Pippen*,Arkansas
Scotty Hopson,Kentucky
Sean Colson,Pennsylvania
Sean Elliott,Arizona
Sean Green,California
Sean Higgins,California
Sean Kilpatrick,New York
Sean Lampley,Illinois
Sean Marks,New Zealand
Sean May,Illinois
Sean Rooks,New York
Sean Singletary,Pennsylvania
Sean Williams,Texas
Sebastian Telfair,New York
Sedale Threatt,Georgia
Sedric Toney,Mississippi
Semaj Christon,Ohio
Semih Erden,Turkey
Serge Ibaka,Republic of the Congo
Sergei Bazarevich,Russia
Sergei Monia,Russia
Sergey Karasev,Russia
Sergio Rodriguez,Spain
Seth Curry,North Carolina
Shabazz Muhammad,California
Shabazz Napier,Massachusetts
Shaler Halimon,Florida
Shammond Williams,New York
Shandon Anderson,Georgia
Shane Battier,Michigan
Shane Edwards,California
Shane Heal,Australia
Shane Larkin,Ohio
Shannon Brown,Illinois
Shaquille O'Neal*,New Jersey
Shareef Abdur-Rahim,Georgia
Sharone Wright,Georgia
Sharrod Ford,Louisiana
Shaun Livingston,Illinois
Shavlik Randolph,North Carolina
Shawn Bradley,Germany
Shawn Kemp,Indiana
Shawn Long,Louisiana
Shawn Marion,Illinois
Shawn Respert,Michigan
Shawne Williams,New York
Shawnelle Scott,New York
Shayne Whittington,Michigan
Shea Seals,Oklahoma
Shelden Williams,New York
Sheldon McClellan,Texas
Shelton Jones,New York
Shelvin Mack,Kentucky
Sherell Ford,Louisiana
Sherman Douglas,District of Columbia
Sherron Collins,Illinois
Si Green,New York
Sidney Green,New York
Sidney Lowe,District of Columbia
Sidney Moncrief,Arkansas
Sidney Wicks,California
Sim Bhullar,Canada
Skal Labissiere,Haiti
Skeeter Henry,Texas
Slater Martin*,Texas
Slavko Vranes,Serbia
Sleepy Floyd,North Carolina
Slick Leonard*,Indiana
Slick Watts,Mississippi
Sly Williams,Connecticut
Smush Parker,New York
Solomon Alabi,Nigeria
Solomon Hill,California
Solomon Jones,Florida
Sonny Dove,New York
Sonny Hertzberg,New York
Sonny Parker,Illinois
Sonny Weems,Arkansas
Soumaila Samake,Mali
Speedy Claxton,New York
Spencer Dinwiddie,California
Spencer Hawes,Washington
Spencer Haywood*,Mississippi
Spud Webb,Texas
Stacey Augmon,California
Stacey King,Oklahoma
Stan Kimbrough,Alabama
Stan Love,California
Stan McKenzie,Florida
Stan Pietkiewicz,Alabama
Stan Washington,District of Columbia
Stanislav Medvedenko,Ukraine
Stanley Brundy,Louisiana
Stanley Jackson,Alabama
Stanley Johnson,Pennsylvania
Stanley Roberts,South Carolina
Stefano Rusconi,Italy
Steffond Johnson,Pennsylvania
Stephane Lasme,Gabon
Stephen Curry,Ohio
Stephen Graham,Delaware
Stephen Howard,Texas
Stephen Jackson,Alabama
Stephen Thompson,California
Stephen Zimmerman,Tennessee
Stephon Marbury,New York
Steve Alford,Indiana
Steve Bardo,Kentucky
Steve Blake,Florida
Steve Bracey,New York
Steve Bucknall,United Kingdom
Steve Burtt,New York
Steve Colter,Arizona
Steve Downing,Indiana
Steve Francis,Maryland
Steve Goodrich,Pennsylvania
Steve Green,Wisconsin
Steve Hamer,Tennessee
Steve Hamilton,Kentucky
Steve Harris,Missouri
Steve Hawes,Washington
Steve Hayes,Idaho
Steve Henson,Kansas
Steve Johnson,Pennsylvania
Steve Jones,Louisiana
Steve Kerr,Lebanon
Steve Kuberski,Illinois
Steve Lingenfelter,Wisconsin
Steve Malovic,Ohio
Steve Mix,Ohio
Steve Nash,South Africa
Steve Novak,Illinois
Steve Patterson,California
Steve Scheffler,Michigan
Steve Sheppard,New York
Steve Smith,Michigan
Steve Stipanovich,Missouri
Steven Adams,New Zealand
Steven Hill,Kansas
Steven Hunter,Illinois
Steven Smith,Michigan
Stevin Smith,Michigan
Stewart Granger,Canada
Stojko Vrankovic,Croatia
Stromile Swift,Louisiana
Stu Lantz,Pennsylvania
Stuart Gray,Panama
Sun Yue,China
Sundiata Gaines,New York
Swen Nater,Netherlands
Sylvester Gray,Tennessee
Sylvester Norris,Mississippi
Taj Gibson,New York
Tal Skinner,Maryland
Tamar Slay,West Virginia
Tang Hamilton,Mississippi
Tarence Kinsey,Florida
Tarik Black,Tennessee
Tariq Abdul-Wahad,France
Tate Armstrong,Georgia
Tate George,New Jersey
Taurean Green,Florida
Taylor Griffin,Oklahoma
Tayshaun Prince,California
Ted McClain,Tennessee
Tellis Frank,Indiana
Terence Morris,Maryland
Terence Stansbury,Delaware
Terrance Roberson,Michigan
Terrel Harris,Texas
Terrell Brandon,Oregon
Terrence Jones,Oregon
Terrence Rencher,New York
Terrence Ross,Oregon
Terrence Williams,Washington
Terry Catledge,Mississippi
Terry Crosby,Ohio
Terry Cummings,Illinois
Terry Davis,Virginia
Terry Dehere,New York
Terry Dischinger,Indiana
Terry Dozier,Maryland
Terry Driscoll,Massachusetts
Terry Duerod,Michigan
Terry Furlow,Michigan
Terry Mills,Michigan
Terry Porter,Wisconsin
Terry Rozier,Ohio
Terry Teagle,Texas
Terry Thomas,Michigan
Terry Tyler,Michigan
Tex Ritter,Kentucky
Thabo Sefolosha,Switzerland
Thaddeus Young,Louisiana
Thales McReynolds,Alabama
Thanasis Antetokounmpo,Greece
Tharon Mayes,Connecticut
Theo Ratliff,Alabama
Theron Smith,Florida
Thomas Gardner,Oregon
Thomas Hamilton,Illinois
Thomas Jordan,Maryland
Thomas Robinson,District of Columbia
Thurl Bailey,District of Columbia
Tiago Splitter,Brazil
Tibor Pleiss,Germany
Ticky Burden,Florida
Tierre Brown,Louisiana
Tim Bassett,District of Columbia
Tim Breaux,Louisiana
Tim Duncan,U.S. Virgin Islands
Tim Frazier,Texas
Tim Hardaway,Illinois
Tim James,Florida
Tim Kempton,New York
Tim Legler,District of Columbia
Tim McCormick,Michigan
Tim Ohlbrecht,Germany
Tim Perry,New Jersey
Tim Quarterman,Georgia
Tim Thomas,New Jersey
Tim Young,California
Timofey Mozgov,Russia
Timothe Luwawu-Cabarrot,France
Tiny Archibald*,New York
Tito Horford,Dominican Republic
Tito Maddox,California
Tobias Harris,Louisiana
Toby Bailey,California
Toby Kimball,Massachusetts
Toby Knight,New York
Tod Murphy,California
Todd Day,Illinois
Todd Fuller,Michigan
Todd Lichti,California
Todd MacCulloch,Canada
Todd Mitchell,Ohio
Todd Mundt,Iowa
Togo Palazzi,New Jersey
Tom Abernethy,Indiana
Tom Barker,Texas
Tom Boerwinkle,Ohio
Tom Boswell,Alabama
Tom Burleson,North Carolina
Tom Chambers,Utah
Tom Copa,Minnesota
Tom Garrick,Rhode Island
Tom Gola*,Pennsylvania
Tom Gugliotta,New York
Tom Hammonds,Florida
Tom Hawkins,Illinois
Tom Heinsohn*,New Jersey
Tom Henderson,South Carolina
Tom Hoover,District of Columbia
Tom Hovasse,Colorado
Tom Ingelsby,Pennsylvania
Tom Kozelko,Michigan
Tom Kropp,Nebraska
Tom LaGarde,Michigan
Tom McMillen,New York
Tom Meschery,China
Tom Owens,New York
Tom Piotrowski,Pennsylvania
Tom Riker,New York
Tom Sanders*,New York
Tom Scheffler,Michigan
Tom Sewell,Florida
Tom Sluby,District of Columbia
Tom Stith,Virginia
Tom Thacker,Kentucky
Tom Tolbert,California
Tom Workman,Washington
Tomas Satoransky,Czech Republic
Tommie Green,Louisiana
Tommy Byrnes,New Jersey
Tommy Kearns,New York
Tommy O'Keefe,New Jersey
Toney Douglas,Georgia
Toni Kukoc,Croatia
Tony Allen,Illinois
Tony Battie,Texas
Tony Bennett,Wisconsin
Tony Bobbitt,Florida
Tony Brown,Illinois
Tony Campbell,New Jersey
Tony Dawson,North Carolina
Tony Delk,Tennessee
Tony Dumas,Illinois
Tony Farmer,California
Tony Fuller,Michigan
Tony Harris,Louisiana
Tony Jackson,New York
Tony Jaros,Minnesota
Tony Lavelli,Massachusetts
Tony Massenburg,Virginia
Tony Mitchell,Ohio
Tony Parker,Belgium
Tony Price,New York
Tony Robertson,Michigan
Tony Snell,California
Tony White,North Carolina
Tony Wroten,Washington
Tony Zeno,Louisiana
Torgeir Bryn,Norway
Tornike Shengelia,Georgia
Torraye Braggs,California
Toure' Murry,Texas
Tracy Jackson,Maryland
Tracy McGrady,Florida
Tracy Moore,Oklahoma
Tracy Murray,California
Trajan Langdon,California
Travis Best,Massachusetts
Travis Diener,Wisconsin
Travis Grant,Alabama
Travis Hansen,Utah
Travis Knight,Utah
Travis Leslie,Georgia
Travis Mays,Florida
Travis Outlaw,Mississippi
Travis Wear,California
Travis Williams,South Carolina
Tree Rollins,Florida
Tremaine Fowlkes,California
Trent Tucker,North Carolina
Trenton Hassell,Tennessee
Treveon Graham,District of Columbia
Trevor Ariza,Florida
Trevor Booker,South Carolina
Trevor Ruffin,New York
Trevor Wilson,California
Trevor Winter,Minnesota
Trey Burke,Ohio
Trey Gilder,Texas
Trey Johnson,Mississippi
Trey Lyles,Canada
Trey Thompkins,Canada
Tristan Thompson,Canada
Troy Bell,Minnesota
Troy Daniels,Virginia
Troy Hudson,Illinois
Troy Murphy,New Jersey
Troy Williams,South Carolina
Truck Robinson,Florida
Ty Lawson,Maryland
Tyler Ennis,Canada
Tyler Hansbrough,Missouri
Tyler Honeycutt,California
Tyler Johnson,North Dakota
Tyler Ulis,Michigan
Tyler Zeller,California
Tyreke Evans,Pennsylvania
Tyrone Corbin,South Carolina
Tyrone Hill,Ohio
Tyrone Nesby,Illinois
Tyronn Lue,Missouri
Tyrus Thomas,Louisiana
Tyshawn Taylor,New Jersey
Tyson Chandler,California
Tyson Wheeler,Connecticut
Tyus Edney,California
Tyus Jones,Minnesota
Udonis Haslem,Florida
Uros Slokar,Slovenia
Uwe Blab,Germany
Vander Blue,Wisconsin
Vassilis Spanoulis,Greece
Vern Fleming,New York
Vern Gardner,Wyoming
Vern Hatton,Kentucky
Vern Mikkelsen*,California
Vernon Macklin,Virginia
Vernon Maxwell,Florida
Viacheslav Kravtsov,Ukraine
Victor Alexander,Michigan
Victor Claver,Spain
Victor Oladipo,Maryland
Viktor Khryapa,Ukraine
Vin Baker,Florida
Vince Boryla,Indiana
Vince Carter,Florida
Vince Taylor,Kentucky
Vincent Askew,Tennessee
Vincent Yarbrough,Tennessee
Vincenzo Esposito,Italy
Vinnie Johnson,New York
Vitaly Potapenko,Ukraine
Vitor Faverani,Brazil
Vlade Divac,Serbia
Vladimir Radmanovic,Bosnia and Herzegovina
Voise Winters,Illinois
Von Wafer,Louisiana
Vonteego Cummings,Georgia
Voshon Lenard,Michigan
Wade Baldwin,New Jersey
Wali Jones,Kentucky
Walker Russell,Michigan
Wallace Bryant,Spain
Wally Rank,California
Wally Szczerbiak,Pennsylvania
Wally Walker,Pennsylvania
Walt Bellamy*,North Carolina
Walt Budko,New Jersey
Walt Davis,Texas
Walt Frazier*,Georgia
Walt Kirk,Illinois
Walt Wesley,Florida
Walter Berry,New York
Walter Bond,Illinois
Walter Davis,Texas
Walter Dukes,New York
Walter Herrmann,Argentina
Walter Jordan,Alabama
Walter McCarty,Indiana
Walter Palmer,New York
Walter Sharpe,Alabama
Walter Tavares,Cape Verde
Wang Zhizhi,China
Wardell Jackson,Mississippi
Warren Kidd,Alabama
Warren Perkins,Louisiana
Wayman Britt,North Carolina
Wayman Tisdale,Oklahoma
Wayne Cooper,Georgia
Wayne Ellington,Pennsylvania
Wayne Embry*,Ohio
Wayne Englestad,California
Wayne Hightower,Pennsylvania
Wayne Kreklow,Wisconsin
Wayne Molis,Illinois
Wayne Radford,Indiana
Wayne Robinson,North Carolina
Wayne Sappleton,Jamaica
Wayne See,Arizona
Wayne Selden,Massachusetts
Wayne Simien,Kansas
Wayne Turner,Massachusetts
Wes Matthews,Florida
Wes Unseld*,Kentucky
Wesley Cox,Kentucky
Wesley Johnson,Texas
Wesley Matthews,Florida
Wesley Person,Alabama
Whitey Bell,Kentucky
Whitey Skoog,Minnesota
Wilbur Holland,Georgia
Wiley Peck,Alabama
Will Barton,Maryland
Will Blalock,Massachusetts
Will Bynum,Illinois
Will Cherry,California
Will Conroy,Oregon
Will Frazier,Louisiana
Will Perdue,Florida
Will Solomon,Connecticut
William Avery,Georgia
William Bedford,Tennessee
William Cunningham,Georgia
Willie Anderson,South Carolina
Willie Burton,Michigan
Willie Cauley-Stein,Kansas
Willie Green,Michigan
Willie McCarter,Indiana
Willie Naulls,Texas
Willie Norwood,Mississippi
Willie Reed,Louisiana
Willie Somerset,Pennsylvania
Willie Warren,Texas
Willie White,Tennessee
Willie Wise,California
Willis Reed*,Louisiana
Willy Hernangomez,Spain
Wilson Chandler,Michigan
Wilson Washington,Virginia
Wilt Chamberlain*,Pennsylvania
Winford Boynes,South Carolina
Winston Bennett,Kentucky
Winston Crite,California
Winston Garland,Indiana
Woody Sauldsberry,Louisiana
Worthy Patterson,Connecticut
Xavier Henry,Belgium
Xavier McDaniel,South Carolina
Xavier Silas,Texas
Yakhouba Diawara,France
Yao Ming*,China
Yaroslav Korolev,Russia
Yi Jianlian,China
Yinka Dare,Nigeria
Yogi Ferrell,Indiana
York Larese,New York
Yuta Tabuse,Japan
Yvon Joseph,Haiti
Zabian Dowdell,Florida
Zach LaVine,Washington
Zach Randolph,Indiana
Zaid Abdul-Aziz,New York
Zan Tabak,Croatia
Zarko Cabarkapa,Serbia
Zarko Paspalj,Montenegro
Zaza Pachulia,Georgia
Zeke Zawoluk,New York
Zeljko Rebraca,Serbia
Zelmo Beaty*,Texas
Zendon Hamilton,New York
Zoran Dragic,Slovenia
Zoran Planinic,Bosnia and Herzegovina
Zydrunas Ilgauskas,Lithuania
