Player,birth_state
Cliff Barker,Indiana
Ralph Beard,Kentucky
Charlie Black,Idaho
Nelson Bobb,Pennsylvania
Jake Bornheimer,New Jersey
Vince Boryla,Indiana
Don Boven,Michigan
Harry Boykoff,New York
Joe Bradley,Oklahoma
Carl Braun,New York
Frankie Brian,Louisiana
Price Brookfield,Texas
Bob Brown,Ohio
Jim Browne,Illinois
Walt Budko,New Jersey
Tommy Byrnes,New Jersey
Bill Calhoun,California
Don Carlson,Minnesota
Al Cervi*,New York
Leroy Chollet,Louisiana
Bill Closs,Texas
Jack Coleman,Kentucky
Jack Cotton,Montana
Dillard Crocker,Tennessee
Chink Crossin,Pennsylvania
Fran Curran,Illinois
Bob Davies*,Pennsylvania
Hook Dillon,Georgia
Bob Doll,Colorado
Harry Donovan,New Jersey
Dike Eddleman,Illinois
Gene Englund,Wisconsin
Bob Evans,Indiana
Johnny Ezersky,New York
Bob Feerick,California
Arnie Ferrin,Utah
Jerry Fleishman,New York
Joe Fulks*,Kentucky
Elmer Gainer,Illinois
Harry Gallatin*,Illinois
Vern Gardner,Wyoming
Bud Grant,Wisconsin
Don Grate,Ohio
Alex Groza,Ohio
Chick Halbert,Texas
Bruce Hale,Oregon
Alex Hannum*,California
John Hargis,Texas
Bob Harris,Tennessee
Bob Harrison,Tennessee
Marshall Hawkins,West Virginia
Bill Henry,Texas
Kleggie Hermsen,Minnesota
Sonny Hertzberg,New York
Red Holzman*,New York
Gene James,Ohio
Tony Jaros,Minnesota
Buddy Jeannette*,Pennsylvania
Arnie Johnson,Minnesota
George Kaftan,New York
Bob Kinney,Kansas
Walt Kirk,Illinois
Leo Klier,Indiana
Duane Klueh,North Dakota
Lee Knorek,Poland
Tony Lavelli,Massachusetts
Andrew Levane,New York
Freddie Lewis,New York
John Logan,Indiana
Ray Lumpp,New York
Ed Macauley*,Missouri
John Mahnken,New Jersey
John Mandic,California
Slater Martin*,Texas
Ariel Maughan,Utah
Matt Mazza,New York
Dick McGuire*,New York
Bones McKinney,North Carolina
George Mikan*,Illinois
Vern Mikkelsen*,California
Joe Mullaney,New York
Jerry Nagel,Illinois
Richie Niemiera,Illinois
Paul Noel,Kentucky
Jim Nolan,Georgia
Johnny Norlander,Minnesota
George Nostrand,New York
Mike Novak,Illinois
Dick O'Keefe,California
John Oldham,Kentucky
Gene Ollrich,Indiana
Johnny Orr,Kansas
Don Otten,Ohio
Mac Otten,Ohio
Easy Parham,Texas
Jack Parkinson,Indiana
Warren Perkins,Louisiana
Jack Phelan,Illinois
Andy Phillip*,Illinois
Jim Pollard*,California
George Ratkovicz,Illinois
Don Ray,Tennessee
Arnie Risen*,Kentucky
Tex Ritter,Kentucky
Bill Roberts,Indiana
Red Rocha,Hawaii
Kenny Rollins,Missouri
Jerry Rullo,Pennsylvania
Ed Sadowski,Pennsylvania
Kenny Sailors,Nebraska
Herm Schaefer,Indiana
Fred Schaus,Ohio
Dolph Schayes*,New York
Howie Schultz,Minnesota
Dick Schulz,Wisconsin
Fred Scolari,California
Wayne See,Arizona
Rollie Seltz,Minnesota
Jim Seminoff,California
George Senesky,Pennsylvania
Paul Seymour,Ohio
Carl Shaeffer,Indiana
Howie Shannon,Kansas
Connie Simmons,New Jersey
Belus Smawley,North Carolina
Jack Smiley,Illinois
Art Spector,Pennsylvania
Jack Toomay,California
Bob Tough,New York
Blackie Towery,Kentucky
Dick Triptow,Illinois
Ernie Vandeweghe,Canada
Floyd Volker,Wyoming
Clint Wager,Minnesota
Brady Walker,Utah
Paul Walther,Kentucky
Bobby Wanzer*,New York
Murray Wier,Iowa
Max Zaslofsky,New York
Paul Arizin*,Pennsylvania
Ike Borsavage,Pennsylvania
Gerry Calabrese,New Jersey
Nat Clifton*,Arkansas
Bob Cousy*,New York
Ray Ellefson,South Dakota
Larry Foust,Ohio
Don Lofgran,California
Tommy O'Keefe,New Jersey
Kevin O'Shea,California
Don Rehfeldt,Illinois
Alan Sawyer,California
Dick Schnittker,Ohio
Bill Sharman*,Texas
Don Barksdale*,California
Elmer Behnke,Illinois
Dick Dickey,Indiana
Lew Hitch,Illinois
Mel Hutchins,California
Neil Johnston*,Ohio
George King,West Virginia
John McConathy,Louisiana
Alfred McGuire*,New York
Ralph O'Brien,Kentucky
John Pilch,Wyoming
Sam Ranzino,Indiana
Whitey Skoog,Minnesota
Jim Baechtold,Pennsylvania
Jim Brasco,New York
Dick Bunt,New York
Gene Conley,Oklahoma
Dick Groat,Pennsylvania
Jack McCloskey,Pennsylvania
Monk Meineke,Ohio
Bill Mlkvy,Pennsylvania
Mark Workman,West Virginia
Zeke Zawoluk,New York
Don Ackerman,New York
Don Asmonga,Pennsylvania
Ernie Barrett,Kansas
Ernie Beck,Pennsylvania
Walt Davis,Texas
Ray Felix,New York
Jack George,Pennsylvania
Norm Grekin,Pennsylvania
Bob Houbregs*,Canada
Billy Kenville,New York
Dick Knostman,Kansas
Clyde Lovellette*,Indiana
Jack Molinas,New York
Bob Peterson,California
James Phelan,Illinois
Ed Smith,Ohio
Don Sunderlage,Illinois
Norm Swanson,Illinois
Isaac Walthour,New York
George Yardley*,California
Larry Costello,New York
George Dempsey,Pennsylvania
Chuck Grigsby,Ohio
Herm Hedderick,Pennsylvania
Mike Kearns,New Jersey
Red Kerr,Illinois
Jackie Moore,Pennsylvania
Togo Palazzi,New Jersey
Bob Pettit*,Louisiana
Frank Ramsey*,Kentucky
Frank Selvy,Kentucky
Gene Shue,Maryland
Jim Tucker,Kentucky
Jack Turner,Indiana
Bobby Watson,Kentucky
Jesse Arnelle,New York
Dick Atha,Indiana
Walter Dukes,New York
Al Ferrari,New York
Dick Garmaker,Minnesota
Tom Gola*,Pennsylvania
Chris Harris,United Kingdom
Dick Hemric,North Carolina
Jim Loscutoff,California
Chuck Mencel,Wisconsin
Med Park,South Dakota
Richie Regan,New Jersey
Dick Ricketts,Pennsylvania
Bob Santini,New York
Kenny Sears,California
Maurice Stokes*,Pennsylvania
Jack Twyman*,Pennsylvania
Bob Armstrong,Michigan
Gary Bergen,Missouri
Al Bianchi,New York
Bob Burrow,Arkansas
Si Green,New York
Richie Guerin*,New York
Cliff Hagan*,Kentucky
Tom Heinsohn*,New Jersey
Bob Hopkins,Louisiana
Phil Jordon,California
Hal Lear,Pennsylvania
Slick Leonard*,Indiana
Willie Naulls,Texas
Jim Paxson,Indiana
Bill Russell*,Louisiana
Ron Shavlik,Colorado
Ron Sobie,Illinois
Norm Stewart,Missouri
Lou Tsioropoulos,Massachusetts
Bo Erias,New York
Larry Friend,Illinois
Sam Jones*,North Carolina
Jim Krebs,Missouri
Brendan McCann,New York
Worthy Patterson,Connecticut
Lennie Rosenbluth,New York
Woody Sauldsberry,Louisiana
Guy Sparrow,Michigan
Charlie Tyra,Kentucky
Jim Walsh,California
Elgin Baylor*,District of Columbia
Jerry Bird,Kentucky
Bucky Bockhorn,Illinois
Pete Brennan,New York
Archie Dees,Mississippi
Connie Dierking,New York
Wayne Embry*,Ohio
Mike Farmer,Oklahoma
Dave Gambee,Oregon
Hal Greer*,West Virginia
Steve Hamilton,Kentucky
Vern Hatton,Kentucky
Andy Johnson,California
Tommy Kearns,New York
Jim Palmer,Virginia
Jack Parr,Kentucky
Hub Reed,Oklahoma
Guy Rodgers*,Pennsylvania
Phil Rollins,Kentucky
Bob Anderegg,Wisconsin
Dick Barnett,Indiana
Whitey Bell,Kentucky
Wilt Chamberlain*,Pennsylvania
Bob Ferry,Missouri
Johnny Green,Ohio
Gene Guarilia,Pennsylvania
Tom Hawkins,Illinois
Bailey Howell*,Tennessee
Rudy LaRusso,New York
Cal Ramsey,Alabama
Joe Ruklick,Illinois
Al Attles,New Jersey
Bob Boozer,Nebraska
Dave Budd,New Jersey
Ralph Davis,Kentucky
Darrall Imhoff,California
Pickles Kennedy,Pennsylvania
Bob McNeill,Pennsylvania
Jackie Moreland,Louisiana
Don Ohl,Illinois
Oscar Robertson*,Tennessee
Tom Sanders*,New York
Jerry West*,West Virginia
Lenny Wilkens*,New York
Walt Bellamy*,North Carolina
George Blaney,New Jersey
Cleveland Buckner,Mississippi
Donnie Butcher,Kentucky
Al Butler,New York
Howie Carl,Illinois
Jimmy Darrow,Ohio
Johnny Egan,Connecticut
Cleo Hill,New Jersey
Ron Horn,Indiana
York Larese,New York
Tom Meschery,China
Bevo Nordmann,Missouri
Gary Phillips,Illinois
Ray Scott,Pennsylvania
Lee Shaffer,Illinois
Adrian Smith,Kentucky
Sam Stith,Virginia
Horace Walker,Pennsylvania
John Barnhill,Kentucky
Zelmo Beaty*,Texas
Bill Bridges,New Mexico
Len Chappell,Pennsylvania
Johnny Cox,Kentucky
Dave DeBusschere*,Michigan
Terry Dischinger,Indiana
Danny Doyle,New York
Leroy Ellis,New York
Jack Foley,Massachusetts
Charlie Hardnett,Georgia
John Havlicek*,Ohio
Wayne Hightower,Pennsylvania
Kevin Loughery,New York
Bill McGill,Texas
Don Nelson*,Michigan
John Rudometkin,California
Tom Stith,Virginia
Dan Swartz,Kentucky
Dan Tieman,Kentucky
Chico Vaughn,Oregon
Chet Walker*,Mississippi
Ben Warley,District of Columbia
Jay Arnette,Texas
Mel Gibson,North Carolina
Jerry Harkness,New York
Art Heyman,New York
Tom Hoover,District of Columbia
Gus Johnson*,Ohio
Jim King,Oklahoma
Don Kojis,Wisconsin
Jerry Lucas*,Ohio
Eddie Miles,Arkansas
Mel Peterson,Minnesota
Larry Siegfried,Ohio
Roger Strickland,Florida
Tom Thacker,Kentucky
Rod Thorn,West Virginia
Nate Thurmond*,Ohio
Jim Barnes,Arkansas
Ron Bonham,Indiana
Gary Bradds,Ohio
Em Bryant,Illinois
Joe Caldwell,Texas
Mel Counts,Oregon
Happy Hairston,North Carolina
Les Hunter,Tennessee
Luke Jackson,Texas
Larry Jones,Ohio
Wali Jones,Kentucky
Howard Komives,Ohio
Bud Koper,Oklahoma
Barry Kramer,New York
McCoy McLemore,Texas
Jeff Mullins,New York
Cotton Nash,New Jersey
Willis Reed*,Louisiana
Paul Silas,Arkansas
John Thompson*,District of Columbia
George Wilson,Mississippi
Rick Barry*,New Jersey
Jesse Branson,North Carolina
Bill Buntin,Michigan
Barry Clemens,Ohio
Billy Cunningham*,New York
Keith Erickson,California
John Fairchild,California
Will Frazier,Louisiana
Gail Goodrich*,California
Fred Hetzel,District of Columbia
Jon McGlocklin,Indiana
Thales McReynolds,Alabama
Ron Reed,Indiana
Jerry Sloan*,Illinois
Willie Somerset,Pennsylvania
Dave Stallworth,Texas
Joe Strawder,Florida
Bob Warlick,North Carolina
Jim Washington,Pennsylvania
Bob Weiss,Pennsylvania
Henry Akin,Michigan
Johnny Austin,District of Columbia
Jim Barnett,Arkansas
Dave Bing*,District of Columbia
John Block,California
Nate Bowman,Texas
Jerry Chambers,District of Columbia
Archie Clark,Arkansas
Freddie Crawford,New York
Dave Deutsch,New York
Hank Finkel,New Jersey
Lou Hudson,North Carolina
Neil Johnson,Ohio
Toby Kimball,Massachusetts
Clyde Lee,Tennessee
Bob Love,Louisiana
Jack Marin,Pennsylvania
Bill Melchionni,Pennsylvania
Wayne Molis,Illinois
Flynn Robinson,Illinois
Cazzie Russell,Illinois
Dave Schellhase,Indiana
Dick Snyder,Ohio
Jim Ware,Mississippi
Walt Wesley,Florida
Bill Bradley*,Missouri
Jim Caldwell,North Carolina
George Carter,New York
Jim Davis,Indiana
Sonny Dove,New York
Jim Fox,Georgia
Walt Frazier*,Georgia
Dennis Hamilton,California
Clem Haskins,Kentucky
Al Jackson,Ohio
Phil Jackson*,Montana
Johnny Jones,District of Columbia
Dave Lattin,Texas
George Lehmann,New Jersey
Paul Long,Kentucky
Ed Manning,Mississippi
Stan McKenzie,Florida
Jay Miller,Missouri
Earl Monroe*,Pennsylvania
Pat Riley*,New York
Bob Rule,California
Al Tucker,Ohio
Jimmy Walker,Virginia
John Wetzel,Virginia
Ken Wilburn,Michigan
Art Williams,Texas
Tom Workman,Washington
Zaid Abdul-Aziz,New York
Rick Adelman,California
Tom Boerwinkle,Ohio
Don Chaney,Louisiana
Dick Cunningham,Ohio
Fred Foster,Ohio
Gary Gregor,West Virginia
Shaler Halimon,Florida
Elvin Hayes*,Louisiana
Bill Hewitt,Massachusetts
Bill Hosket,Ohio
Bob Kauffman,New York
Stu Lantz,Pennsylvania
Don May,Ohio
Otto Moore,Florida
Dave Newmark,New York
Rich Niemann,Missouri
Barry Orms,Missouri
Charlie Paulk,Georgia
Bob Quick,Mississippi
Craig Raymond,Washington
Mike Riordan,New York
Dale Schlueter,Washington
Doug Sims,Alabama
Greg Smith,Kentucky
John Trapp,Michigan
Wes Unseld*,Kentucky
Dwight Waller,Tennessee
Ron Williams,West Virginia
Kareem Abdul-Jabbar*,New York
Lucius Allen,Kansas
Johnny Baum,Pennsylvania
Butch Beard,Kentucky
Fred Carter,Pennsylvania
Bob Dandridge,Virginia
Mike Davis,New York
Herm Gilliam,North Carolina
Lamar Green,Alabama
Connie Hawkins*,New York
Steve Kuberski,Illinois
Mike Lynn,California
Willie McCarter,Indiana
Steve Mix,Ohio
Grady O'Malley,Massachusetts
Bud Ogden,California
Bob Portman,California
Luther Rackley,Georgia
Rick Roberson,Tennessee
Neal Walk,Ohio
John Warren,Georgia
Bernie Williams,District of Columbia
Lee Winfield,Missouri
Don Adams,Georgia
Tiny Archibald*,New York
Bob Arnzen,Kentucky
Dennis Awtrey,California
Dave Cowens*,Kentucky
Terry Driscoll,Massachusetts
Claude English,Georgia
Greg Fillmore,Pennsylvania
Spencer Haywood*,Mississippi
Gar Heard,Georgia
Greg Howard,Pennsylvania
John Hummer,District of Columbia
George Johnson,Texas
John Johnson,Mississippi
Sam Lacey,Mississippi
Bob Lanier*,New York
Pete Maravich*,Pennsylvania
Eddie Mast,Pennsylvania
Jim McMillian,North Carolina
Rex Morgan,Illinois
Calvin Murphy*,Connecticut
Curtis Perry,District of Columbia
Geoff Petrie,Pennsylvania
Mike Price,Kentucky
Paul Ruffner,California
Mike Silliman,Kentucky
Garfield Smith,Kentucky
Fred Taylor,Texas
Joe Thomas,Georgia
Rudy Tomjanovich,Michigan
Cornell Warner,Mississippi
Milt Williams,Washington
Fred Brown,Wisconsin
Austin Carr,District of Columbia
Phil Chenier,California
Jim Cleamons,North Carolina
Charlie Davis,New York
Ken Durrett,Pennsylvania
Dick Gibbs,Iowa
Clarence Glover,Kentucky
Mo Layton,New Jersey
Stan Love,California
Jim McDaniels,Kentucky
Kenny McIntosh,Michigan
Cliff Meely,Mississippi
Dean Meminger,South Carolina
John Mengelt,Wisconsin
Mike Newlin,Oregon
Willie Norwood,Mississippi
Steve Patterson,California
Howard Porter,Florida
Clifford Ray,South Carolina
Jackie Ridgle,Arkansas
Curtis Rowe,Alabama
Charlie Scott,New York
Elmore Smith,Georgia
Randy Smith,New York
Larry Steele,Indiana
George Trapp,Michigan
Sidney Wicks,California
Nate Williams,Louisiana
Isaiah Wilson,Pennsylvania
Dave Wohl,New York
Henry Bibby,North Carolina
Freddie Boyd,California
Steve Bracey,New York
John Brisker,Michigan
Roger Brown,New York
Corky Calhoun,Illinois
Dwight Davis,Texas
Mickey Davis,New York
Charles Dudley,Pennsylvania
Scott English,Illinois
Chris Ford,New Jersey
Rowland Garrett,Mississippi
John Gianelli,California
Travis Grant,Alabama
Luther Green,New York
Charles Johnson,Texas
Ollie Johnson,Pennsylvania
Manny Leaks,Ohio
Russ Lee,Massachusetts
LaRue Martin,Illinois
Bob McAdoo*,North Carolina
Paul McCracken,New York
Eric McWilliams,Colorado
Bob Nash,Connecticut
Lloyd Neal,Georgia
Kevin Porter,Illinois
Jim Price,Kentucky
Mike Ratliff,Mississippi
Tom Riker,New York
Ron Riley,California
Frank Schade,Wisconsin
Bud Stallworth,Alabama
Chuck Terry,California
John Tschogl,California
Paul Westphal,California
Harthorne Wingo,North Carolina
Mike Bantom,Pennsylvania
Ron Behagen,New York
Dennis Bell,Ohio
Jim Brewer,Illinois
Allan Bristow,Virginia
John Brown,Germany
Larry Cannon,Pennsylvania
Doug Collins,Illinois
Mike D'Antoni,West Virginia
Mel Davis,New York
Derrek Dickey,Ohio
Ernie DiGregorio,Rhode Island
Steve Downing,Indiana
Bernie Fryer,Washington
Phil Hankinson,Georgia
Nate Hawthorne,Illinois
Tom Ingelsby,Pennsylvania
Dwight Jones,Texas
Tom Kozelko,Michigan
Kevin Kunnert,Iowa
Allie McGuire,New York
Larry McNeill,North Carolina
Gary Melchionni,New Jersey
Louie Nelson,California
Jim Owens,California
Ed Ratleff,Ohio
Bob Verga,New Jersey
Kermit Washington,District of Columbia
Slick Watts,Mississippi
Nick Weatherspoon,Mississippi
Luke Witte,Pennsylvania
Dan Anderson,Minnesota
Jim Ard,Illinois
Gus Bailey,North Carolina
Leon Benbow,South Carolina
Ken Boyd,Maryland
Gary Brokaw,New Jersey
Tom Burleson,North Carolina
Harvey Catchings,Mississippi
Jim Chones,Wisconsin
Ben Clyde,Georgia
Jesse Dark,Virginia
Rod Derline,Washington
John Drew,Alabama
Dennis DuVal,New York
Al Eberhard,Iowa
Leonard Gray,Kansas
Bernie Harris,Virginia
Steve Hawes,Washington
Tom Henderson,South Carolina
Greg Jackson,New York
Wardell Jackson,Mississippi
Aaron James,Louisiana
Mickey Johnson,Illinois
Jimmy Jones,Louisiana
Frank Kendrick,Indiana
Len Kosmalski,Ohio
Bill Ligon,Tennessee
Phil Lumpkin,Ohio
Glenn McDonald,Illinois
Eric Money,Michigan
Connie Norman,Michigan
Kevin Restani,California
Truck Robinson,Florida
Campy Russell,Illinois
Fred Saunders,Ohio
Tal Skinner,Maryland
Phil Smith,California
Mike Sojourner,Pennsylvania
Kevin Stacom,New York
George Thompson,New York
Dean Tolson,Missouri
Foots Walker,New York
Bill Walton*,California
Perry Warbington,Georgia
Stan Washington,District of Columbia
Scott Wedman,Kansas
Owen Wells,Rhode Island
Jamaal Wilkes*,California
Earl Williams,Pennsylvania
Brian Winters,New York
Alvan Adams,Kansas
Jerome Anderson,West Virginia
Jerry Baskerville,Pennsylvania
Bob Bigelow,Massachusetts
Tom Boswell,Alabama
Junior Bridgeman,Indiana
Joe Bryant,Pennsylvania
Al Carlson,California
Jim Creighton,Montana
Darryl Dawkins,Florida
Henry Dickerson,West Virginia
Eric Fernsten,California
Larry Fogle,New York
Don Ford,California
Donnie Freeman,Illinois
Kevin Grevey,Ohio
Bob Gross,California
Lindsay Hairston,Michigan
Glenn Hansen,North Dakota
Robert Hawkins,Michigan
Wilbur Holland,Georgia
Lionel Hollins,Kansas
Steve Jones,Louisiana
Rich Kelley,California
Tom Kropp,Nebraska
John Lambert,California
John Laskowski,Indiana
Greg Lee,California
Clyde Mayes,South Carolina
Ken Mayfield,Illinois
Jim McElroy,Arkansas
George McGinnis,Indiana
Tom McMillen,New York
Joe Meriweather,Alabama
Dave Meyers,California
Frank Oleynick,Connecticut
Cliff Pondexter,California
Bill Robinzine,Illinois
John Roche,New York
Bruce Seals,Louisiana
Ed Searcy,New York
Gene Short,Mississippi
John Shumate,South Carolina
Ricky Sobers,New York
Terry Thomas,Michigan
Rudy White,New Mexico
Gus Williams,New York
Bill Willoughby,New Jersey
Tom Abernethy,Indiana
Bird Averitt,Kentucky
Tom Barker,Texas
Marvin Barnes,Rhode Island
Norton Barnhill,North Carolina
Mike Barr,Ohio
Tim Bassett,District of Columbia
Byron Beck,Washington
Mel Bennett,Pennsylvania
Ron Boone,Oklahoma
Quinn Buckner,Illinois
Ticky Burden,Florida
Don Buse,Indiana
Mack Calvin,Texas
Cornelius Cash,Mississippi
Norm Cook,Illinois
Louie Dampier*,Indiana
Mel Daniels*,Michigan
Adrian Dantley*,District of Columbia
Johnny Davis,Michigan
Ron Davis,Arizona
Randy Denton,North Carolina
Coby Dietrick,California
Leon Douglas,Alabama
Mike Dunleavy,New York
Jim Eakins,California
Len Elmore,New York
Darrell Elston,Indiana
Alex English*,South Carolina
Julius Erving*,New York
Butch Feher,Michigan
Mike Flynn,Morocco
Terry Furlow,Michigan
Mike Gale,Pennsylvania
Gus Gerard,Pennsylvania
George Gervin*,Michigan
Artis Gilmore*,Florida
Mike Green,Mississippi
Steve Green,Wisconsin
Paul Griffin,Michigan
Rudy Hackett,New York
Phil Hicks,Illinois
Armond Hill,New York
Darnell Hillman,California
Mo Howard,Pennsylvania
Kim Hughes,Illinois
Dan Issel*,Illinois
Dennis Johnson*,California
Bobby Jones,North Carolina
Caldwell Jones,Arkansas
Rich Jones,Tennessee
Robin Jones,Missouri
George Karl,Pennsylvania
Goo Kennedy,North Carolina
Larry Kenon,Alabama
Billy Knight,Pennsylvania
Mitch Kupchak,New York
Bo Lamar,Ohio
Ron Lee,Massachusetts
Scott Lloyd,Illinois
John Lucas,North Carolina
Maurice Lucas,Pennsylvania
Moses Malone*,Virginia
Scott May,Ohio
Andre McCarter,Pennsylvania
Ted McClain,Tennessee
Allen Murphy,Alabama
Swen Nater,Netherlands
Johnny Neumann,Tennessee
Mark Olberding,Minnesota
Tom Owens,New York
Joe Pace,New Jersey
Robert Parish*,Louisiana
Sonny Parker,Illinois
Billy Paultz,New Jersey
Marv Roberts,New York
Dave Robisch,Ohio
Marshall Rogers,Missouri
Dan Roundfield,Michigan
Phil Sellers,New York
Lonnie Shelton,California
James Silas,Louisiana
Ralph Simpson,Michigan
Al Skinner,New York
Keith Starr,Pennsylvania
Earl Tatum,New York
Brian Taylor,New Jersey
Fatty Taylor,District of Columbia
Ira Terrell,Texas
Claude Terry,California
David Thompson*,North Carolina
Monte Towe,Indiana
Dave Twardzik,Pennsylvania
Andy Walker,New York
Wally Walker,Pennsylvania
Lloyd Walton,Illinois
Henry Ward,Mississippi
Richard Washington,Oregon
Marvin Webster,Maryland
Bob Wilkerson,Indiana
Chuck Williams,Colorado
Chuckie Williams,Colorado
John Williamson,Connecticut
Willie Wise,California
Larry Wright,Louisiana
Tate Armstrong,Georgia
Greg Ballard,California
Kent Benson,Indiana
Otis Birdsong,Florida
Phil Bond,Kentucky
Jim Bostic,New York
Alonzo Bradley,Mississippi
Mike Bratz,California
Wayman Britt,North Carolina
Kenny Carr,District of Columbia
Bob Carrington,Massachusetts
Wesley Cox,Kentucky
Charlie Criss,New York
Mark Crow,California
Brad Davis,Pennsylvania
Walter Davis,Texas
Jacky Dorsey,Georgia
James Edwards,Washington
Al Fleming,Illinois
Bayard Forrest,California
Mike Glenn,Georgia
Glen Gondrezick,Colorado
Rickey Green,Illinois
Greg Griffin,Ohio
Ernie Grunfeld,Romania
Joe Hassett,Rhode Island
Eddie Johnson,Georgia
Larry Johnson,Kentucky
Marques Johnson,Louisiana
Eddie Jordan,District of Columbia
Bernard King*,New York
Toby Knight,New York
John Kuester,Virginia
Tom LaGarde,Michigan
Mark Landsberger,North Dakota
Rich Laurel,Pennsylvania
Ricky Marsh,New York
Cedric Maxwell,North Carolina
Larry Moffett,Alabama
Glenn Mosley,New Jersey
Norm Nixon,Georgia
Ben Poquette,Michigan
Robert Reid,Georgia
Anthony Roberts,Tennessee
Tony Robertson,Michigan
Tree Rollins,Florida
Alvin Scott,Tennessee
Steve Sheppard,New York
Jack Sikma,Illinois
Scott Sims,Missouri
Robert Smith,California
Phil Walker,Pennsylvania
Wilson Washington,Virginia
Ray Williams,New York
Kim Anderson,Missouri
Del Beshore,Pennsylvania
Dennis Boyd,Virginia
Winford Boynes,South Carolina
Ron Brewer,Arkansas
Greg Bunch,California
Marty Byrnes,New York
Ron Carter,Pennsylvania
Maurice Cheeks,Illinois
Michael Cooper,California
Wayne Cooper,Georgia
Dave Corzine,Illinois
Geoff Crompton,North Carolina
Harry Davis,Ohio
Bob Elliott,Michigan
Ray Epps,Virginia
Phil Ford,North Carolina
Jack Givens,Kentucky
Tommie Green,Louisiana
Lars Hansen,Denmark
James Hardy,Alabama
Keith Herron,Tennessee
Kenny Higgs,Kentucky
Essie Hollis,Pennsylvania
Otis Howard,Tennessee
Clemon Johnson,Florida
Jeff Judkins,Utah
Joel Kramer,California
Butch Lee,Puerto Rico
John Long,Michigan
Billy McKinney,Illinois
Mike Mitchell,Georgia
John Olive,Pennsylvania
Roger Phegley,Illinois
Stan Pietkiewicz,Alabama
Wayne Radford,Indiana
Marlon Redmond,California
Rick Robey,Florida
Jackie Robinson,California
John Rudd,Louisiana
Frankie Sanders,Ohio
Purvis Short,Mississippi
Sam Smith,Kentucky
Reggie Theus,California
Mychal Thompson,Bahamas
Raymond Townsend,California
Terry Tyler,Michigan
Andre Wakefield,Illinois
Jerome Whitehead,Illinois
Freeman Williams,California
Rick Wilson,Kentucky
James Bailey,Georgia
Larry Bird*,Indiana
Lawrence Boston,Ohio
Dudley Bradley,Maryland
Bill Cartwright,California
Jeff Cook,California
Hollis Copeland,New Jersey
John Coughran,California
Terry Crosby,Ohio
Pat Cummings,Pennsylvania
Paul Dawkins,Michigan
Greg Deane,California
Larry Demic,Indiana
Terry Duerod,Michigan
Earl Evans,Texas
Mike Evans,North Carolina
Gary Garland,New Jersey
Dave Greenwood,California
Roy Hamilton,California
Gerald Henderson,Virginia
Johnny High,Alabama
Brad Holland,Montana
Phil Hubbard,Ohio
Geoff Huston,New York
Abdul Jeelani,Tennessee
Cheese Johnson,Texas
Magic Johnson*,Louisiana
Vinnie Johnson,New York
Major Jones,Arkansas
Greg Kelser,Florida
Irv Kiffin,New York
Carl Kilpatrick,Louisiana
Reggie King,Alabama
Arvid Kramer,Minnesota
Allen Leavell,Indiana
Ollie Mack,New York
Steve Malovic,Ohio
Paul Mokeski,Washington
Sidney Moncrief,Arkansas
Calvin Natt,Louisiana
Sylvester Norris,Mississippi
Wiley Peck,Alabama
Sam Pellom,North Carolina
Clint Richardson,Washington
Cliff Robinson,California
Jim Spanarkel,New Jersey
Bernard Toone,New York
Duck Williams,Alabama
Sly Williams,Connecticut
Bubba Wilson,North Carolina
Tony Zeno,Louisiana
Darrell Allums,California
Norman Black,Maryland
Dave Britton,New York
Michael Brooks,Pennsylvania
Rickey Brown,Mississippi
Joe Barry,California
Butch Carter,Ohio
Reggie Carter,New York
Art Collins,Georgia
Don Collins,Illinois
Darwin Cook,California
Earl Cureton,Michigan
Monti Davis,Ohio
James Donaldson,United Kingdom
Larry Drew,Kansas
Ralph Drollinger,California
John Duren,District of Columbia
Tony Fuller,Michigan
Calvin Garrett,Tennessee
Mike Gminski,Connecticut
Darrell Griffith,Kentucky
Bill Hanzlik,Ohio
Alan Hardy,Michigan
Mike Harper,Illinois
Cedrick Hordges,Alabama
Tony Jackson,New York
Lee Johnson,Arkansas
Reggie Johnson,Georgia
Edgar Jones,Alabama
Walter Jordan,Alabama
Clarence Kea,North Carolina
Chad Kinch,New Jersey
Wayne Kreklow,Wisconsin
Bill Laimbeer,Massachusetts
Edmund Lawrence,Louisiana
Ronnie Lester,Mississippi
Kyle Macy,Indiana
Rick Mahorn,Connecticut
Wes Matthews,Florida
Bill Mayfield,Michigan
Keith McCord,Alabama
Kevin McHale*,Minnesota
Dick Miller,Wisconsin
Johnny Moore,Pennsylvania
Lowes Moore,South Carolina
Kenny Natt,Louisiana
Carl Nicks,Illinois
Mike Niles,California
Mike O'Koren,New Jersey
Jawann Oldham,Illinois
Louis Orr,Ohio
Myles Patrick,Georgia
Tony Price,New York
Wally Rank,California
Kelvin Ransey,Ohio
James Ray,Louisiana
Billy Reid,New York
Wayne Robinson,North Carolina
Lorenzo Romar,California
DeWayne Scales,Texas
Craig Shelton,District of Columbia
Jerry Sichting,Indiana
Larry Smith,Mississippi
Rory Sparrow,Virginia
John Stroud,Mississippi
Carlos Terry,North Carolina
Andrew Toney,Alabama
Ronnie Valentine,Virginia
Kiki Vandeweghe,Germany
Brett Vroman,California
Hawkeye Whitney,New York
Michael Wiley,California
James Wilkes,California
Jeff Wilkins,Illinois
Mike Woodson,Indiana
Sam Worthen,New York
Mark Aguirre,Illinois
Danny Ainge,Oregon
Carl Bailey,Alabama
Gene Banks,Pennsylvania
Rolando Blackman,Panama
Ray Blume,Georgia
Alex Bradley,Mississippi
Charles Bradley,Maryland
Brad Branson,Illinois
Jim Brogan,Pennsylvania
Roger Burkman,Indiana
David Burns,Texas
Bobby Cattage,Alabama
Tom Chambers,Utah
Joe Cooper,Texas
Charles Davis,New York
Kenny Dennard,North Carolina
Mickey Dillard,Florida
John Douglas,Alabama
Craig Dykema,California
Franklin Edwards,New York
Petur Gudmundsson,Iceland
Glenn Hagan,Florida
Steve Hayes,Idaho
Tracy Jackson,Maryland
Clay Johnson,Florida
Frank Johnson,Florida
Steve Johnson,Pennsylvania
Albert King,New York
Jeff Lamp,Minnesota
Rock Lee,Massachusetts
Alton Lister,Texas
Lewis Lloyd,Pennsylvania
Kevin Loder,Michigan
Rudy Macklin,Kentucky
John McCullough,Ohio
Hank McDowell,Tennessee
Mike McGee,Texas
Kevin McKenna,Minnesota
Larry Nance,South Carolina
Kurt Nimphius,Wisconsin
Mark Radford,Washington
Ed Rains,Florida
Kurt Rambis,California
Jeff Ruland,New York
Danny Schayes,New York
Jim Smith,Ohio
Larry Spriggs,Maryland
Isiah Thomas*,Illinois
Ray Tolbert,Indiana
Kelly Tripucka,New Jersey
Elston Turner,Tennessee
Darnell Valentine,Illinois
Pete Verhoeven,California
Jay Vincent,Michigan
Danny Vranes,Utah
Buck Williams,North Carolina
Herb Williams,Ohio
Garry Witts,New Jersey
Al Wood,Georgia
Howard Wood,New York
Orlando Woolridge,Louisiana
Rich Yonakor,Ohio
Dwight Anderson,Ohio
Richard Anderson,California
John Bagley,Connecticut
Dave Batton,Maryland
Lester Conner,Tennessee
Chubby Cox,Pennsylvania
Terry Cummings,Illinois
Quintin Dailey,Maryland
Mark Eaton,California
Jerry Eaves,Kentucky
Keith Edmonson,Mississippi
Chris Engler,Minnesota
Bruce Flowers,New York
Sleepy Floyd,North Carolina
Bill Garnett,Illinois
John Greig,California
Scott Hastings,Kansas
Rod Higgins,Louisiana
Craig Hodges,Illinois
Marc Iavaroni,New York
Jim Johnstone,Connecticut
Hutch Jones,New York
Clark Kellogg,Ohio
Joe Kopicki,Michigan
Fat Lever,Arkansas
Cliff Levingston,California
Steve Lingenfelter,Wisconsin
Dave Magley,Indiana
Mark McNamara,California
Guy Morgan,Virginia
Ed Nealy,Kansas
Chuck Nevitt,Colorado
Audie Norris,Mississippi
Eddie Phillips,Alabama
Ricky Pierce,Texas
Charles Pittman,North Carolina
Paul Pressey,Virginia
Oliver Robinson,Alabama
Walker Russell,Michigan
Mike Sanders,Louisiana
Russ Schoene,Illinois
Ed Sherod,Virginia
Jose Slaughter,California
Brook Steppe,North Carolina
Jeff Taylor,Arkansas
Vince Taylor,Kentucky
Terry Teagle,Texas
David Thirdkill,Missouri
Corny Thompson,Connecticut
LaSalle Thompson,Ohio
Darren Tillis,Texas
Linton Townes,Virginia
Trent Tucker,North Carolina
Bryan Warrick,Washington
Rory White,Alabama
Dominique Wilkins*,France
Rickey Williams,New York
Rob Williams,West Virginia
James Worthy*,North Carolina
Jim Zoet,Canada
Ken Austin,California
Thurl Bailey,District of Columbia
Randy Breuer,Minnesota
Wallace Bryant,Spain
Howard Carter,Louisiana
Carlos Clark,Tennessee
Leroy Combs,Oklahoma
Russell Cross,Illinois
Darren Daye,Iowa
Clyde Drexler*,Louisiana
Craig Ehlo,Texas
Dale Ellis,Georgia
Rod Foster,Alabama
John Garris,Connecticut
Mike Gibson,South Carolina
Stewart Granger,Canada
Sidney Green,New York
Bob Hansen,Iowa
Derek Harper,Georgia
Roy Hinson,New Jersey
Charles Jones,Arkansas
Mark Jones,Arkansas
Greg Kite,Texas
Bruce Kuczenski,Connecticut
Darrell Lockhart,Georgia
Sidney Lowe,District of Columbia
Jeff Malone,Alabama
Pace Mannion,Utah
Rodney McCray,New York
Scooter McCray,New York
Larry Micheaux,Texas
Bob Miller,Kentucky
John Paxson,Ohio
John Pinone,Connecticut
Tom Piotrowski,Pennsylvania
Leo Rautins,Canada
Doc Rivers,Illinois
Fred Roberts,Utah
Ralph Sampson*,Virginia
Byron Scott,Utah
Steve Stipanovich,Missouri
Jon Sundvold,South Dakota
Dane Suttle,California
Jim Thomas,Florida
Paul Thompson,Tennessee
Sedale Threatt,Georgia
Granville Waiters,Ohio
Darrell Walker,Illinois
Brant Weidner,Pennsylvania
Mark West,Virginia
Ennis Whatley,Alabama
Mitchell Wiggins,North Carolina
Kevin Williams,New York
Michael Wilson,Tennessee
Randy Wittman,Indiana
Chuck Aleksinas,Connecticut
Ron Anderson,Illinois
Ken Bannister,Maryland
Charles Barkley*,Alabama
Cory Blackwell,Illinois
Sam Bowie,Pennsylvania
Frank Brickowski,New York
Tony Brown,Illinois
Steve Burtt,New York
Michael Cage,Arkansas
Tony Campbell,New Jersey
Rick Carlisle,New York
Antoine Carr,Oklahoma
Ron Cavenall,Texas
Steve Colter,Arizona
Devin Durrant,Utah
Kenton Edelin,Germany
Kenny Fields,Iowa
Vern Fleming,New York
Lancaster Gordon,Mississippi
Butch Graves,New York
Stuart Gray,Panama
Mike Holton,Washington
Jay Humphries,California
Ralph Jackson,California
Earl Jones,West Virginia
Ozell Jones,California
Michael Jordan*,New York
Jerome Kersey,Virginia
Tim McCormick,Michigan
Jay Murphy,Connecticut
Hakeem Olajuwon*,Nigeria
Sam Perkins,New York
Jim Petersen,Minnesota
Gary Plummer,Michigan
David Pope,Virginia
Alvin Robertson,Ohio
Wayne Sappleton,Jamaica
Tom Scheffler,Michigan
John Schweitz,New York
Tom Sewell,Florida
Charlie Sitton,Oregon
Tom Sluby,District of Columbia
Terence Stansbury,Delaware
John Stockton*,Washington
Peter Thibeaux,California
Bernard Thompson,Arizona
Otis Thorpe,Florida
Jeff Turner,Maine
Melvin Turpin,Kentucky
Willie White,Tennessee
Dale Wilkinson,Idaho
Guy Williams,New York
Kevin Willis,New York
Othell Wilson,Virginia
Leon Wood,South Carolina
Danny Young,North Carolina
Michael Young,Texas
Michael Adams,Connecticut
John Battle,District of Columbia
Benoit Benjamin,Louisiana
Uwe Blab,Germany
Manute Bol,South Sudan
Mike Brittain,Florida
Terry Catledge,Mississippi
Lorenzo Charles,New York
Fred Cofield,Michigan
David Cooke,California
Tyrone Corbin,South Carolina
Ron Crevier,Canada
Jeff Cross,Illinois
Joe Dumars*,Louisiana
Patrick Ewing*,Jamaica
Georgi Glouchkov,Bulgaria
Ken Green,Georgia
Kenny Green,Georgia
Claude Gregory,District of Columbia
Steve Harris,Missouri
Jerome Henderson,California
Carl Henry,Oklahoma
Ken Johnson,Alabama
Yvon Joseph,Haiti
Harold Keeling,Louisiana
Joe Kleine,Colorado
Jon Koncak,Iowa
Keith Lee,Arkansas
Karl Malone*,Louisiana
Bill Martin,District of Columbia
Brian Martin,Arkansas
Dwayne McClain,Massachusetts
Xavier McDaniel,South Carolina
Ben McDonald,California
Chris McNealy,California
Dirk Minniefield,Kentucky
Perry Moss,Arizona
Chris Mullin*,New York
Charles Oakley,Ohio
Michael Phelps,Mississippi
Ed Pinckney,New York
Terry Porter,Wisconsin
Blair Rasmussen,Washington
Jerry Reynolds,New York
Derrick Rowland,New York
Detlef Schrempf,Germany
Carey Scurry,New York
Mike Smrek,Canada
Alex Stivrins,Nebraska
Greg Stokes,Connecticut
Bob Thornton,California
Wayman Tisdale,Oklahoma
Sedric Toney,Mississippi
Nick Vanos,California
Sam Vincent,Michigan
Spud Webb,Texas
Bill Wennington,Canada
Gerald Wilkins,Georgia
Pete Williams,California
Voise Winters,Illinois
Rafael Addison,New Jersey
Mark Alarie,Arizona
William Bedford,Tennessee
Walter Berry,New York
Joe Binion,New York
Adrian Branch,District of Columbia
Mike Brown,New Jersey
Ben Coleman,Minnesota
Dell Curry,Virginia
Brad Daugherty,North Carolina
Johnny Dawkins,District of Columbia
Bruce Douglas,Illinois
Greg Dreiling,Kansas
Kevin Duckworth,Illinois
Dave Feitl,Pennsylvania
Kenny Gattison,North Carolina
Grant Gondrezick,Colorado
Ron Harper,Ohio
Cedric Henderson,Georgia
Kevin Henderson,Maryland
Conner Henry,California
Jeff Hornacek,Illinois
Myron Jackson,Arkansas
Buck Johnson,Alabama
Steffond Johnson,Pennsylvania
Anthony Jones,District of Columbia
Tim Kempton,New York
Curtis Kitchen,Florida
Larry Krystkowiak,Montana
Jim Lampley,Pennsylvania
Fernando Martin,Spain
Maurice Martin,New York
Forrest McKenzie,New Jersey
Nate McMillan,North Carolina
Cozell McQueen,France
Pete Myers,Alabama
Johnny Newman,Virginia
Dennis Nutt,Arkansas
Chuck Person,Alabama
Dwayne Polee,California
Harold Pressley,New York
Mark Price,Oklahoma
Dennis Rodman*,New Jersey
Johnny Rogers,California
Ron Rowan,Pennsylvania
John Salley,New York
Brad Sellers,Ohio
McKinley Singleton,Tennessee
Scott Skiles,Indiana
Clinton Smith,Ohio
Keith Smith,New York
Otis Smith,Florida
Roy Tarpley,New York
Billy Thompson,New Jersey
Andre Turner,Tennessee
Kenny Walker,Georgia
Chris Washburn,North Carolina
Pearl Washington,New York
John Williams,Connecticut
David Wingate,Maryland
Brad Wright,California
Perry Young,Maryland
Mark Acres,California
Steve Alford,Indiana
Greg Anderson,Texas
Joe Arlauckas,New York
Vincent Askew,Tennessee
Nate Blackwell,Pennsylvania
Muggsy Bogues,Maryland
Norris Coleman,Florida
Dallas Comegys,Pennsylvania
Winston Crite,California
Billy Donovan,New York
Chris Dudley,Pennsylvania
Jim Farmer,Alabama
Tellis Frank,Indiana
Kevin Gamble,Illinois
Winston Garland,Indiana
Armen Gilliam,Pennsylvania
Horace Grant,Georgia
Dave Henderson,North Carolina
Dave Hoppen,Nebraska
Dennis Hopson,Ohio
Eddie Hughes,Mississippi
Mark Jackson,New York
Michael Jackson,District of Columbia
Kannard Johnson,Ohio
Kevin Johnson,Alabama
Bart Kofoed,Nebraska
Ralph Lewis,Pennsylvania
Reggie Lewis,Maryland
Brad Lohaus,Minnesota
Derrick McKey,Mississippi
Reggie Miller*,California
Andre Moore,Illinois
Ron Moore,New York
Ronnie Murphy,Delaware
Tod Murphy,California
Martin Nessley,Ohio
Ken Norman,Illinois
Scottie Pippen*,Arkansas
Olden Polynice,Haiti
Richard Rellford,Florida
Scott Roth,Ohio
Brian Rowsom,New Jersey
Kenny Smith,New York
John Stroeder,Washington
Mark Wade,California
Milt Wagner,New Jersey
Jamie Waller,Virginia
Duane Washington,Germany
Chris Welp,Germany
Clinton Wheeler,New Jersey
Eric White,California
Tony White,North Carolina
Reggie Williams,Maryland
Nikita Wilson,Louisiana
Ricky Wilson,Kentucky
Rickie Winslow,Texas
Joe Wolf,Wisconsin
Phil Zevenbergen,Washington
Randy Allen,Florida
Michael Anderson,Pennsylvania
Willie Anderson,South Carolina
Ricky Berry,Michigan
Anthony Bowie,Oklahoma
Scott Brooks,California
Mark Bryant,New Jersey
Greg Butler,California
Mike Champion,Washington
Rex Chapman,Kentucky
Derrick Chievous,New York
Mark Davis,Virginia
Fennis Dembo,Alabama
Ledell Eackles,Louisiana
Kevin Edwards,Ohio
Wayne Englestad,California
Rolando Ferreira,Brazil
Duane Ferrell,Maryland
Anthony Frederick,California
Corey Gaines,California
Tom Garrick,Rhode Island
Ben Gillery,Michigan
Orlando Graham,Alabama
Ron Grandison,California
Gary Grant,Ohio
Harvey Grant,Georgia
Sylvester Gray,Tennessee
Jeff Grayer,Michigan
Jack Haley,California
Hersey Hawkins,Illinois
Tito Horford,Dominican Republic
Avery Johnson,Louisiana
Bill Jones,Michigan
Shelton Jones,New York
Steve Kerr,Lebanon
Randolph Keys,Mississippi
Jerome Lane,Ohio
Andrew Lang,Arkansas
Eric Leckner,California
Jim Les,Illinois
Rob Lock,California
Grant Long,Michigan
Dan Majerle,Michigan
Danny Manning,Mississippi
Vernon Maxwell,Florida
Todd Mitchell,Ohio
Chris Morris,Georgia
Richard Morton,California
Craig Neal,Indiana
Jose Ortiz,Puerto Rico
Will Perdue,Florida
Tim Perry,New Jersey
Dave Popson,Pennsylvania
Dominic Pressley,District of Columbia
Mitch Richmond*,Florida
Ramon Rivas,Puerto Rico
David Rivers,New Jersey
Rob Rose,New York
Jim Rowinski,New York
Rony Seikaly,Lebanon
Charles Shackleford,North Carolina
John Shasky,Michigan
Brian Shaw,California
Keith Smart,Louisiana
Charles Smith,Connecticut
Rik Smits,Netherlands
John Starks,Oklahoma
Everette Stephens,Illinois
Rod Strickland,Florida
Barry Sumpter,Illinois
Anthony Taylor,California
Tom Tolbert,California
Kelvin Upshaw,Illinois
Morlon Wiley,Louisiana
Micheal Williams,Washington
David Wood,Washington
Nick Anderson,Illinois
Michael Ansley,Alabama
Dana Barros,Massachusetts
Kenny Battle,Illinois
Winston Bennett,Kentucky
Mookie Blaylock,Texas
Chucky Brown,New York
Raymond Brown,Georgia
Stanley Brundy,Louisiana
Torgeir Bryn,Norway
Steve Bucknall,United Kingdom
Adrian Caldwell,Texas
Lanard Copeland,Georgia
Terry Davis,Virginia
Byron Dinkins,North Carolina
Vlade Divac,Serbia
Sherman Douglas,District of Columbia
Terry Dozier,Maryland
Blue Edwards,District of Columbia
Jay Edwards,Washington
Sean Elliott,Arizona
Pervis Ellison,Georgia
Derrick Gervin,Michigan
Greg Grant,New Jersey
Scott Haffner,Indiana
Tom Hammonds,Florida
Tim Hardaway,Illinois
Mike Higgins,Nebraska
Ed Horton,Illinois
Byron Irvin,Illinois
Jaren Jackson,Louisiana
Eric Johnson,New York
Nate Johnston,Alabama
Shawn Kemp,Indiana
Stan Kimbrough,Alabama
Stacey King,Oklahoma
Frank Kornet,Kentucky
Jeff Lebo,Pennsylvania
Tim Legler,District of Columbia
Gary Leonard,Illinois
Clifford Lett,Florida
Todd Lichti,California
Roy Marble,Michigan
Sarunas Marciulionis*,Lithuania
Jeff Martin,Arkansas
Anthony Mason,Florida
Bob McCann,New Jersey
Mel McCants,Illinois
George McCloud,Florida
Carlton McKinney,California
Scott Meents,Illinois
Sam Mitchell,Georgia
Mike Morrison,District of Columbia
John Morton,New York
Dyron Nix,Mississippi
Zarko Paspalj,Montenegro
Kenny Payne,Mississippi
Drazen Petrovic*,Croatia
Brian Quinnett,Washington
Glen Rice,Arkansas
Pooh Richardson,Pennsylvania
Clifford Robinson,California
David Robinson*,Florida
Doug Roth,Tennessee
Donald Royal,Louisiana
Delaney Rudd,North Carolina
Jeff Sanders,Georgia
Dexter Shouse,Indiana
Michael Smith,New York
Jay Taylor,Illinois
Leonard Taylor,California
Alexander Volkov,Russia
Doug West,Pennsylvania
Randy White,Louisiana
Mike Williams,Washington
Haywoode Workman,North Carolina
Alaa Abdelnaby,Egypt
Mahmoud Abdul-Rauf,Delaware
Keith Askins,Alabama
Milos Babic,Serbia
Cedric Ball,Massachusetts
Lance Blanks,Texas
Anthony Bonner,Missouri
Dee Brown,Florida
Jud Buechler,California
Matt Bullard,Iowa
Willie Burton,Michigan
Rick Calloway,Ohio
Elden Campbell,California
Duane Causwell,New York
Cedric Ceballos,Hawaii
Richard Coffey,North Carolina
Derrick Coleman,Alabama
Bimbo Coles,Virginia
Anthony Cook,California
Tony Dawson,North Carolina
Mario Elie,New York
Danny Ferry,Maryland
Greg Foster,California
Tate George,New Jersey
Kendall Gill,Illinois
Gerald Glass,Mississippi
Dan Godfread,Indiana
Jim Grandholm,Indiana
Tony Harris,Louisiana
Steve Henson,Kansas
Sean Higgins,California
Tyrone Hill,Ohio
Dave Jamerson,West Virginia
Henry James,Alabama
Les Jepsen,North Dakota
Alec Kessler,Minnesota
Bo Kimble,Pennsylvania
Negele Knight,Michigan
Kurk Lee,Maryland
Marcus Liberty,Illinois
Ian Lockhart,Bahamas
Tony Massenburg,Virginia
Travis Mays,Florida
Terry Mills,Michigan
Chris Munk,California
Jerrod Mustaf,North Carolina
Dan O'Sullivan,New York
Alan Ogg,Ohio
Brian Oliver,Illinois
Gerald Paddio,Louisiana
Walter Palmer,New York
Gary Payton*,California
Kevin Pritchard,Indiana
Larry Robinson,Louisiana
Rumeal Robinson,Jamaica
Steve Scheffler,Michigan
Dwayne Schintzius,Florida
Dennis Scott,Maryland
Lionel Simmons,Pennsylvania
Felton Spencer,Kentucky
Irving Thomas,New York
Andy Toolson,Illinois
Loy Vaught,Michigan
Stojko Vrankovic,Croatia
Jayson Williams,South Carolina
Kenny Williams,New York
Scott Williams,California
Trevor Wilson,California
Kennard Winchester,Maryland
Howard Wright,Kentucky
Victor Alexander,Michigan
Kenny Anderson,New York
Greg Anthony,Nevada
Stacey Augmon,California
Isaac Austin,California
Steve Bardo,Kentucky
David Benoit,Louisiana
Terrell Brandon,Oregon
Kevin Brooks,South Carolina
Myron Brown,Pennsylvania
Randy Brown,Georgia
Demetrius Calip,Michigan
Pete Chilcutt,South Carolina
Marty Conlon,New York
Tom Copa,Minnesota
Chris Corchiani,Florida
Corey Crowder,Georgia
Dale Davis,Georgia
Bison Dele,California
Patrick Eddie,Wisconsin
LeRon Ellis,New York
Rick Fox,Canada
Chris Gatling,New Jersey
Paul Graham,Pennsylvania
Sean Green,California
Carl Herrera,Trinidad and Tobago
Donald Hodge,District of Columbia
Brian Howard,North Carolina
Cedric Hunter,Texas
Mike Iuzzolino,Pennsylvania
Rich King,Nebraska
Doug Lee,Illinois
Luc Longley,Australia
Kevin Lynch,Minnesota
Mark Macon,Michigan
Tharon Mayes,Connecticut
Rodney Monroe,Maryland
Tracy Moore,Oklahoma
Eric Murdock,New Jersey
Dikembe Mutombo*,Democratic Republic of the Congo
Jimmy Oliver,Arkansas
Billy Owens,Pennsylvania
Keith Owens,California
Robert Pack,Louisiana
Elliot Perry,Tennessee
Bobby Phills,Louisiana
Mark Randall,Minnesota
Stanley Roberts,South Carolina
LaBradford Smith,Mississippi
Steve Smith,Michigan
Larry Stewart,Pennsylvania
Derek Strong,California
Lamont Strothers,Virginia
Greg Sutton,California
Carl Thomas,Ohio
Charles Thomas,Ohio
Stephen Thompson,California
John Turner,District of Columbia
Joao Vianna,Brazil
Eric Anderson,Illinois
Anthony Avent,North Carolina
Jon Barry,California
Tony Bennett,Wisconsin
Alex Blackwell,New Jersey
Ricky Blanton,Florida
Walter Bond,Illinois
Dexter Cambridge,Bahamas
Doug Christie,Washington
Duane Cooper,Michigan
Joe Courtney,Mississippi
John Crotty,New Jersey
Radisav Curcic,Serbia
Lloyd Daniels,New York
Hubert Davis,North Carolina
Todd Day,Illinois
Pat Durham,Texas
LaPhonso Ellis,Illinois
Matt Geiger,Massachusetts
Litterial Green,Mississippi
Tom Gugliotta,New York
Jay Guidinger,Wisconsin
Robert Horry,Alabama
Byron Houston,Kansas
Stephen Howard,Texas
Jim Jackson,Ohio
Keith Jennings,Virginia
Dave Johnson,Louisiana
Thomas Jordan,Maryland
Adam Keefe,California
Christian Laettner,New York
Sam Mack,Illinois
Don MacLean,California
Marlon Maxey,Illinois
Lee Mayberry,Oklahoma
Oliver Miller,Texas
Harold Miner,California
Isaiah Morris,Virginia
Alonzo Mourning*,Virginia
Tracy Murray,California
Melvin Newbern,Ohio
Shaquille O'Neal*,New Jersey
Matt Othick,New Mexico
Doug Overton,Pennsylvania
Anthony Peeler,Missouri
Brent Price,Oklahoma
Anthony Pullard,Louisiana
Sean Rooks,New York
Malik Sealy,New York
Chris Smith,Connecticut
Reggie Smith,California
Andre Spencer,California
Elmore Spencer,Georgia
Latrell Sprewell,Wisconsin
Barry Stevens,Michigan
Bryant Stith,Virginia
Gundars Vetra,Latvia
Clarence Weatherspoon,Mississippi
Marcus Webb,Alabama
Robert Werdann,New York
Corey Williams,Georgia
Lorenzo Williams,Florida
Randy Woods,Pennsylvania
Gary Alexander,Florida
Vin Baker,Florida
Corie Blount,California
Shawn Bradley,Germany
Evers Burns,Maryland
Scott Burrell,Connecticut
Mitchell Butler,Tennessee
Sam Cassell,Maryland
Calbert Cheaney,Indiana
Michael Curry,Alabama
Antonio Davis,California
Brian Davis,Pennsylvania
Terry Dehere,New York
Dell Demps,California
Acie Earl,Illinois
Bill Edwards,Ohio
Doug Edwards,Florida
Harold Ellis,Georgia
Alphonso Ford,Mississippi
Chad Gallagher,Illinois
Andrew Gaze,Australia
Ricky Grace,Texas
Greg Graham,Indiana
Josh Grant,Utah
Andres Guibert,Cuba
Geert Hammink,Netherlands
Anfernee Hardaway,Tennessee
Lucious Harris,California
Antonio Harvey,Mississippi
Scott Haskin,California
Skeeter Henry,Texas
Allan Houston,Kentucky
Lindsey Hunter,Mississippi
Bobby Hurley,New Jersey
Stanley Jackson,Alabama
Chris Jent,California
Ervin Johnson,New York
Popeye Jones,Tennessee
Adonis Jordan,New York
Reggie Jordan,Illinois
Warren Kidd,Alabama
Chris King,North Carolina
Toni Kukoc,Croatia
George Lynch,Virginia
Malcolm Mackey,Tennessee
Gerald Madkins,California
Bob Martin,Minnesota
Jamal Mashburn,New York
Darnell Mee,Tennessee
Chris Mills,California
Darren Morningstar,Washington
Gheorghe Muresan,Romania
Bo Outlaw,Texas
Mike Peplowski,Michigan
Richard Petruska,Slovakia
Dino Radja,Croatia
Isaiah Rider,California
Eric Riley,Ohio
James Robinson,California
Rodney Rogers,North Carolina
Bryon Russell,California
Kevin Thompson,North Carolina
Keith Tower,Montana
Rex Walters,Nebraska
Chris Webber,Michigan
Matt Wenstrom,Minnesota
David Wesley,Texas
Chris Whitney,Kentucky
Aaron Williams,Illinois
Luther Wright,New Jersey
Derrick Alston,New York
Darrell Armstrong,North Carolina
Sergei Bazarevich,Russia
Elmer Bennett,Illinois
James Blackwell,New York
Tim Breaux,Louisiana
Chris Childs,California
Bill Curley,Massachusetts
Yinka Dare,Nigeria
Tony Dumas,Illinois
Howard Eisley,Michigan
Matt Fish,Iowa
Brian Grant,Ohio
Darrin Hancock,Alabama
Jerome Harmon,Indiana
Grant Hill,Texas
Tom Hovasse,Colorado
Juwan Howard,Illinois
Askia Jones,Pennsylvania
Eddie Jones,Alabama
Jason Kidd,California
Antonio Lang,Arkansas
Ryan Lorthridge,Tennessee
Donyell Marshall,Pennsylvania
Darrick Martin,Colorado
Jim McIlvaine,Wisconsin
Aaron McKie,Pennsylvania
Anthony Miller,Michigan
Greg Minor,Georgia
Eric Mobley,New York
Eric Montross,Indiana
Dwayne Morton,Kentucky
Lamond Murray,California
Ivano Newbill,Missouri
Julius Nwosu,Nigeria
Wesley Person,Alabama
Derrick Phelps,New York
Eric Piatkowski,Ohio
Eldridge Recasner,Louisiana
Khalid Reeves,New York
Glenn Robinson,Indiana
Carlos Rogers,Michigan
Jalen Rose,Michigan
Clifford Rozier,Florida
Trevor Ruffin,New York
Dickey Simpkins,Maryland
Reggie Slater,Texas
Mark Strickland,Georgia
Aaron Swinson,Georgia
Zan Tabak,Croatia
Brooks Thompson,Texas
Anthony Tucker,District of Columbia
Fred Vinson,North Carolina
Charlie Ward,Georgia
Jamie Watson,North Carolina
Monty Williams,Virginia
Dontonio Wingfield,Georgia
Sharone Wright,Georgia
Cory Alexander,Virginia
Jerome Allen,Pennsylvania
John Amaechi,Massachusetts
Ashraf Amaya,Illinois
Brent Barry,New York
Corey Beck,Tennessee
Mario Bennett,Texas
Travis Best,Massachusetts
Melvin Booker,Mississippi
Donnie Boyce,Illinois
Marques Bragg,New Jersey
Junior Burrough,North Carolina
Jason Caffey,Alabama
Chris Carr,Missouri
Randolph Childress,District of Columbia
Robert Churchwell,Indiana
Charles Claxton,U.S. Virgin Islands
John Coker,Washington
Rastko Cvetkovic,Serbia
Sasha Danilovic,Bosnia and Herzegovina
Andrew DeClercq,Michigan
Tyus Edney,California
Vincenzo Esposito,Italy
Michael Finley,Illinois
Sherell Ford,Louisiana
Kevin Garnett,South Carolina
Anthony Goldwire,Florida
Thomas Hamilton,Illinois
Alvin Heggs,Florida
Alan Henderson,Indiana
Fred Hoiberg,Nebraska
Darryl Johnson,Louisiana
Frankie King,Georgia
Jimmy King,Oklahoma
Voshon Lenard,Michigan
Cedric Lewis,District of Columbia
Martin Lewis,Kansas
Rich Manning,Washington
Donny Marshall,Pennsylvania
Cuonzo Martin,Missouri
Clint McDaniel,Oklahoma
Antonio McDyess,Mississippi
Loren Meyer,Iowa
Lawrence Moten,District of Columbia
Todd Mundt,Iowa
Howard Nathan,Illinois
Ed O'Bannon,California
Greg Ostertag,Texas
Theo Ratliff,Alabama
Bryant Reeves,Arkansas
Don Reid,District of Columbia
Terrence Rencher,New York
Shawn Respert,Michigan
Lou Roe,New Jersey
Stefano Rusconi,Italy
Arvydas Sabonis*,Lithuania
Joe Smith,Mississippi
Eric Snow,Ohio
Jerry Stackhouse,North Carolina
Damon Stoudamire,Oregon
Bob Sura,Pennsylvania
Larry Sykes,Ohio
Kurt Thomas,Texas
Gary Trent,Ohio
Logan Vander,Wisconsin
David Vaughn,Tennessee
Rasheed Wallace,Pennsylvania
Jeff Webster,Arkansas
Dwayne Whitfield,Mississippi
Eric Williams,New Jersey
Corliss Williamson,Georgia
George Zidek,Czech Republic
Shareef Abdur-Rahim,Georgia
Ray Allen,Florida
Shandon Anderson,Georgia
Dexter Boney,Delaware
Bruce Bowen,California
Mark Bradtke,Australia
Marcus Brown,Arkansas
Kobe Bryant,Pennsylvania
Marcus Camby,Connecticut
Jimmy Carruth,Texas
Erick Dampier,Mississippi
Ben Davis,Florida
Emanual Davis,Pennsylvania
Tony Delk,Tennessee
Aleksandar Djordjevic,Serbia
Nate Driggers,Illinois
Brian Evans,Illinois
Jamie Feick,Ohio
Derek Fisher,Arkansas
Todd Fuller,Michigan
Dean Garrett,California
Reggie Geary,New Jersey
Devin Gray,Maryland
Evric Gray,California
Darvin Ham,Michigan
Steve Hamer,Tennessee
Othella Harrington,Mississippi
Michael Hawkins,Ohio
Shane Heal,Australia
Mark Hendrickson,Washington
Allen Iverson*,Virginia
Kerry Kittles,Ohio
Travis Knight,Utah
Priest Lauderdale,Illinois
Randy Livingston,Louisiana
Horacio Llamas,Mexico
Matt Maloney,Maryland
Stephon Marbury,New York
Walter McCarty,Indiana
Amal McCaskill,Illinois
Jeff McInnis,North Carolina
Martin Muursepp,Estonia
Steve Nash,South Africa
Ruben Nembhard,New York
Gaylon Nickerson,Arkansas
Moochie Norris,District of Columbia
Jermaine O'Neal,South Carolina
Ray Owes,California
Vitaly Potapenko,Ukraine
Chris Robinson,Georgia
Roy Rogers,North Carolina
Malik Rose,Pennsylvania
Kevin Salvadori,West Virginia
Jason Sasser,Texas
Brent Scott,Michigan
James Scott,New Jersey
Shawnelle Scott,New York
Stevin Smith,Michigan
Matt Steigenga,Michigan
Joe Stephens,California
Erick Strickland,Alabama
Brett Szabo,Iowa
Antoine Walker,New York
Samaki Walker,Ohio
Ben Wallace,Alabama
John Wallace,New York
Donald Whiteside,Illinois
Jerome Williams,District of Columbia
Lorenzen Wright,New Jersey
Tariq Abdul-Wahad,France
Derek Anderson,Kentucky
Chris Anstey,Australia
Drew Barry,California
Tony Battie,Texas
Chauncey Billups,Colorado
Etdrick Bohannon,California
Keith Booth,Maryland
Rick Brunson,New York
Kelvin Cato,Georgia
Keith Closs,Connecticut
James Collins,Florida
James Cotton,Montana
Chris Crawford,Michigan
Austin Croshere,California
William Cunningham,Georgia
Antonio Daniels,Ohio
Tim Duncan,U.S. Virgin Islands
Tony Farmer,California
Danny Fortson,Pennsylvania
Adonal Foyle,Saint Vincent and the Grenadines
Lawrence Funderburke,Ohio
Chris Garner,Tennessee
Kiwane Garris,Illinois
Ed Gray,California
Derek Grimm,Illinois
Reggie Hanson,North Carolina
Jerald Honeycutt,Louisiana
Troy Hudson,Illinois
Zydrunas Ilgauskas,Lithuania
Bobby Jackson,North Carolina
Anthony Johnson,California
Dontae' Jones,Tennessee
Brevin Knight,New Jersey
Rusty LaRue,North Carolina
Jason Lawson,Pennsylvania
Michael McDonald,Texas
Tracy McGrady,Florida
Ron Mercer,Tennessee
Marko Milic,Slovenia
Jeff Nordgaard,Minnesota
Charles O'Bannon,California
Kevin Ollie,Texas
Anthony Parker,Illinois
Scot Pollard,Utah
Mark Pope,Nebraska
Rodrick Rhodes,New Jersey
Shea Seals,Oklahoma
God Shammgod,New York
Kebu Stewart,New York
Michael Stewart,France
Ed Stokes,New York
Johnny Taylor,Tennessee
Maurice Taylor,Michigan
John Thomas,Georgia
Tim Thomas,New Jersey
Jacque Vaughn,California
Eric Washington,Mississippi
Bubba Wells,Kentucky
DeJuan Wheat,Kentucky
Brandon Williams,Louisiana
Travis Williams,South Carolina
Peter Aluma,Nigeria
Toby Bailey,California
LaMark Baker,Ohio
Corey Benjamin,California
Mike Bibby,New Jersey
Earl Boykins,Ohio
Cory Carr,Arkansas
Vince Carter,Florida
Keon Clark,Illinois
Ricky Davis,Nevada
Michael Dickerson,South Carolina
Michael Doleac,Texas
Bryce Drew,Louisiana
Marlon Garnett,California
Pat Garrity,Nevada
Paul Grant,Pennsylvania
Matt Harpring,Ohio
Al Harrington,New Jersey
Larry Hughes,Missouri
Randell Jackson,California
Sam Jacobson,Minnesota
Jerome James,Florida
Antawn Jamison,Louisiana
Damon Jones,Texas
Jonathan Kerner,Georgia
Gerard King,West Virginia
Raef LaFrentz,Iowa
Rashard Lewis,Pennsylvania
Felipe Lopez,Dominican Republic
Tyronn Lue,Missouri
Sean Marks,New Zealand
Kelly McCarty,Illinois
Jelani McCoy,California
Roshown McLeod,New Jersey
Brad Miller,Indiana
Cuttino Mobley,Pennsylvania
Nazr Mohammed,Illinois
Mikki Moore,South Carolina
Makhtar N'Diaye,Senegal
Tyrone Nesby,Illinois
Rasho Nesterovic,Slovenia
Dirk Nowitzki,Germany
Michael Olowokandi,Nigeria
Andrae Patterson,California
Ruben Patterson,Ohio
Paul Pierce,California
Casey Shaw,Ohio
Jeffrey Sheppard,Georgia
Miles Simon,Sweden
Alvin Sims,Kentucky
Brian Skinner,Texas
Ryan Stack,Tennessee
Peja Stojakovic,Croatia
Bruno Sundov,Croatia
Robert Traylor,Michigan
Bonzi Wells,Indiana
Tyson Wheeler,Connecticut
Jahidi White,Missouri
Jason Williams,South Carolina
Shammond Williams,New York
Trevor Winter,Minnesota
Korleone Young,Kansas
Rafer Alston,New York
Chucky Atkins,Florida
William Avery,Georgia
Jonathan Bender,Mississippi
Calvin Booth,Ohio
Lazaro Borrell,Cuba
Cal Bowdler,Virginia
Ryan Bowen,Iowa
Ira Bowman,New Jersey
Elton Brand,New York
Greg Buckner,Kentucky
Rodney Buford,Wisconsin
Anthony Carter,Wisconsin
John Celestand,Texas
Vonteego Cummings,Georgia
Baron Davis,California
Derrick Dial,Michigan
Obinna Ekezie,Nigeria
Evan Eschmeyer,Ohio
Jeff Foster,Texas
Steve Francis,Maryland
Devean George,Minnesota
Dion Glover,Georgia
Adrian Griffin,Kansas
Richard Hamilton,Pennsylvania
Chris Herren,Massachusetts
Derek Hood,Missouri
Rick Hughes,Illinois
Jermaine Jackson,Michigan
Tim James,Florida
Harold Jamison,South Carolina
DeMarco Johnson,California
Jumaine Jones,Florida
Lari Ketner,Pennsylvania
Trajan Langdon,California
Quincy Lewis,Arkansas
Todd MacCulloch,Canada
Corey Maggette,Illinois
Shawn Marion,Illinois
Andre Miller,Michigan
Jason Miskiri,Guyana
Lamar Odom,New York
Scott Padgett,Kentucky
Milt Palacio,California
James Posey,Ohio
Laron Profit,South Carolina
Aleksandar Radojevic,Montenegro
Ryan Robertson,Oklahoma
Eddie Robinson,Michigan
Michael Ruffin,Colorado
Wally Szczerbiak,Pennsylvania
Jason Terry,Washington
Jamel Thomas,New York
Kenny Thomas,Georgia
Mirsad Turkcan,Serbia
Wayne Turner,Massachusetts
Dedric Willoughby,Louisiana
Tim Young,California
Courtney Alexander,Virginia
Erick Barkley,New York
Raja Bell,U.S. Virgin Islands
Mark Blount,New York
Brian Cardinal,Illinois
Mateen Cleaves,Michigan
Jason Collier,Florida
Sean Colson,Pennsylvania
Jamal Crawford,Washington
Keyon Dooling,Florida
Khalid El-Amin,Minnesota
Marcus Fizer,Michigan
Ruben Garces,Panama
Eddie Gill,Colorado
Steve Goodrich,Pennsylvania
Zendon Hamilton,New York
Jason Hart,California
Donnell Harvey,Georgia
Eddie House,California
Marc Jackson,New York
Stephen Jackson,Alabama
DerMarr Johnson,California
Garth Joseph,Dominica
Dan Langhi,Illinois
Art Long,New York
Mark Madsen,California
Jamaal Magloire,Canada
Kenyon Martin,Michigan
Desmond Mason,Texas
Dan McClintock,California
Paul McPherson,Illinois
Stanislav Medvedenko,Ukraine
Chris Mihm,Wisconsin
Darius Miles,Illinois
Mike Miller,South Dakota
Jerome Moiso,France
Hanno Mottola,Finland
Mamadou N'Diaye,Senegal
Lee Nailon,Indiana
Eduardo Najera,Mexico
Ira Newble,Michigan
Olumide Oyedeji,Nigeria
Andy Panko,Pennsylvania
Mike Penberthy,California
Morris Peterson,Michigan
Chris Porter,Alabama
Lavor Postell,Georgia
Joel Przybilla,Minnesota
Michael Redd,Ohio
Quentin Richardson,Illinois
Terrance Roberson,Michigan
Jamal Robinson,California
Soumaila Samake,Mali
Pepe Sanchez,Argentina
Daniel Santiago,Texas
Jabari Smith,Georgia
Mike Smith,New York
DeShawn Stevenson,California
Stromile Swift,Louisiana
Dragan Tarlac,Serbia
Jake Tsakalidis,Georgia
Hedo Turkoglu,Turkey
David Vanterpool,Florida
Jake Voskuhl,Oklahoma
Ruben Wolkowyski,Argentina
Wang Zhizhi,China
Malik Allen,New Jersey
Chris Andersen,California
Gilbert Arenas,California
Brandon Armstrong,California
Carlos Arroyo,Puerto Rico
Mengke Bateer,China
Shane Battier,Michigan
Charlie Bell,Michigan
Ruben Boumtje-Boumtje,Cameroon
Michael Bradley,Massachusetts
Jamison Brewer,Georgia
Primoz Brezec,Slovenia
Damone Brown,California
Ernest Brown,New York
Kedrick Brown,Louisiana
Kwame Brown,South Carolina
Tierre Brown,Louisiana
Tyson Chandler,California
Speedy Claxton,New York
Jarron Collins,Florida
Jason Collins,Florida
Joe Crispin,New Jersey
Eddy Curry,Illinois
Samuel Dalembert,Haiti
DeSagana Diop,Senegal
Predrag Drobnjak,Montenegro
Maurice Evans,Kansas
Isaac Fontaine,California
Alton Ford,Mississippi
Joseph Forte,Georgia
Antonis Fotsis,Greece
Tremaine Fowlkes,California
Pau Gasol,Spain
Eddie Griffin,Pennsylvania
Tang Hamilton,Mississippi
Trenton Hassell,Tennessee
Kirk Haston,Tennessee
Brendan Haywood,New York
Steven Hunter,Illinois
Mike James,New York
Richard Jefferson,California
Joe Johnson,Mississippi
Alvin Jones,Luxembourg
Andrei Kirilenko,Russia
Terence Morris,Maryland
Troy Murphy,New Jersey
Dean Oliver,Illinois
Tony Parker,Belgium
Vladimir Radmanovic,Bosnia and Herzegovina
Zach Randolph,Indiana
Zeljko Rebraca,Serbia
Jason Richardson,Michigan
Norm Richardson,New York
Jeryl Sasser,Texas
Kenny Satterfield,New York
Brian Scalabrine,California
Ansu Sesay,North Carolina
Bobby Simmons,Illinois
Leon Smith,Illinois
Will Solomon,Connecticut
Etan Thomas,New York
Jamaal Tinsley,New York
Oscar Torres,Venezuela
Jeff Trepagnier,California
Ratko Varda,Bosnia and Herzegovina
Gerald Wallace,Alabama
Earl Watson,Kansas
Rodney White,Alabama
Loren Woods,Missouri
Robert Archibald,United Kingdom
Maceo Baston,Texas
Mike Batiste,California
Lonny Baxter,Maryland
Carlos Boozer,Germany
Devin Brown,Florida
Pat Burke,Ireland
Caron Butler,Wisconsin
Rasual Butler,Pennsylvania
Dan Dickau,Oregon
Juan Dixon,Maryland
Melvin Ely,Illinois
Reggie Evans,Florida
Dan Gadzuric,Netherlands
Manu Ginobili,Argentina
Gordan Giricek,Croatia
Drew Gooden,California
Marcus Haislip,Tennessee
Adam Harrington,Massachusetts
Junior Harrington,North Carolina
Juaquin Hawkins,California
Nene Hilario,Brazil
Nate Huffman,Michigan
Ryan Humphrey,Oklahoma
Casey Jacobsen,California
Marko Jaric,Serbia
Chris Jefferies,California
Jared Jeffries,Indiana
Fred Jones,Arkansas
Sean Lampley,Illinois
Tito Maddox,California
Roger Mason,District of Columbia
Yao Ming*,China
Ronald Murray,Pennsylvania
Bostjan Nachbar,Slovenia
Mehmet Okur,Turkey
Chris Owens,Ohio
Jannero Pargo,Illinois
Smush Parker,New York
Tayshaun Prince,California
Igor Rakocevic,Serbia
Efthimi Rentzias,Greece
Antoine Rigaudeau,France
Guy Rucker,Michigan
Kareem Rush,Missouri
John Salmons,Pennsylvania
Jamal Sampson,California
Predrag Savovic,Croatia
Paul Shirley,Kansas
Tamar Slay,West Virginia
Amar'e Stoudemire,Florida
Cezary Trybanski,Poland
Nikoloz Tskitishvili,Georgia
Jiri Welsch,Czech Republic
Chris Wilcox,North Carolina
Mike Wilks,Wisconsin
Frank Williams,California
Jay Williams,South Carolina
Qyntel Woods,Tennessee
Vincent Yarbrough,Tennessee
Carmelo Anthony,New York
Marcus Banks,Nevada
Leandro Barbosa,Brazil
Matt Barnes,Rhode Island
Jerome Beasley,California
Troy Bell,Minnesota
Steve Blake,Florida
Keith Bogans,Virginia
Curtis Borchardt,New York
Chris Bosh,Texas
Torraye Braggs,California
Zarko Cabarkapa,Serbia
Matt Carroll,Pennsylvania
Maurice Carter,Mississippi
Brian Cook,Illinois
Omar Cook,New York
Marquis Daniels,Florida
Josh Davis,Michigan
Boris Diaw,France
Kaniel Dickens,Colorado
Ronald Dupree,Mississippi
Ndudi Ebi,United Kingdom
Francisco Elson,Netherlands
Desmond Ferguson,Michigan
Richie Frahm,Washington
Hiram Fuller,Missouri
Reece Gaines,Wisconsin
Alex Garcia,Brazil
Willie Green,Michigan
Ben Handlogten,Michigan
Travis Hansen,Utah
Udonis Haslem,Florida
Jarvis Hayes,Georgia
Kirk Hinrich,Iowa
Josh Howard,North Carolina
Brandon Hunter,Ohio
LeBron James,Ohio
Britton Johnsen,Utah
Linton Johnson,Illinois
Dahntay Jones,Texas
Chris Kaman,Michigan
Jason Kapono,California
Kyle Korver,California
Maciej Lampe,Poland
Raul Lopez,Spain
Keith McLeod,Ohio
Darko Milicic,Serbia
Travis Outlaw,Mississippi
Zaza Pachulia,Georgia
Desmond Penigar,California
Kirk Penney,New Zealand
Kendrick Perkins,Texas
Mickael Pietrus,Guadeloupe
Zoran Planinic,Bosnia and Herzegovina
Luke Ridnour,Idaho
Theron Smith,Florida
Darius Songaila,Lithuania
Mike Sweetney,Maryland
Ime Udoka,Oregon
Slavko Vranes,Serbia
Dwyane Wade,Illinois
Luke Walton,California
David West,New Jersey
Mo Williams,Virginia
Tony Allen,Illinois
Rafael Araujo,Brazil
Trevor Ariza,Florida
Maurice Baker,Illinois
Andre Barrett,New York
Andris Biedrins,Latvia
Tony Bobbitt,Florida
Matt Bonner,New Hampshire
Antonio Burks,Tennessee
Jackie Butler,Mississippi
Geno Carlisle,Michigan
Lionel Chalmers,New York
Josh Childress,California
Nick Collison,Iowa
Erik Daniels,Ohio
Carlos Delfino,Argentina
Luol Deng,South Sudan
Chris Duhon,Louisiana
Corsley Edwards,Maryland
John Edwards,Ohio
Andre Emmett,Texas
Luis Flores,Dominican Republic
Matt Freije,Kansas
Ben Gordon,United Kingdom
Devin Harris,Wisconsin
David Harrison,Tennessee
Dwight Howard,Georgia
Kris Humphries,Minnesota
Andre Iguodala,Illinois
Royal Ivey,New York
Al Jefferson,Mississippi
Horace Jenkins,New Jersey
Mario Kasun,Croatia
Viktor Khryapa,Ukraine
Brandin Knight,New Jersey
Nenad Krstic,Serbia
Ibo Kutluay,Turkey
Shaun Livingston,Illinois
Kevin Martin,Michigan
Jameer Nelson,Pennsylvania
Andres Nocioni,Argentina
Emeka Okafor,Texas
Pavel Podkolzin,Russia
Justin Reed,Mississippi
Jared Reiner,South Dakota
Bernard Robinson,District of Columbia
Quinton Ross,Texas
Ha Seung-Jin,Republic of Korea
Josh Smith,Mississippi
Kirk Snyder,California
Pape Sow,Senegal
Awvee Storey,Illinois
Robert Swift,California
Yuta Tabuse,Japan
Sebastian Telfair,New York
Billy Thomas,Louisiana
James Thomas,New York
Beno Udrih,Slovenia
Anderson Varejao,Brazil
Jackson Vroman,California
Sasha Vujacic,Slovenia
Delonte West,District of Columbia
Damien Wilkins,Idaho
Dorell Wright,California
Alex Acker,California
Alan Anderson,Minnesota
Martynas Andriuskevicius,Lithuania
Earl Barron,Mississippi
Eddie Basden,New York
Brandon Bass,Louisiana
Esteban Batista,Uruguay
Andray Blatche,New York
Andrew Bogut,Australia
Kevin Burleson,Washington
Andrew Bynum,New Jersey
Will Bynum,Illinois
Jose Calderon,Spain
Travis Diener,Wisconsin
Ike Diogu,New York
Monta Ellis,Mississippi
Daniel Ewing,Florida
Noel Felix,California
Raymond Felton,South Carolina
Gerald Fitch,Georgia
Sharrod Ford,Louisiana
Channing Frye,New York
Deng Gai,South Sudan
Francisco Garcia,Dominican Republic
Ryan Gomes,Connecticut
Joey Graham,Delaware
Stephen Graham,Delaware
Danny Granger,Louisiana
Devin Green,Ohio
Gerald Green,Texas
Orien Greene,Florida
Anthony Grundy,Kentucky
Chuck Hayes,California
Luther Head,Illinois
Julius Hodge,New York
Randy Holcomb,Illinois
Jarrett Jack,Maryland
Sarunas Jasikevicius,Lithuania
Amir Johnson,California
Dwayne Jones,Texas
Linas Kleiza,Lithuania
Yaroslav Korolev,Russia
David Lee,California
Arvydas Macijauskas,Lithuania
Rawle Marshall,Guyana
Jason Maxiell,Illinois
Sean May,Illinois
Rashad McCants,North Carolina
Aaron Miles,Oregon
Sergei Monia,Russia
Boniface N'Dong,Senegal
Fabricio Oberto,Argentina
Andre Owens,Indiana
Chris Paul,North Carolina
Johan Petro,France
Josh Powell,South Carolina
Ronnie Price,Texas
Shavlik Randolph,North Carolina
Anthony Roberson,Tennessee
Lawrence Roberts,Texas
Nate Robinson,Washington
Melvin Sanders,Kansas
Alex Scales,Wisconsin
Luke Schenscher,Australia
Wayne Simien,Kansas
James Singleton,Illinois
Salim Stoudamire,Oregon
Chris Taft,New York
Donell Taylor,District of Columbia
Dijon Thompson,California
Ronny Turiaf,Martinique
Charlie Villanueva,New York
Von Wafer,Louisiana
Matt Walsh,Pennsylvania
Hakim Warrick,Pennsylvania
Martell Webster,Maryland
Robert Whaley,Michigan
Deron Williams,West Virginia
Lou Williams,Florida
Marvin Williams,Mississippi
Antoine Wright,California
Bracey Wright,California
Derrick Zimmerman,Louisiana
Hassan Adams,California
Maurice Ager,Michigan
LaMarcus Aldridge,Texas
Lou Amundson,California
Hilton Armstrong,New York
James Augustine,Illinois
Kelenna Azubuike,United Kingdom
Renaldo Balkman,New York
Andrea Bargnani,Italy
Will Blalock,Massachusetts
Josh Boone,Maryland
Cedric Bozeman,California
Ronnie Brewer,Arkansas
Andre Brown,Illinois
Shannon Brown,Illinois
Rodney Carney,Tennessee
Mardy Collins,Pennsylvania
Will Conroy,Oregon
Paul Davis,Michigan
Yakhouba Diawara,France
Quincy Douby,New York
Jordan Farmar,California
Desmon Farmer,Michigan
Randy Foye,New Jersey
Jorge Garbajosa,Spain
Rudy Gay,New York
Mickael Gelabale,Guadeloupe
Daniel Gibson,Texas
Andreas Glyniadakis,Greece
Lynn Greer,Pennsylvania
Mike Hall,Illinois
Walter Herrmann,Argentina
Robert Hite,Ohio
Ryan Hollins,California
Mile Ilic,Bosnia and Herzegovina
Ersan Ilyasova,Turkey
Alexander Johnson,Georgia
Solomon Jones,Florida
Tarence Kinsey,Florida
James Lang,Alabama
Kyle Lowry,Pennsylvania
Renaldo Major,Illinois
Damir Markota,Bosnia and Herzegovina
Chris McCray,Maryland
Ivan McFarlin,Texas
Pops Mensah-Bonsu,United Kingdom
Paul Millsap,Louisiana
Randolph Morris,Texas
Adam Morrison,Montana
David Noel,North Carolina
Steve Novak,Illinois
Patrick O'Bryant,Iowa
Kevinn Pinkney,California
Leon Powe,California
Roger Powell,Illinois
Chris Quinn,Louisiana
Allan Ray,New York
Jeremy Richardson,Pennsylvania
Sergio Rodriguez,Spain
Rajon Rondo,Kentucky
Brandon Roy,Washington
Thabo Sefolosha,Switzerland
Cedric Simmons,North Carolina
Uros Slokar,Slovenia
Craig Smith,California
Steven Smith,Michigan
Vassilis Spanoulis,Greece
Tyrus Thomas,Louisiana
James White,Missouri
Justin Williams,Illinois
Marcus Williams,Mississippi
Shawne Williams,New York
Shelden Williams,New York
Arron Afflalo,California
Blake Ahearn,Missouri
Lance Allred,Utah
Morris Almond,Georgia
Joel Anthony,Canada
Marco Belinelli,Italy
Corey Brewer,Tennessee
Aaron Brooks,Washington
Wilson Chandler,Michigan
Mike Conley,Arkansas
Daequan Cook,California
Javaris Crittenton,Georgia
Jermareo Davidson,Georgia
Glen Davis,Louisiana
Guillermo Diaz,Puerto Rico
Jared Dudley,California
Kevin Durant,District of Columbia
Nick Fazekas,Colorado
Kyrylo Fesenko,Ukraine
Thomas Gardner,Oregon
Marcin Gortat,Poland
Aaron Gray,California
Taurean Green,Florida
Mike Harris,Texas
Spencer Hawes,Washington
Al Horford,Dominican Republic
Yi Jianlian,China
Coby Karl,Montana
Carl Landry,Wisconsin
Keith Langford,Texas
Stephane Lasme,Gabon
Acie Law,Texas
Ian Mahinmi,France
Dominic McGuire,California
Josh McRoberts,Indiana
Jamario Moon,Alabama
Demetris Nichols,Massachusetts
Joakim Noah,New York
Oleksiy Pecherov,Ukraine
Kosta Perovic,Croatia
Kasib Powell,New Jersey
Gabe Pruitt,California
Chris Richard,Florida
Luis Scola,Argentina
Ramon Sessions,South Carolina
Courtney Sims,Massachusetts
Jason Smith,Georgia
Rodney Stuckey,Washington
Al Thornton,Georgia
Alando Tucker,Ohio
Darius Washington,Florida
Darryl Watkins,New Jersey
Mario West,Virginia
Sean Williams,Texas
Brandan Wright,California
Julian Wright,Illinois
Nick Young,California
Thaddeus Young,Louisiana
Alexis Ajinca,France
Joe Alexander,Taiwan
Ryan Anderson,California
Darrell Arthur,Texas
Nicolas Batum,France
Jerryd Bayless,Arizona
Michael Beasley,Maryland
Bobby Brown,Ohio
Mario Chalmers,Alaska
Joe Crawford,Michigan
Joey Dorsey,Maryland
Chris Douglas-Roberts,Michigan
Goran Dragic,Slovenia
Rudy Fernandez,Spain
Danilo Gallinari,Italy
Marc Gasol,Spain
Eric Gordon,Indiana
Donte Greene,Germany
Hamed Haddadi,Islamic Republic of Iran
Malik Hairston,Michigan
Roy Hibbert,New York
George Hill,Indiana
Steven Hill,Kansas
Othello Hunter,North Carolina
Darnell Jackson,Oklahoma
Nathan Jawai,Australia
Dontell Jefferson,Georgia
Trey Johnson,Mississippi
DeAndre Jordan,Texas
Kosta Koufos,Ohio
Rob Kurz,Pennsylvania
Courtney Lee,Indiana
Brook Lopez,California
Robin Lopez,California
Kevin Love,California
Cartier Martin,Texas
JaVale McGee,Michigan
Anthony Morrow,North Carolina
DeMarcus Nelson,California
Greg Oden,New York
Anthony Randolph,Germany
Derrick Rose,Illinois
Brandon Rush,Missouri
Walter Sharpe,Alabama
Sean Singletary,Pennsylvania
Marreese Speights,Florida
Mike Taylor,Illinois
Jason Thompson,New York
Anthony Tolliver,Missouri
Roko Ukic,Croatia
Kyle Weaver,Wisconsin
Sonny Weems,Arkansas
Russell Westbrook,California
Jawad Williams,South Carolina
Sun Yue,China
David Andersen,Minnesota
Antonio Anderson,New York
Rodrigue Beaubois,Guadeloupe
DeJuan Blair,Pennsylvania
Jon Brockman,Washington
Derrick Brown,Florida
Chase Budinger,California
DeMarre Carroll,Alabama
Omri Casspi,Israel
Earl Clark,New Jersey
Darren Collison,California
Dante Cunningham,Maryland
JamesOn Curry,North Carolina
Stephen Curry,Ohio
Austin Daye,California
DeMar DeRozan,California
Toney Douglas,Georgia
Wayne Ellington,Pennsylvania
Tyreke Evans,Pennsylvania
Jonny Flynn,New York
Sundiata Gaines,New York
Alonzo Gee,Florida
Taj Gibson,New York
Trey Gilder,Texas
Danny Green,California
Taylor Griffin,Oklahoma
Tyler Hansbrough,Missouri
James Harden,California
Jordan Hill,Georgia
Jrue Holiday,California
Lester Hudson,Tennessee
Chris Hunter,Indiana
Serge Ibaka,Republic of the Congo
Cedric Jackson,New Mexico
Othyus Jeffers,Illinois
Brandon Jennings,California
Jonas Jerebko,Sweden
James Johnson,Wyoming
Oliver Lafayette,Louisiana
Marcus Landry,Wisconsin
Ty Lawson,Maryland
Wesley Matthews,Florida
Eric Maynor,North Carolina
Jodie Meeks,Georgia
Patty Mills,Louisiana
Byron Mullens,Ohio
DaJuan Summers,Maryland
Jermaine Taylor,Arkansas
Jeff Teague,Indiana
Garrett Temple,Louisiana
Hasheem Thabeet,United Republic of Tanzania
Marcus Thornton,Louisiana
Terrence Williams,Washington
Sam Young,District of Columbia
Jeff Adrien,Massachusetts
Solomon Alabi,Nigeria
Cole Aldrich,Minnesota
Al-Farouq Aminu,Georgia
James Anderson,Arkansas
Omer Asik,Turkey
Luke Babbitt,Ohio
Eric Bledsoe,Alabama
Trevor Booker,South Carolina
Craig Brackins,California
Avery Bradley,Washington
Derrick Caracter,New Jersey
Sherron Collins,Illinois
Marcus Cousin,Maryland
DeMarcus Cousins,Alabama
Jordan Crawford,Michigan
Ed Davis,District of Columbia
Zabian Dowdell,Florida
Devin Ebanks,New York
Semih Erden,Turkey
Jeremy Evans,Arkansas
Patrick Ewing,Jamaica
Christian Eyenga,Democratic Republic of the Congo
Derrick Favors,Georgia
Landry Fields,California
Gary Forbes,Panama
Paul George,California
Blake Griffin,Oklahoma
Luke Harangody,Illinois
Manny Harris,Michigan
Gordon Hayward,Indiana
Lazar Hayward,New York
Xavier Henry,Belgium
Damion James,New Mexico
Eugene Jeter,California
Armon Johnson,Minnesota
Chris Johnson,Texas
Wesley Johnson,Texas
Dominique Jones,Tennessee
Gani Lawal,Georgia
Jeremy Lin,California
Greg Monroe,Louisiana
Timofey Mozgov,Russia
Hamady N'Diaye,Senegal
Gary Neal,Maryland
Larry Owens,Arizona
Patrick Patterson,District of Columbia
Nikola Pekovic,Montenegro
Dexter Pittman,Texas
Quincy Pondexter,California
Andy Rautins,New York
Samardo Samuels,Jamaica
Larry Sanders,Florida
Kevin Seraphin,French Guiana
Mustafa Shakur,Pennsylvania
Garret Siler,Georgia
Ish Smith,North Carolina
Tiago Splitter,Brazil
Lance Stephenson,New York
Pape Sy,France
Evan Turner,Illinois
Ekpe Udoh,Oklahoma
Ben Uzoh,Texas
Greivis Vasquez,Venezuela
John Wall,North Carolina
Willie Warren,Texas
Hassan Whiteside,North Carolina
Lavoy Allen,Pennsylvania
Gustavo Ayon,Mexico
Keith Benson,Indiana
Bismack Biyombo,Democratic Republic of the Congo
MarShon Brooks,New Jersey
Alec Burks,Missouri
Jimmy Butler,Texas
Derrick Byars,Tennessee
Norris Cole,Ohio
Eric Dawson,Texas
Justin Dentmon,Illinois
Jerome Dyson,Maryland
Kenneth Faried,New Jersey
Jeff Foote,New York
Courtney Fortson,Texas
Jimmer Fredette,New York
Mickell Gladness,Alabama
Andrew Goudelock,Georgia
Jordan Hamilton,Kentucky
Justin Harper,Virginia
Josh Harrellson,Missouri
Terrel Harris,Texas
Tobias Harris,Louisiana
Cory Higgins,California
Darington Hobson,Nevada
Tyler Honeycutt,California
Dennis Horner,New Jersey
Kyrie Irving,Australia
Reggie Jackson,Italy
Charles Jenkins,New York
Carldell Johnson,Louisiana
Ivan Johnson,Texas
JaJuan Johnson,Wyoming
Jerome Jordan,Jamaica
Cory Joseph,Canada
Enes Kanter,Switzerland
Brandon Knight,New Jersey
Malcolm Lee,California
Kawhi Leonard,California
Travis Leslie,Georgia
Jon Leuer,Minnesota
DeAndre Liggins,Illinois
Shelvin Mack,Kentucky
Vernon Macklin,Virginia
Darius Morris,California
Daniel Orton,Oklahoma
Jeremy Pargo,Illinois
Chandler Parsons,Florida
Ryan Reid,Florida
Ricky Rubio,Spain
Josh Selby,Maryland
Iman Shumpert,Illinois
Xavier Silas,Texas
Chris Singleton,Georgia
Donald Sloan,Louisiana
Jerry Smith,Wisconsin
Nolan Smith,Kentucky
Greg Stiemsma,Wisconsin
Julyan Stone,Virginia
Isaiah Thomas,Illinois
Lance Thomas,New York
Malcolm Thomas,Missouri
Trey Thompkins,Canada
Klay Thompson,California
Mychel Thompson,Bahamas
Tristan Thompson,Canada
Jeremy Tyler,California
Edwin Ubiles,New York
Jan Vesely,Czech Republic
Nikola Vucevic,Switzerland
Kemba Walker,Georgia
Derrick Williams,West Virginia
Elliot Williams,Tennessee
Jordan Williams,Connecticut
Chris Wright,Ohio
Quincy Acy,Texas
Josh Akognon,California
Will Barton,Maryland
Aron Baynes,New Zealand
Kent Bazemore,North Carolina
Bradley Beal,Missouri
Patrick Beverley,Illinois
Victor Claver,Spain
Chris Copeland,New Jersey
Jae Crowder,Georgia
Jared Cunningham,California
Anthony Davis,California
Andre Drummond,New York
Kim English,Maryland
Festus Ezeli,Nigeria
Evan Fournier,France
Joel Freeland,United Kingdom
Draymond Green,Michigan
Ben Hansbrough,Missouri
Maurice Harkless,New York
John Henson,North Carolina
Justin Holiday,California
Bernard James,Georgia
John Jenkins,Tennessee
Orlando Johnson,California
Darius Johnson-Odom,Louisiana
DeQuan Jones,Georgia
Kevin Jones,New York
Perry Jones,Louisiana
Terrence Jones,Oregon
Kris Joseph,Canada
Michael Kidd-Gilchrist,Pennsylvania
Viacheslav Kravtsov,Ukraine
Doron Lamb,New York
Jeremy Lamb,Virginia
Meyers Leonard,Virginia
Damian Lillard,California
Scott Machado,New York
Kendall Marshall,Virginia
Fab Melo,Brazil
Khris Middleton,South Carolina
Darius Miller,Kentucky
Quincy Miller,Illinois
Donatas Motiejunas,Lithuania
Arnett Moultrie,New York
Kevin Murphy,Georgia
Andrew Nicholson,Canada
Kyle O'Quinn,New York
Tim Ohlbrecht,Germany
Miles Plumlee,Indiana
Pablo Prigioni,Argentina
Austin Rivers,California
Brian Roberts,Ohio
Thomas Robinson,District of Columbia
Terrence Ross,Oregon
Robert Sacre,Louisiana
Mike Scott,Virginia
Tornike Shengelia,Georgia
Alexey Shved,Russia
Henry Sims,Maryland
Kyle Singler,Oregon
Jared Sullinger,Ohio
Jeffery Taylor,Arkansas
Tyshawn Taylor,New Jersey
Marquis Teague,Indiana
Mirza Teletovic,Bosnia and Herzegovina
Jonas Valanciunas,Lithuania
Jarvis Varnado,Virginia
Dion Waiters,Pennsylvania
Maalik Wayns,Pennsylvania
Tony Wroten,Washington
Luke Zeller,Iowa
Tyler Zeller,California
Steven Adams,New Zealand
Giannis Antetokounmpo,Greece
Pero Antic,FYR Macedonia
Chris Babb,Texas
Anthony Bennett,Canada
Vander Blue,Wisconsin
Lorenzo Brown,Georgia
Reggie Bullock,Maryland
Trey Burke,Ohio
Dwight Buycks,Wisconsin
Nick Calathes,Florida
Kentavious Caldwell-Pope,Georgia
Isaiah Canaan,Mississippi
Michael Carter-Williams,Massachusetts
Dionte Christmas,Pennsylvania
Ian Clark,Tennessee
Robert Covington,Illinois
Allen Crabbe,California
Seth Curry,North Carolina
Troy Daniels,Virginia
Luigi Datome,Italy
Brandon Davies,Pennsylvania
Dewayne Dedmon,California
Matthew Dellavedova,Australia
Gorgui Dieng,Senegal
Shane Edwards,California
Vitor Faverani,Brazil
Carrick Felix,Arizona
Jamaal Franklin,California
Rudy Gobert,France
Archie Goodwin,Arkansas
Jorge Gutierrez,Mexico
Justin Hamilton,California
Elias Harris,Germany
Solomon Hill,California
Scotty Hopson,Kentucky
Robbie Hummel,Indiana
Sergey Karasev,Russia
Ryan Kelly,New York
Ognjen Kuzmic,Bosnia and Herzegovina
Shane Larkin,Ohio
Ricky Ledo,Rhode Island
Alex Len,Ukraine
Ray McCallum,Wisconsin
Ben McLemore,Missouri
Gal Mekel,Israel
Tony Mitchell,Ohio
Shabazz Muhammad,California
Erik Murphy,France
Toure' Murry,Texas
Mike Muscala,Minnesota
Nemanja Nedovic,Serbia
James Nunnally,California
Victor Oladipo,Maryland
Kelly Olynyk,Canada
Arinze Onuaku,Maryland
Mason Plumlee,Indiana
Otto Porter,Missouri
Phil Pressey,Texas
Miroslav Raduljica,Serbia
Andre Roberson,Tennessee
Dennis Schroder,Germany
Peyton Siva,Washington
Tony Snell,California
James Southerland,New York
Adonis Thomas,Tennessee
Hollis Thompson,California
Casper Ware,California
Royce White,Alabama
Jeff Withey,California
Nate Wolters,Minnesota
Cody Zeller,Indiana
Jordan Adams,Georgia
Furkan Aldemir,Turkey
Kyle Anderson,New York
Cameron Bairstow,Australia
Jerrelle Benimon,Virginia
Sim Bhullar,Canada
Tarik Black,Tennessee
Bojan Bogdanovic,Serbia
Jabari Brown,California
Markel Brown,Arkansas
Bruno Caboclo,Brazil
Will Cherry,California
Patrick Christopher,California
Jordan Clarkson,Florida
Jack Cooley,Illinois
Bryce Cotton,Arizona
Andre Dawkins,Virginia
Spencer Dinwiddie,California
Zoran Dragic,Slovenia
Cleanthony Early,New York
James Ennis,California
Tyler Ennis,Canada
Dante Exum,Australia
Tim Frazier,Texas
Langston Galloway,Louisiana
Aaron Gordon,California
Drew Gordon,California
Jerami Grant,Oregon
Erick Green,California
JaMychal Green,Alabama
Gary Harris,Indiana
Joe Harris,Washington
Rodney Hood,Mississippi
Joe Ingles,Australia
Cory Jefferson,Washington
Grant Jerrett,California
Nick Johnson,Arizona
Tyler Johnson,North Dakota
Sean Kilpatrick,New York
Alex Kirk,New Mexico
Joffrey Lauvergne,France
Zach LaVine,Washington
Kalin Lucas,Michigan
Devyn Marble,Michigan
Doug McDermott,North Dakota
Mitch McGary,Indiana
Jerel McNeal,Illinois
Elijah Millsap,Louisiana
Nikola Mirotic,Montenegro
Eric Moreland,Texas
Shabazz Napier,Massachusetts
Nerlens Noel,Massachusetts
Lucas Nogueira,Brazil
Jusuf Nurkic,Bosnia and Herzegovina
Johnny O'Bryant,Mississippi
Kostas Papanikolaou,Greece
Jabari Parker,Illinois
Adreian Payne,Ohio
Elfrid Payton,Louisiana
Dwight Powell,Canada
Julius Randle,Texas
Damjan Rudez,Croatia
JaKarr Sampson,California
Marcus Smart,Texas
Russ Smith,New York
Nik Stauskas,Canada
David Stockton,Washington
Jarnell Stokes,Tennessee
Noah Vonleh,Massachusetts
David Wear,California
Travis Wear,California
Shayne Whittington,Michigan
Andrew Wiggins,Canada
James Young,Michigan
Cliff Alexander,Illinois
Justin Anderson,Virginia
Thanasis Antetokounmpo,Greece
Keith Appling,Michigan
Nemanja Bjelica,Serbia
Devin Booker,Michigan
Anthony Brown,Illinois
Willie Cauley-Stein,Kansas
Rakeem Christmas,New Jersey
Coty Clarke,Tennessee
Pat Connaughton,Massachusetts
Branden Dawson,Indiana
Bryce Dejean-Jones,California
Sam Dekker,Wisconsin
Duje Dukan,Croatia
Jarell Eddie,Florida
Cristiano Felicio,Brazil
Jerian Grant,Oregon
Montrezl Harrell,North Carolina
Aaron Harrison,Texas
Mario Hezonja,Croatia
Darrun Hilliard,Pennsylvania
Rondae Hollis-Jefferson,Pennsylvania
Richaun Holmes,Illinois
Marcelo Huertas,Brazil
Josh Huestis,Texas
Damien Inglis,French Guiana
Stanley Johnson,Pennsylvania
Nikola Jokic,Serbia
Tyus Jones,Minnesota
Frank Kaminsky,Illinois
Sasha Kaun,Russia
Kevon Looney,Wisconsin
Trey Lyles,Canada
Boban Marjanovic,Serbia
Jarell Martin,Louisiana
Chris McCullough,New York
Jordan McRae,Georgia
Salah Mejri,Tunisia
Jordan Mickey,Texas
Luis Montero,Dominican Republic
Emmanuel Mudiay,Democratic Republic of the Congo
Raul Neto,Brazil
Jahlil Okafor,Illinois
Kelly Oubre,Louisiana
Lamar Patterson,Pennsylvania
Cameron Payne,Tennessee
Tibor Pleiss,Germany
Bobby Portis,Arkansas
Kristaps Porzingis,Latvia
Norman Powell,California
Willie Reed,Louisiana
Josh Richardson,Oklahoma
Terry Rozier,Ohio
Jonathon Simmons,Alabama
Alex Stepheson,California
Walter Tavares,Cape Verde
Axel Toupane,France
Karl-Anthony Towns,New Jersey
Myles Turner,Texas
Rashad Vaughn,Minnesota
Briante Weber,Virginia
Justise Winslow,Texas
Christian Wood,California
Delon Wright,California
Joe Young,Texas
Alex Abrines,Spain
Ron Baker,Kansas
Wade Baldwin,New Jersey
Malik Beasley,Georgia
DeAndre' Bembry,North Carolina
Dragan Bender,Bosnia and Herzegovina
Davis Bertans,Latvia
Joel Bolomboy,Ukraine
Malcolm Brogdon,Georgia
Jaylen Brown,California
Nicolas Brussino,Argentina
Marquese Chriss,California
Semaj Christon,Ohio
Quinn Cook,District of Columbia
Deyonta Davis,Michigan
Malcolm Delaney,Maryland
Cheick Diallo,Mali
Kris Dunn,Connecticut
Henry Ellenson,Wisconsin
Joel Embiid,Cameroon
Kay Felder,Michigan
Yogi Ferrell,Indiana
Dorian Finney-Smith,Virginia
Bryn Forbes,Michigan
Patricio Garino,Argentina
Michael Gbinije,Connecticut
Marcus Georges-Hunt,Florida
Jonathan Gibson,California
Treveon Graham,District of Columbia
Andrew Harrison,Texas
Juan Hernangomez,Spain
Willy Hernangomez,Spain
Buddy Hield,Bahamas
Danuel House,Texas
Brandon Ingram,North Carolina
Demetrius Jackson,Indiana
Pierre Jackson,Nevada
Brice Johnson,Utah
Damian Jones,Texas
Derrick Jones,Georgia
Mindaugas Kuzminskas,Lithuania
Skal Labissiere,Haiti
Nicolas Laprovittola,Argentina
Jake Layman,Massachusetts
Caris LeVert,Ohio
Shawn Long,Louisiana
Timothe Luwawu-Cabarrot,France
Patrick McCaw,Missouri
Sheldon McClellan,Texas
Rodney McGruder,Maryland
Dejounte Murray,Washington
Jamal Murray,Canada
Maurice Ndour,Senegal
Georges Niang,Massachusetts
David Nwaba,California
Daniel Ochefu,Maryland
Chinanu Onuaku,Maryland
Georgios Papagiannis,Greece
Gary Payton,California
Marshall Plumlee,Indiana
Jakob Poeltl,Austria
Alex Poythress,Georgia
Tim Quarterman,Georgia
Chasson Randle,Illinois
Malachi Richardson,New Jersey
Domantas Sabonis,Oregon
Dario Saric,Croatia
Tomas Satoransky,Czech Republic
Wayne Selden,Massachusetts
Pascal Siakam,Cameroon
Diamond Stone,Wisconsin
Isaiah Taylor,California
Mike Tobey,New York
Tyler Ulis,Michigan
Jarrod Uthoff,Iowa
Denzel Valentine,Michigan
Fred VanVleet,Illinois
Okaro White,Florida
Isaiah Whitehead,New York
Troy Williams,South Carolina
Kyle Wiltjer,Oregon
Stephen Zimmerman,Tennessee
Paul Zipser,Germany
Ivica Zubac,Bosnia and Herzegovina
