,Player,birth_state
1,Cliff Barker,Indiana
4,Ralph Beard,Kentucky
6,Charlie Black,Idaho
7,Nelson Bobb,Pennsylvania
8,Jake Bornheimer,New Jersey
9,Vince Boryla,Indiana
10,Don Boven,Michigan
11,Harry Boykoff,New York
12,Joe Bradley,Oklahoma
14,Carl Braun,New York
15,Frankie Brian,Louisiana
16,Price Brookfield,Texas
17,Bob Brown,Ohio
18,Jim Browne,Illinois
19,Walt Budko,New Jersey
21,Tommy Byrnes,New Jersey
22,Bill Calhoun,California
23,Don Carlson,Minnesota
26,Al Cervi*,New York
28,Leroy Chollet,Louisiana
29,Bill Closs,Texas
31,Jack Coleman,Kentucky
34,Jack Cotton,Montana
35,Dillard Crocker,Tennessee
36,Chink Crossin,Pennsylvania
37,Fran Curran,Illinois
39,Bob Davies*,Pennsylvania
40,Hook Dillon,Georgia
43,Bob Doll,Colorado
44,Harry Donovan,New Jersey
46,Dike Eddleman,Illinois
47,Gene Englund,Wisconsin
48,Bob Evans,Indiana
49,Johnny Ezersky,New York
50,Bob Feerick,California
52,Arnie Ferrin,Utah
53,Jerry Fleishman,New York
54,Joe Fulks*,Kentucky
56,Elmer Gainer,Illinois
57,Harry Gallatin*,Illinois
58,Vern Gardner,Wyoming
66,Bud Grant,Wisconsin
67,Don Grate,Ohio
68,Alex Groza,Ohio
71,Chick Halbert,Texas
72,Bruce Hale,Oregon
74,Alex Hannum*,California
75,John Hargis,Texas
76,Bob Harris,Tennessee
77,Bob Harrison,Tennessee
79,Marshall Hawkins,West Virginia
80,Bill Henry,Texas
82,Kleggie Hermsen,Minnesota
83,Sonny Hertzberg,New York
86,Red Holzman*,New York
87,Gene James,Ohio
89,Tony Jaros,Minnesota
90,Buddy Jeannette*,Pennsylvania
91,Arnie Johnson,Minnesota
95,George Kaftan,New York
98,Bob Kinney,Kansas
99,Walt Kirk,Illinois
100,Leo Klier,Indiana
101,Duane Klueh,North Dakota
102,Lee Knorek,Poland
107,Tony Lavelli,Massachusetts
109,Andrew Levane,New York
110,Freddie Lewis,New York
112,John Logan,Indiana
113,Ray Lumpp,New York
114,Ed Macauley*,Missouri
116,John Mahnken,New Jersey
117,John Mandic,California
118,Slater Martin*,Texas
119,Ariel Maughan,Utah
120,Matt Mazza,New York
122,Dick McGuire*,New York
123,Bones McKinney,North Carolina
129,George Mikan*,Illinois
130,Vern Mikkelsen*,California
135,Joe Mullaney,New York
136,Jerry Nagel,Illinois
138,Richie Niemiera,Illinois
139,Paul Noel,Kentucky
140,Jim Nolan,Georgia
141,Johnny Norlander,Minnesota
142,George Nostrand,New York
143,Mike Novak,Illinois
146,Dick O'Keefe,California
147,John Oldham,Kentucky
148,Gene Ollrich,Indiana
149,Johnny Orr,Kansas
150,Don Otten,Ohio
151,Mac Otten,Ohio
153,Easy Parham,Texas
154,Jack Parkinson,Indiana
158,Warren Perkins,Louisiana
160,Jack Phelan,Illinois
161,Andy Phillip*,Illinois
162,Jim Pollard*,California
166,George Ratkovicz,Illinois
167,Don Ray,Tennessee
169,Arnie Risen*,Kentucky
170,Tex Ritter,Kentucky
171,Bill Roberts,Indiana
172,Red Rocha,Hawaii
173,Kenny Rollins,Missouri
175,Jerry Rullo,Pennsylvania
176,Ed Sadowski,Pennsylvania
177,Kenny Sailors,Nebraska
179,Herm Schaefer,Indiana
181,Fred Schaus,Ohio
182,Dolph Schayes*,New York
184,Howie Schultz,Minnesota
185,Dick Schulz,Wisconsin
186,Fred Scolari,California
187,Wayne See,Arizona
189,Rollie Seltz,Minnesota
190,Jim Seminoff,California
191,George Senesky,Pennsylvania
192,Paul Seymour,Ohio
193,Carl Shaeffer,Indiana
194,Howie Shannon,Kansas
196,Connie Simmons,New Jersey
197,Belus Smawley,North Carolina
198,Jack Smiley,Illinois
201,Art Spector,Pennsylvania
205,Jack Toomay,California
206,Bob Tough,New York
207,Blackie Towery,Kentucky
208,Dick Triptow,Illinois
211,Ernie Vandeweghe,Canada
212,Floyd Volker,Wyoming
214,Clint Wager,Minnesota
216,Brady Walker,Utah
217,Paul Walther,Kentucky
218,Bobby Wanzer*,New York
219,Murray Wier,Iowa
222,Max Zaslofsky,New York
224,Paul Arizin*,Pennsylvania
227,Ike Borsavage,Pennsylvania
229,Gerry Calabrese,New Jersey
231,Nat Clifton*,Arkansas
233,Bob Cousy*,New York
236,Ray Ellefson,South Dakota
237,Larry Foust,Ohio
242,Don Lofgran,California
247,Tommy O'Keefe,New Jersey
248,Kevin O'Shea,California
249,Don Rehfeldt,Illinois
251,Alan Sawyer,California
253,Dick Schnittker,Ohio
254,Bill Sharman*,Texas
255,Don Barksdale*,California
256,Elmer Behnke,Illinois
260,Dick Dickey,Indiana
263,Lew Hitch,Illinois
264,Mel Hutchins,California
265,Neil Johnston*,Ohio
267,George King,West Virginia
268,John McConathy,Louisiana
269,Alfred McGuire*,New York
271,Ralph O'Brien,Kentucky
274,John Pilch,Wyoming
276,Sam Ranzino,Indiana
281,Whitey Skoog,Minnesota
285,Jim Baechtold,Pennsylvania
286,Jim Brasco,New York
287,Dick Bunt,New York
288,Gene Conley,Oklahoma
292,Dick Groat,Pennsylvania
299,Jack McCloskey,Pennsylvania
303,Monk Meineke,Ohio
305,Bill Mlkvy,Pennsylvania
317,Mark Workman,West Virginia
318,Zeke Zawoluk,New York
319,Don Ackerman,New York
320,Don Asmonga,Pennsylvania
321,Ernie Barrett,Kansas
322,Ernie Beck,Pennsylvania
325,Walt Davis,Texas
328,Ray Felix,New York
330,Jack George,Pennsylvania
332,Norm Grekin,Pennsylvania
334,Bob Houbregs*,Canada
335,Billy Kenville,New York
336,Dick Knostman,Kansas
337,Clyde Lovellette*,Indiana
339,Jack Molinas,New York
342,Bob Peterson,California
343,James Phelan,Illinois
347,Ed Smith,Ohio
349,Don Sunderlage,Illinois
350,Norm Swanson,Illinois
352,Isaac Walthour,New York
353,George Yardley*,California
359,Larry Costello,New York
360,George Dempsey,Pennsylvania
363,Chuck Grigsby,Ohio
364,Herm Hedderick,Pennsylvania
366,Mike Kearns,New Jersey
367,Red Kerr,Illinois
375,Jackie Moore,Pennsylvania
378,Togo Palazzi,New Jersey
379,Bob Pettit*,Louisiana
380,Frank Ramsey*,Kentucky
382,Frank Selvy,Kentucky
383,Gene Shue,Maryland
385,Jim Tucker,Kentucky
386,Jack Turner,Indiana
387,Bobby Watson,Kentucky
389,Jesse Arnelle,New York
390,Dick Atha,Indiana
395,Walter Dukes,New York
397,Al Ferrari,New York
399,Dick Garmaker,Minnesota
400,Tom Gola*,Pennsylvania
401,Chris Harris,United Kingdom
402,Dick Hemric,North Carolina
405,Jim Loscutoff,California
406,Chuck Mencel,Wisconsin
408,Med Park,South Dakota
409,Richie Regan,New Jersey
410,Dick Ricketts,Pennsylvania
411,Bob Santini,New York
413,Kenny Sears,California
415,Maurice Stokes*,Pennsylvania
416,Jack Twyman*,Pennsylvania
419,Bob Armstrong,Michigan
421,Gary Bergen,Missouri
422,Al Bianchi,New York
423,Bob Burrow,Arkansas
424,Si Green,New York
425,Richie Guerin*,New York
426,Cliff Hagan*,Kentucky
427,Tom Heinsohn*,New Jersey
429,Bob Hopkins,Louisiana
430,Phil Jordon,California
431,Hal Lear,Pennsylvania
432,Slick Leonard*,Indiana
434,Willie Naulls,Texas
435,Jim Paxson,Indiana
438,Bill Russell*,Louisiana
439,Ron Shavlik,Colorado
440,Ron Sobie,Illinois
441,Norm Stewart,Missouri
443,Lou Tsioropoulos,Massachusetts
449,Bo Erias,New York
450,Larry Friend,Illinois
453,Sam Jones*,North Carolina
454,Jim Krebs,Missouri
455,Brendan McCann,New York
456,Worthy Patterson,Connecticut
459,Lennie Rosenbluth,New York
460,Woody Sauldsberry,Louisiana
461,Guy Sparrow,Michigan
462,Charlie Tyra,Kentucky
463,Jim Walsh,California
465,Elgin Baylor*,District of Columbia
466,Jerry Bird,Kentucky
467,Bucky Bockhorn,Illinois
468,Pete Brennan,New York
470,Archie Dees,Mississippi
471,Connie Dierking,New York
473,Wayne Embry*,Ohio
474,Mike Farmer,Oklahoma
475,Dave Gambee,Oregon
476,Hal Greer*,West Virginia
477,Steve Hamilton,Kentucky
478,Vern Hatton,Kentucky
479,Andy Johnson,California
481,Tommy Kearns,New York
483,Jim Palmer,Virginia
484,Jack Parr,Kentucky
485,Hub Reed,Oklahoma
486,Guy Rodgers*,Pennsylvania
487,Phil Rollins,Kentucky
491,Bob Anderegg,Wisconsin
492,Dick Barnett,Indiana
493,Whitey Bell,Kentucky
494,Wilt Chamberlain*,Pennsylvania
495,Bob Ferry,Missouri
496,Johnny Green,Ohio
497,Gene Guarilia,Pennsylvania
498,Tom Hawkins,Illinois
499,Bailey Howell*,Tennessee
501,Rudy LaRusso,New York
503,Cal Ramsey,Alabama
505,Joe Ruklick,Illinois
509,Al Attles,New Jersey
510,Bob Boozer,Nebraska
511,Dave Budd,New Jersey
512,Ralph Davis,Kentucky
514,Darrall Imhoff,California
518,Pickles Kennedy,Pennsylvania
521,Bob McNeill,Pennsylvania
522,Jackie Moreland,Louisiana
523,Don Ohl,Illinois
525,Oscar Robertson*,Tennessee
526,Tom Sanders*,New York
527,Jerry West*,West Virginia
528,Lenny Wilkens*,New York
530,Walt Bellamy*,North Carolina
531,George Blaney,New Jersey
534,Cleveland Buckner,Mississippi
536,Donnie Butcher,Kentucky
537,Al Butler,New York
538,Howie Carl,Illinois
539,Jimmy Darrow,Ohio
540,Johnny Egan,Connecticut
542,Cleo Hill,New Jersey
543,Ron Horn,Indiana
545,York Larese,New York
548,Tom Meschery,China
550,Bevo Nordmann,Missouri
552,Gary Phillips,Illinois
554,Ray Scott,Pennsylvania
555,Lee Shaffer,Illinois
557,Adrian Smith,Kentucky
559,Sam Stith,Virginia
560,Horace Walker,Pennsylvania
564,John Barnhill,Kentucky
565,Zelmo Beaty*,Texas
566,Bill Bridges,New Mexico
567,Len Chappell,Pennsylvania
568,Johnny Cox,Kentucky
569,Dave DeBusschere*,Michigan
570,Terry Dischinger,Indiana
571,Danny Doyle,New York
573,Leroy Ellis,New York
575,Jack Foley,Massachusetts
577,Charlie Hardnett,Georgia
578,John Havlicek*,Ohio
579,Wayne Hightower,Pennsylvania
581,Kevin Loughery,New York
582,Bill McGill,Texas
585,Don Nelson*,Michigan
588,John Rudometkin,California
590,Tom Stith,Virginia
591,Dan Swartz,Kentucky
592,Dan Tieman,Kentucky
594,Chico Vaughn,Oregon
595,Chet Walker*,Mississippi
596,Ben Warley,District of Columbia
600,Jay Arnette,Texas
602,Mel Gibson,North Carolina
605,Jerry Harkness,New York
606,Art Heyman,New York
608,Tom Hoover,District of Columbia
609,Gus Johnson*,Ohio
610,Jim King,Oklahoma
611,Don Kojis,Wisconsin
612,Jerry Lucas*,Ohio
613,Eddie Miles,Arkansas
614,Mel Peterson,Minnesota
616,Larry Siegfried,Ohio
617,Roger Strickland,Florida
618,Tom Thacker,Kentucky
619,Rod Thorn,West Virginia
620,Nate Thurmond*,Ohio
623,Jim Barnes,Arkansas
624,Ron Bonham,Indiana
625,Gary Bradds,Ohio
626,Em Bryant,Illinois
627,Joe Caldwell,Texas
628,Mel Counts,Oregon
631,Happy Hairston,North Carolina
633,Les Hunter,Tennessee
634,Luke Jackson,Texas
635,Larry Jones,Ohio
636,Wali Jones,Kentucky
637,Howard Komives,Ohio
638,Bud Koper,Oklahoma
639,Barry Kramer,New York
640,McCoy McLemore,Texas
641,Jeff Mullins,New York
642,Cotton Nash,New Jersey
643,Willis Reed*,Louisiana
644,Paul Silas,Arkansas
645,John Thompson*,District of Columbia
647,George Wilson,Mississippi
648,Rick Barry*,New Jersey
649,Jesse Branson,North Carolina
650,Bill Buntin,Michigan
651,Barry Clemens,Ohio
652,Billy Cunningham*,New York
653,Keith Erickson,California
654,John Fairchild,California
655,Will Frazier,Louisiana
656,Gail Goodrich*,California
657,Fred Hetzel,District of Columbia
658,Jon McGlocklin,Indiana
659,Thales McReynolds,Alabama
660,Ron Reed,Indiana
661,Jerry Sloan*,Illinois
662,Willie Somerset,Pennsylvania
663,Dave Stallworth,Texas
664,Joe Strawder,Florida
667,Bob Warlick,North Carolina
668,Jim Washington,Pennsylvania
670,Bob Weiss,Pennsylvania
671,Henry Akin,Michigan
672,Johnny Austin,District of Columbia
673,Jim Barnett,Arkansas
674,Dave Bing*,District of Columbia
675,John Block,California
676,Nate Bowman,Texas
677,Jerry Chambers,District of Columbia
678,Archie Clark,Arkansas
679,Freddie Crawford,New York
680,Dave Deutsch,New York
682,Hank Finkel,New Jersey
685,Lou Hudson,North Carolina
686,Neil Johnson,Ohio
687,Toby Kimball,Massachusetts
689,Clyde Lee,Tennessee
690,Bob Love,Louisiana
691,Jack Marin,Pennsylvania
692,Bill Melchionni,Pennsylvania
693,Wayne Molis,Illinois
696,Flynn Robinson,Illinois
697,Cazzie Russell,Illinois
698,Dave Schellhase,Indiana
699,Dick Snyder,Ohio
700,Jim Ware,Mississippi
701,Walt Wesley,Florida
704,Bill Bradley*,Missouri
707,Jim Caldwell,North Carolina
708,George Carter,New York
709,Jim Davis,Indiana
711,Sonny Dove,New York
713,Jim Fox,Georgia
714,Walt Frazier*,Georgia
717,Dennis Hamilton,California
718,Clem Haskins,Kentucky
719,Al Jackson,Ohio
720,Phil Jackson*,Montana
721,Johnny Jones,District of Columbia
723,Dave Lattin,Texas
724,George Lehmann,New Jersey
726,Paul Long,Kentucky
728,Ed Manning,Mississippi
729,Stan McKenzie,Florida
730,Jay Miller,Missouri
731,Earl Monroe*,Pennsylvania
734,Pat Riley*,New York
735,Bob Rule,California
737,Al Tucker,Ohio
739,Jimmy Walker,Virginia
742,John Wetzel,Virginia
743,Ken Wilburn,Michigan
744,Art Williams,Texas
745,Tom Workman,Washington
746,Zaid Abdul-Aziz,New York
747,Rick Adelman,California
751,Tom Boerwinkle,Ohio
753,Don Chaney,Louisiana
754,Dick Cunningham,Ohio
755,Fred Foster,Ohio
757,Gary Gregor,West Virginia
759,Shaler Halimon,Florida
762,Elvin Hayes*,Louisiana
763,Bill Hewitt,Massachusetts
764,Bill Hosket,Ohio
766,Bob Kauffman,New York
769,Stu Lantz,Pennsylvania
770,Don May,Ohio
771,Otto Moore,Florida
772,Dave Newmark,New York
773,Rich Niemann,Missouri
774,Barry Orms,Missouri
775,Charlie Paulk,Georgia
777,Bob Quick,Mississippi
778,Craig Raymond,Washington
779,Mike Riordan,New York
780,Dale Schlueter,Washington
781,Doug Sims,Alabama
782,Greg Smith,Kentucky
783,John Trapp,Michigan
784,Wes Unseld*,Kentucky
785,Dwight Waller,Tennessee
787,Ron Williams,West Virginia
789,Kareem Abdul-Jabbar*,New York
790,Lucius Allen,Kansas
793,Johnny Baum,Pennsylvania
794,Butch Beard,Kentucky
795,Fred Carter,Pennsylvania
796,Bob Dandridge,Virginia
797,Mike Davis,New York
799,Herm Gilliam,North Carolina
801,Lamar Green,Alabama
802,Connie Hawkins*,New York
804,Steve Kuberski,Illinois
805,Mike Lynn,California
806,Willie McCarter,Indiana
807,Steve Mix,Ohio
808,Grady O'Malley,Massachusetts
809,Bud Ogden,California
810,Bob Portman,California
811,Luther Rackley,Georgia
813,Rick Roberson,Tennessee
817,Neal Walk,Ohio
818,John Warren,Georgia
820,Bernie Williams,District of Columbia
821,Lee Winfield,Missouri
822,Don Adams,Georgia
823,Tiny Archibald*,New York
824,Bob Arnzen,Kentucky
825,Dennis Awtrey,California
831,Dave Cowens*,Kentucky
833,Terry Driscoll,Massachusetts
834,Claude English,Georgia
835,Greg Fillmore,Pennsylvania
840,Spencer Haywood*,Mississippi
841,Gar Heard,Georgia
844,Greg Howard,Pennsylvania
845,John Hummer,District of Columbia
847,George Johnson,Texas
848,John Johnson,Mississippi
851,Sam Lacey,Mississippi
852,Bob Lanier*,New York
853,Pete Maravich*,Pennsylvania
855,Eddie Mast,Pennsylvania
856,Jim McMillian,North Carolina
858,Rex Morgan,Illinois
859,Calvin Murphy*,Connecticut
861,Curtis Perry,District of Columbia
862,Geoff Petrie,Pennsylvania
863,Mike Price,Kentucky
865,Paul Ruffner,California
866,Mike Silliman,Kentucky
867,Garfield Smith,Kentucky
872,Fred Taylor,Texas
873,Joe Thomas,Georgia
874,Rudy Tomjanovich,Michigan
876,Cornell Warner,Mississippi
880,Milt Williams,Washington
887,Fred Brown,Wisconsin
888,Austin Carr,District of Columbia
890,Phil Chenier,California
891,Jim Cleamons,North Carolina
892,Charlie Davis,New York
894,Ken Durrett,Pennsylvania
895,Dick Gibbs,Iowa
896,Clarence Glover,Kentucky
900,Mo Layton,New Jersey
901,Stan Love,California
904,Jim McDaniels,Kentucky
906,Kenny McIntosh,Michigan
907,Cliff Meely,Mississippi
908,Dean Meminger,South Carolina
909,John Mengelt,Wisconsin
911,Mike Newlin,Oregon
912,Willie Norwood,Mississippi
913,Steve Patterson,California
915,Howard Porter,Florida
916,Clifford Ray,South Carolina
917,Jackie Ridgle,Arkansas
919,Curtis Rowe,Alabama
920,Charlie Scott,New York
921,Elmore Smith,Georgia
922,Randy Smith,New York
924,Larry Steele,Indiana
925,George Trapp,Michigan
926,Sidney Wicks,California
927,Nate Williams,Louisiana
928,Isaiah Wilson,Pennsylvania
929,Dave Wohl,New York
932,Henry Bibby,North Carolina
933,Freddie Boyd,California
934,Steve Bracey,New York
935,John Brisker,Michigan
936,Roger Brown,New York
937,Corky Calhoun,Illinois
939,Dwight Davis,Texas
940,Mickey Davis,New York
941,Charles Dudley,Pennsylvania
942,Scott English,Illinois
943,Chris Ford,New Jersey
945,Rowland Garrett,Mississippi
946,John Gianelli,California
947,Travis Grant,Alabama
948,Luther Green,New York
949,Charles Johnson,Texas
950,Ollie Johnson,Pennsylvania
951,Manny Leaks,Ohio
952,Russ Lee,Massachusetts
953,LaRue Martin,Illinois
954,Bob McAdoo*,North Carolina
955,Paul McCracken,New York
956,Eric McWilliams,Colorado
958,Bob Nash,Connecticut
959,Lloyd Neal,Georgia
961,Kevin Porter,Illinois
962,Jim Price,Kentucky
963,Mike Ratliff,Mississippi
964,Tom Riker,New York
965,Ron Riley,California
967,Frank Schade,Wisconsin
969,Bud Stallworth,Alabama
971,Chuck Terry,California
973,John Tschogl,California
974,Paul Westphal,California
975,Harthorne Wingo,North Carolina
977,Mike Bantom,Pennsylvania
978,Ron Behagen,New York
979,Dennis Bell,Ohio
980,Jim Brewer,Illinois
981,Allan Bristow,Virginia
982,John Brown,Germany
983,Larry Cannon,Pennsylvania
987,Doug Collins,Illinois
988,Mike D'Antoni,West Virginia
989,Mel Davis,New York
990,Derrek Dickey,Ohio
991,Ernie DiGregorio,Rhode Island
992,Steve Downing,Indiana
994,Bernie Fryer,Washington
996,Phil Hankinson,Georgia
997,Nate Hawthorne,Illinois
998,Tom Ingelsby,Pennsylvania
999,Dwight Jones,Texas
1001,Tom Kozelko,Michigan
1002,Kevin Kunnert,Iowa
1006,Allie McGuire,New York
1007,Larry McNeill,North Carolina
1008,Gary Melchionni,New Jersey
1009,Louie Nelson,California
1010,Jim Owens,California
1011,Ed Ratleff,Ohio
1014,Bob Verga,New Jersey
1015,Kermit Washington,District of Columbia
1016,Slick Watts,Mississippi
1017,Nick Weatherspoon,Mississippi
1018,Luke Witte,Pennsylvania
1019,Dan Anderson,Minnesota
1020,Jim Ard,Illinois
1021,Gus Bailey,North Carolina
1022,Leon Benbow,South Carolina
1023,Ken Boyd,Maryland
1024,Gary Brokaw,New Jersey
1025,Tom Burleson,North Carolina
1026,Harvey Catchings,Mississippi
1027,Jim Chones,Wisconsin
1028,Ben Clyde,Georgia
1029,Jesse Dark,Virginia
1030,Rod Derline,Washington
1031,John Drew,Alabama
1032,Dennis DuVal,New York
1033,Al Eberhard,Iowa
1034,Leonard Gray,Kansas
1035,Bernie Harris,Virginia
1036,Steve Hawes,Washington
1037,Tom Henderson,South Carolina
1038,Greg Jackson,New York
1039,Wardell Jackson,Mississippi
1040,Aaron James,Louisiana
1041,Mickey Johnson,Illinois
1042,Jimmy Jones,Louisiana
1043,Frank Kendrick,Indiana
1044,Len Kosmalski,Ohio
1045,Bill Ligon,Tennessee
1046,Phil Lumpkin,Ohio
1047,Glenn McDonald,Illinois
1048,Eric Money,Michigan
1049,Connie Norman,Michigan
1050,Kevin Restani,California
1051,Truck Robinson,Florida
1052,Campy Russell,Illinois
1053,Fred Saunders,Ohio
1054,Tal Skinner,Maryland
1056,Phil Smith,California
1057,Mike Sojourner,Pennsylvania
1058,Kevin Stacom,New York
1059,George Thompson,New York
1060,Dean Tolson,Missouri
1061,Foots Walker,New York
1062,Bill Walton*,California
1063,Perry Warbington,Georgia
1064,Stan Washington,District of Columbia
1065,Scott Wedman,Kansas
1066,Owen Wells,Rhode Island
1067,Jamaal Wilkes*,California
1068,Earl Williams,Pennsylvania
1070,Brian Winters,New York
1071,Alvan Adams,Kansas
1072,Jerome Anderson,West Virginia
1073,Jerry Baskerville,Pennsylvania
1074,Bob Bigelow,Massachusetts
1075,Tom Boswell,Alabama
1076,Junior Bridgeman,Indiana
1077,Joe Bryant,Pennsylvania
1078,Al Carlson,California
1079,Jim Creighton,Montana
1080,Darryl Dawkins,Florida
1081,Henry Dickerson,West Virginia
1082,Eric Fernsten,California
1083,Larry Fogle,New York
1084,Don Ford,California
1086,Donnie Freeman,Illinois
1087,Kevin Grevey,Ohio
1088,Bob Gross,California
1089,Lindsay Hairston,Michigan
1090,Glenn Hansen,North Dakota
1091,Robert Hawkins,Michigan
1092,Wilbur Holland,Georgia
1093,Lionel Hollins,Kansas
1094,Steve Jones,Louisiana
1095,Rich Kelley,California
1096,Tom Kropp,Nebraska
1098,John Lambert,California
1099,John Laskowski,Indiana
1100,Greg Lee,California
1101,Clyde Mayes,South Carolina
1102,Ken Mayfield,Illinois
1103,Jim McElroy,Arkansas
1104,George McGinnis,Indiana
1105,Tom McMillen,New York
1106,Joe Meriweather,Alabama
1107,Dave Meyers,California
1108,Frank Oleynick,Connecticut
1109,Cliff Pondexter,California
1110,Bill Robinzine,Illinois
1111,John Roche,New York
1112,Bruce Seals,Louisiana
1113,Ed Searcy,New York
1114,Gene Short,Mississippi
1115,John Shumate,South Carolina
1116,Ricky Sobers,New York
1117,Terry Thomas,Michigan
1118,Rudy White,New Mexico
1119,Gus Williams,New York
1120,Bill Willoughby,New Jersey
1121,Tom Abernethy,Indiana
1122,Bird Averitt,Kentucky
1123,Tom Barker,Texas
1124,Marvin Barnes,Rhode Island
1125,Norton Barnhill,North Carolina
1126,Mike Barr,Ohio
1127,Tim Bassett,District of Columbia
1128,Byron Beck,Washington
1129,Mel Bennett,Pennsylvania
1130,Ron Boone,Oklahoma
1131,Quinn Buckner,Illinois
1132,Ticky Burden,Florida
1133,Don Buse,Indiana
1134,Mack Calvin,Texas
1136,Cornelius Cash,Mississippi
1137,Norm Cook,Illinois
1138,Louie Dampier*,Indiana
1139,Mel Daniels*,Michigan
1140,Adrian Dantley*,District of Columbia
1141,Johnny Davis,Michigan
1142,Ron Davis,Arizona
1143,Randy Denton,North Carolina
1144,Coby Dietrick,California
1145,Leon Douglas,Alabama
1146,Mike Dunleavy,New York
1147,Jim Eakins,California
1148,Len Elmore,New York
1149,Darrell Elston,Indiana
1150,Alex English*,South Carolina
1151,Julius Erving*,New York
1152,Butch Feher,Michigan
1153,Mike Flynn,Morocco
1154,Terry Furlow,Michigan
1155,Mike Gale,Pennsylvania
1156,Gus Gerard,Pennsylvania
1157,George Gervin*,Michigan
1158,Artis Gilmore*,Florida
1159,Mike Green,Mississippi
1160,Steve Green,Wisconsin
1161,Paul Griffin,Michigan
1162,Rudy Hackett,New York
1163,Phil Hicks,Illinois
1164,Armond Hill,New York
1165,Darnell Hillman,California
1166,Mo Howard,Pennsylvania
1167,Kim Hughes,Illinois
1168,Dan Issel*,Illinois
1169,Dennis Johnson*,California
1170,Bobby Jones,North Carolina
1171,Caldwell Jones,Arkansas
1172,Rich Jones,Tennessee
1173,Robin Jones,Missouri
1175,George Karl,Pennsylvania
1176,Goo Kennedy,North Carolina
1177,Larry Kenon,Alabama
1178,Billy Knight,Pennsylvania
1179,Mitch Kupchak,New York
1180,Bo Lamar,Ohio
1181,Ron Lee,Massachusetts
1182,Scott Lloyd,Illinois
1183,John Lucas,North Carolina
1184,Maurice Lucas,Pennsylvania
1185,Moses Malone*,Virginia
1186,Scott May,Ohio
1187,Andre McCarter,Pennsylvania
1188,Ted McClain,Tennessee
1189,Allen Murphy,Alabama
1190,Swen Nater,Netherlands
1191,Johnny Neumann,Tennessee
1192,Mark Olberding,Minnesota
1193,Tom Owens,New York
1194,Joe Pace,New Jersey
1195,Robert Parish*,Louisiana
1196,Sonny Parker,Illinois
1197,Billy Paultz,New Jersey
1198,Marv Roberts,New York
1199,Dave Robisch,Ohio
1200,Marshall Rogers,Missouri
1201,Dan Roundfield,Michigan
1202,Phil Sellers,New York
1203,Lonnie Shelton,California
1204,James Silas,Louisiana
1205,Ralph Simpson,Michigan
1206,Al Skinner,New York
1208,Keith Starr,Pennsylvania
1209,Earl Tatum,New York
1210,Brian Taylor,New Jersey
1211,Fatty Taylor,District of Columbia
1212,Ira Terrell,Texas
1213,Claude Terry,California
1214,David Thompson*,North Carolina
1215,Monte Towe,Indiana
1216,Dave Twardzik,Pennsylvania
1218,Andy Walker,New York
1219,Wally Walker,Pennsylvania
1220,Lloyd Walton,Illinois
1221,Henry Ward,Mississippi
1222,Richard Washington,Oregon
1223,Marvin Webster,Maryland
1224,Bob Wilkerson,Indiana
1225,Chuck Williams,Colorado
1226,Chuckie Williams,Colorado
1227,John Williamson,Connecticut
1228,Willie Wise,California
1229,Larry Wright,Louisiana
1230,Tate Armstrong,Georgia
1231,Greg Ballard,California
1232,Kent Benson,Indiana
1233,Otis Birdsong,Florida
1234,Phil Bond,Kentucky
1235,Jim Bostic,New York
1236,Alonzo Bradley,Mississippi
1237,Mike Bratz,California
1238,Wayman Britt,North Carolina
1239,Kenny Carr,District of Columbia
1240,Bob Carrington,Massachusetts
1241,Wesley Cox,Kentucky
1242,Charlie Criss,New York
1243,Mark Crow,California
1244,Brad Davis,Pennsylvania
1245,Walter Davis,Texas
1246,Jacky Dorsey,Georgia
1248,James Edwards,Washington
1250,Al Fleming,Illinois
1251,Bayard Forrest,California
1252,Mike Glenn,Georgia
1253,Glen Gondrezick,Colorado
1254,Rickey Green,Illinois
1255,Greg Griffin,Ohio
1256,Ernie Grunfeld,Romania
1257,Joe Hassett,Rhode Island
1258,Eddie Johnson,Georgia
1259,Larry Johnson,Kentucky
1260,Marques Johnson,Louisiana
1261,Eddie Jordan,District of Columbia
1262,Bernard King*,New York
1263,Toby Knight,New York
1264,John Kuester,Virginia
1265,Tom LaGarde,Michigan
1266,Mark Landsberger,North Dakota
1267,Rich Laurel,Pennsylvania
1268,Ricky Marsh,New York
1269,Cedric Maxwell,North Carolina
1270,Larry Moffett,Alabama
1271,Glenn Mosley,New Jersey
1272,Norm Nixon,Georgia
1274,Ben Poquette,Michigan
1275,Robert Reid,Georgia
1276,Anthony Roberts,Tennessee
1277,Tony Robertson,Michigan
1278,Tree Rollins,Florida
1279,Alvin Scott,Tennessee
1280,Steve Sheppard,New York
1281,Jack Sikma,Illinois
1282,Scott Sims,Missouri
1283,Robert Smith,California
1284,Phil Walker,Pennsylvania
1285,Wilson Washington,Virginia
1286,Ray Williams,New York
1287,Kim Anderson,Missouri
1288,Del Beshore,Pennsylvania
1289,Dennis Boyd,Virginia
1290,Winford Boynes,South Carolina
1291,Ron Brewer,Arkansas
1292,Greg Bunch,California
1293,Marty Byrnes,New York
1294,Ron Carter,Pennsylvania
1295,Maurice Cheeks,Illinois
1296,Michael Cooper,California
1297,Wayne Cooper,Georgia
1298,Dave Corzine,Illinois
1299,Geoff Crompton,North Carolina
1300,Harry Davis,Ohio
1301,Bob Elliott,Michigan
1302,Ray Epps,Virginia
1303,Phil Ford,North Carolina
1304,Jack Givens,Kentucky
1305,Tommie Green,Louisiana
1306,Lars Hansen,Denmark
1307,James Hardy,Alabama
1308,Keith Herron,Tennessee
1309,Kenny Higgs,Kentucky
1310,Essie Hollis,Pennsylvania
1311,Otis Howard,Tennessee
1312,Clemon Johnson,Florida
1313,Jeff Judkins,Utah
1314,Joel Kramer,California
1315,Butch Lee,Puerto Rico
1316,John Long,Michigan
1317,Billy McKinney,Illinois
1318,Mike Mitchell,Georgia
1319,John Olive,Pennsylvania
1320,Roger Phegley,Illinois
1321,Stan Pietkiewicz,Alabama
1322,Wayne Radford,Indiana
1323,Marlon Redmond,California
1325,Rick Robey,Florida
1326,Jackie Robinson,California
1327,John Rudd,Louisiana
1328,Frankie Sanders,Ohio
1329,Purvis Short,Mississippi
1330,Sam Smith,Kentucky
1331,Reggie Theus,California
1332,Mychal Thompson,Bahamas
1333,Raymond Townsend,California
1334,Terry Tyler,Michigan
1335,Andre Wakefield,Illinois
1336,Jerome Whitehead,Illinois
1337,Freeman Williams,California
1338,Rick Wilson,Kentucky
1339,James Bailey,Georgia
1341,Larry Bird*,Indiana
1342,Lawrence Boston,Ohio
1343,Dudley Bradley,Maryland
1344,Bill Cartwright,California
1345,Jeff Cook,California
1346,Hollis Copeland,New Jersey
1347,John Coughran,California
1348,Terry Crosby,Ohio
1349,Pat Cummings,Pennsylvania
1350,Paul Dawkins,Michigan
1351,Greg Deane,California
1352,Larry Demic,Indiana
1353,Terry Duerod,Michigan
1354,Earl Evans,Texas
1355,Mike Evans,North Carolina
1356,Gary Garland,New Jersey
1357,Dave Greenwood,California
1358,Roy Hamilton,California
1359,Gerald Henderson,Virginia
1360,Johnny High,Alabama
1361,Brad Holland,Montana
1362,Phil Hubbard,Ohio
1363,Geoff Huston,New York
1364,Abdul Jeelani,Tennessee
1365,Cheese Johnson,Texas
1366,Magic Johnson*,Louisiana
1367,Vinnie Johnson,New York
1368,Major Jones,Arkansas
1369,Greg Kelser,Florida
1370,Irv Kiffin,New York
1371,Carl Kilpatrick,Louisiana
1372,Reggie King,Alabama
1373,Arvid Kramer,Minnesota
1374,Allen Leavell,Indiana
1375,Ollie Mack,New York
1376,Steve Malovic,Ohio
1377,Paul Mokeski,Washington
1378,Sidney Moncrief,Arkansas
1379,Calvin Natt,Louisiana
1380,Sylvester Norris,Mississippi
1381,Wiley Peck,Alabama
1382,Sam Pellom,North Carolina
1383,Clint Richardson,Washington
1384,Cliff Robinson,California
1385,Jim Spanarkel,New Jersey
1386,Bernard Toone,New York
1387,Duck Williams,Alabama
1388,Sly Williams,Connecticut
1389,Bubba Wilson,North Carolina
1390,Tony Zeno,Louisiana
1391,Darrell Allums,California
1392,Norman Black,Maryland
1393,Dave Britton,New York
1394,Michael Brooks,Pennsylvania
1396,Rickey Brown,Mississippi
1397,Joe Barry,California
1398,Butch Carter,Ohio
1399,Reggie Carter,New York
1400,Art Collins,Georgia
1401,Don Collins,Illinois
1402,Darwin Cook,California
1403,Earl Cureton,Michigan
1404,Monti Davis,Ohio
1405,James Donaldson,United Kingdom
1406,Larry Drew,Kansas
1407,Ralph Drollinger,California
1408,John Duren,District of Columbia
1409,Tony Fuller,Michigan
1410,Calvin Garrett,Tennessee
1411,Mike Gminski,Connecticut
1412,Darrell Griffith,Kentucky
1413,Bill Hanzlik,Ohio
1414,Alan Hardy,Michigan
1415,Mike Harper,Illinois
1416,Cedrick Hordges,Alabama
1417,Tony Jackson,New York
1418,Lee Johnson,Arkansas
1419,Reggie Johnson,Georgia
1420,Edgar Jones,Alabama
1421,Walter Jordan,Alabama
1422,Clarence Kea,North Carolina
1423,Chad Kinch,New Jersey
1424,Wayne Kreklow,Wisconsin
1425,Bill Laimbeer,Massachusetts
1426,Edmund Lawrence,Louisiana
1427,Ronnie Lester,Mississippi
1428,Kyle Macy,Indiana
1429,Rick Mahorn,Connecticut
1430,Wes Matthews,Florida
1431,Bill Mayfield,Michigan
1432,Keith McCord,Alabama
1433,Kevin McHale*,Minnesota
1434,Dick Miller,Wisconsin
1435,Johnny Moore,Pennsylvania
1436,Lowes Moore,South Carolina
1437,Kenny Natt,Louisiana
1438,Carl Nicks,Illinois
1439,Mike Niles,California
1440,Mike O'Koren,New Jersey
1441,Jawann Oldham,Illinois
1442,Louis Orr,Ohio
1443,Myles Patrick,Georgia
1444,Tony Price,New York
1445,Wally Rank,California
1446,Kelvin Ransey,Ohio
1447,James Ray,Louisiana
1448,Billy Reid,New York
1449,Wayne Robinson,North Carolina
1450,Lorenzo Romar,California
1451,DeWayne Scales,Texas
1452,Craig Shelton,District of Columbia
1453,Jerry Sichting,Indiana
1454,Larry Smith,Mississippi
1455,Rory Sparrow,Virginia
1456,John Stroud,Mississippi
1457,Carlos Terry,North Carolina
1458,Andrew Toney,Alabama
1459,Ronnie Valentine,Virginia
1460,Kiki Vandeweghe,Germany
1461,Brett Vroman,California
1462,Hawkeye Whitney,New York
1463,Michael Wiley,California
1464,James Wilkes,California
1465,Jeff Wilkins,Illinois
1466,Mike Woodson,Indiana
1467,Sam Worthen,New York
1468,Mark Aguirre,Illinois
1469,Danny Ainge,Oregon
1470,Carl Bailey,Alabama
1471,Gene Banks,Pennsylvania
1472,Rolando Blackman,Panama
1473,Ray Blume,Georgia
1474,Alex Bradley,Mississippi
1475,Charles Bradley,Maryland
1476,Brad Branson,Illinois
1477,Jim Brogan,Pennsylvania
1478,Roger Burkman,Indiana
1479,David Burns,Texas
1480,Bobby Cattage,Alabama
1481,Tom Chambers,Utah
1482,Joe Cooper,Texas
1483,Charles Davis,New York
1484,Kenny Dennard,North Carolina
1485,Mickey Dillard,Florida
1486,John Douglas,Alabama
1487,Craig Dykema,California
1488,Franklin Edwards,New York
1489,Petur Gudmundsson,Iceland
1490,Glenn Hagan,Florida
1491,Steve Hayes,Idaho
1492,Tracy Jackson,Maryland
1493,Clay Johnson,Florida
1494,Frank Johnson,Florida
1495,Steve Johnson,Pennsylvania
1496,Albert King,New York
1497,Jeff Lamp,Minnesota
1498,Rock Lee,Massachusetts
1499,Alton Lister,Texas
1500,Lewis Lloyd,Pennsylvania
1501,Kevin Loder,Michigan
1502,Rudy Macklin,Kentucky
1503,John McCullough,Ohio
1504,Hank McDowell,Tennessee
1505,Mike McGee,Texas
1506,Kevin McKenna,Minnesota
1507,Larry Nance,South Carolina
1508,Kurt Nimphius,Wisconsin
1509,Mark Radford,Washington
1510,Ed Rains,Florida
1511,Kurt Rambis,California
1512,Jeff Ruland,New York
1513,Danny Schayes,New York
1514,Jim Smith,Ohio
1515,Larry Spriggs,Maryland
1516,Isiah Thomas*,Illinois
1517,Ray Tolbert,Indiana
1518,Kelly Tripucka,New Jersey
1519,Elston Turner,Tennessee
1520,Darnell Valentine,Illinois
1521,Pete Verhoeven,California
1522,Jay Vincent,Michigan
1523,Danny Vranes,Utah
1524,Buck Williams,North Carolina
1525,Herb Williams,Ohio
1526,Garry Witts,New Jersey
1527,Al Wood,Georgia
1528,Howard Wood,New York
1529,Orlando Woolridge,Louisiana
1530,Rich Yonakor,Ohio
1531,Dwight Anderson,Ohio
1533,Richard Anderson,California
1534,John Bagley,Connecticut
1535,Dave Batton,Maryland
1536,Lester Conner,Tennessee
1537,Chubby Cox,Pennsylvania
1538,Terry Cummings,Illinois
1539,Quintin Dailey,Maryland
1540,Mark Eaton,California
1541,Jerry Eaves,Kentucky
1542,Keith Edmonson,Mississippi
1543,Chris Engler,Minnesota
1544,Bruce Flowers,New York
1545,Sleepy Floyd,North Carolina
1546,Bill Garnett,Illinois
1547,John Greig,California
1548,Scott Hastings,Kansas
1549,Rod Higgins,Louisiana
1550,Craig Hodges,Illinois
1551,Marc Iavaroni,New York
1552,Jim Johnstone,Connecticut
1553,Hutch Jones,New York
1554,Clark Kellogg,Ohio
1555,Joe Kopicki,Michigan
1556,Fat Lever,Arkansas
1557,Cliff Levingston,California
1558,Steve Lingenfelter,Wisconsin
1559,Dave Magley,Indiana
1560,Mark McNamara,California
1561,Guy Morgan,Virginia
1562,Ed Nealy,Kansas
1563,Chuck Nevitt,Colorado
1564,Audie Norris,Mississippi
1565,Eddie Phillips,Alabama
1566,Ricky Pierce,Texas
1567,Charles Pittman,North Carolina
1568,Paul Pressey,Virginia
1569,Oliver Robinson,Alabama
1570,Walker Russell,Michigan
1571,Mike Sanders,Louisiana
1572,Russ Schoene,Illinois
1573,Ed Sherod,Virginia
1574,Jose Slaughter,California
1576,Brook Steppe,North Carolina
1577,Jeff Taylor,Arkansas
1578,Vince Taylor,Kentucky
1579,Terry Teagle,Texas
1580,David Thirdkill,Missouri
1581,Corny Thompson,Connecticut
1582,LaSalle Thompson,Ohio
1583,Darren Tillis,Texas
1584,Linton Townes,Virginia
1585,Trent Tucker,North Carolina
1586,Bryan Warrick,Washington
1587,Rory White,Alabama
1588,Dominique Wilkins*,France
1589,Rickey Williams,New York
1590,Rob Williams,West Virginia
1591,James Worthy*,North Carolina
1592,Jim Zoet,Canada
1593,Ken Austin,California
1594,Thurl Bailey,District of Columbia
1595,Randy Breuer,Minnesota
1596,Wallace Bryant,Spain
1597,Howard Carter,Louisiana
1598,Carlos Clark,Tennessee
1599,Leroy Combs,Oklahoma
1600,Russell Cross,Illinois
1601,Darren Daye,Iowa
1602,Clyde Drexler*,Louisiana
1603,Craig Ehlo,Texas
1604,Dale Ellis,Georgia
1605,Rod Foster,Alabama
1606,John Garris,Connecticut
1607,Mike Gibson,South Carolina
1608,Stewart Granger,Canada
1609,Sidney Green,New York
1610,Bob Hansen,Iowa
1611,Derek Harper,Georgia
1612,Roy Hinson,New Jersey
1613,Charles Jones,Arkansas
1614,Mark Jones,Arkansas
1615,Greg Kite,Texas
1616,Bruce Kuczenski,Connecticut
1617,Darrell Lockhart,Georgia
1618,Sidney Lowe,District of Columbia
1619,Jeff Malone,Alabama
1620,Pace Mannion,Utah
1621,Rodney McCray,New York
1622,Scooter McCray,New York
1623,Larry Micheaux,Texas
1624,Bob Miller,Kentucky
1625,John Paxson,Ohio
1626,John Pinone,Connecticut
1627,Tom Piotrowski,Pennsylvania
1628,Leo Rautins,Canada
1629,Doc Rivers,Illinois
1630,Fred Roberts,Utah
1631,Ralph Sampson*,Virginia
1632,Byron Scott,Utah
1633,Steve Stipanovich,Missouri
1634,Jon Sundvold,South Dakota
1635,Dane Suttle,California
1636,Jim Thomas,Florida
1637,Paul Thompson,Tennessee
1638,Sedale Threatt,Georgia
1639,Granville Waiters,Ohio
1640,Darrell Walker,Illinois
1641,Brant Weidner,Pennsylvania
1642,Mark West,Virginia
1643,Ennis Whatley,Alabama
1644,Mitchell Wiggins,North Carolina
1645,Kevin Williams,New York
1646,Michael Wilson,Tennessee
1647,Randy Wittman,Indiana
1648,Chuck Aleksinas,Connecticut
1649,Ron Anderson,Illinois
1650,Ken Bannister,Maryland
1651,Charles Barkley*,Alabama
1652,Cory Blackwell,Illinois
1653,Sam Bowie,Pennsylvania
1654,Frank Brickowski,New York
1655,Tony Brown,Illinois
1656,Steve Burtt,New York
1657,Michael Cage,Arkansas
1658,Tony Campbell,New Jersey
1659,Rick Carlisle,New York
1660,Antoine Carr,Oklahoma
1661,Ron Cavenall,Texas
1662,Steve Colter,Arizona
1663,Devin Durrant,Utah
1664,Kenton Edelin,Germany
1665,Kenny Fields,Iowa
1666,Vern Fleming,New York
1667,Lancaster Gordon,Mississippi
1668,Butch Graves,New York
1669,Stuart Gray,Panama
1670,Mike Holton,Washington
1671,Jay Humphries,California
1672,Ralph Jackson,California
1673,Earl Jones,West Virginia
1674,Ozell Jones,California
1675,Michael Jordan*,New York
1676,Jerome Kersey,Virginia
1677,Tim McCormick,Michigan
1678,Jay Murphy,Connecticut
1679,Hakeem Olajuwon*,Nigeria
1680,Sam Perkins,New York
1681,Jim Petersen,Minnesota
1682,Gary Plummer,Michigan
1683,David Pope,Virginia
1684,Alvin Robertson,Ohio
1685,Wayne Sappleton,Jamaica
1686,Tom Scheffler,Michigan
1687,John Schweitz,New York
1688,Tom Sewell,Florida
1689,Charlie Sitton,Oregon
1690,Tom Sluby,District of Columbia
1691,Terence Stansbury,Delaware
1692,John Stockton*,Washington
1693,Peter Thibeaux,California
1694,Bernard Thompson,Arizona
1695,Otis Thorpe,Florida
1696,Jeff Turner,Maine
1697,Melvin Turpin,Kentucky
1698,Willie White,Tennessee
1700,Dale Wilkinson,Idaho
1701,Guy Williams,New York
1702,Kevin Willis,New York
1703,Othell Wilson,Virginia
1704,Leon Wood,South Carolina
1705,Danny Young,North Carolina
1706,Michael Young,Texas
1707,Michael Adams,Connecticut
1708,John Battle,District of Columbia
1709,Benoit Benjamin,Louisiana
1710,Uwe Blab,Germany
1711,Manute Bol,South Sudan
1712,Mike Brittain,Florida
1713,Terry Catledge,Mississippi
1714,Lorenzo Charles,New York
1715,Fred Cofield,Michigan
1716,David Cooke,California
1717,Tyrone Corbin,South Carolina
1718,Ron Crevier,Canada
1719,Jeff Cross,Illinois
1720,Joe Dumars*,Louisiana
1721,Patrick Ewing*,Jamaica
1722,Georgi Glouchkov,Bulgaria
1724,Ken Green,Georgia
1725,Kenny Green,Georgia
1726,Claude Gregory,District of Columbia
1727,Steve Harris,Missouri
1728,Jerome Henderson,California
1729,Carl Henry,Oklahoma
1731,Ken Johnson,Alabama
1732,Yvon Joseph,Haiti
1733,Harold Keeling,Louisiana
1734,Joe Kleine,Colorado
1735,Jon Koncak,Iowa
1736,Keith Lee,Arkansas
1737,Karl Malone*,Louisiana
1738,Bill Martin,District of Columbia
1739,Brian Martin,Arkansas
1740,Dwayne McClain,Massachusetts
1741,Xavier McDaniel,South Carolina
1742,Ben McDonald,California
1743,Chris McNealy,California
1744,Dirk Minniefield,Kentucky
1745,Perry Moss,Arizona
1746,Chris Mullin*,New York
1747,Charles Oakley,Ohio
1748,Michael Phelps,Mississippi
1749,Ed Pinckney,New York
1750,Terry Porter,Wisconsin
1751,Blair Rasmussen,Washington
1752,Jerry Reynolds,New York
1753,Derrick Rowland,New York
1754,Detlef Schrempf,Germany
1755,Carey Scurry,New York
1756,Mike Smrek,Canada
1757,Alex Stivrins,Nebraska
1758,Greg Stokes,Connecticut
1759,Bob Thornton,California
1760,Wayman Tisdale,Oklahoma
1761,Sedric Toney,Mississippi
1762,Nick Vanos,California
1763,Sam Vincent,Michigan
1764,Spud Webb,Texas
1765,Bill Wennington,Canada
1766,Gerald Wilkins,Georgia
1767,Pete Williams,California
1768,Voise Winters,Illinois
1769,Rafael Addison,New Jersey
1770,Mark Alarie,Arizona
1771,William Bedford,Tennessee
1772,Walter Berry,New York
1773,Joe Binion,New York
1774,Adrian Branch,District of Columbia
1775,Mike Brown,New Jersey
1776,Ben Coleman,Minnesota
1777,Dell Curry,Virginia
1778,Brad Daugherty,North Carolina
1779,Johnny Dawkins,District of Columbia
1780,Bruce Douglas,Illinois
1781,Greg Dreiling,Kansas
1782,Kevin Duckworth,Illinois
1783,Dave Feitl,Pennsylvania
1784,Kenny Gattison,North Carolina
1785,Grant Gondrezick,Colorado
1786,Ron Harper,Ohio
1787,Cedric Henderson,Georgia
1788,Kevin Henderson,Maryland
1789,Conner Henry,California
1790,Jeff Hornacek,Illinois
1791,Myron Jackson,Arkansas
1792,Buck Johnson,Alabama
1793,Steffond Johnson,Pennsylvania
1794,Anthony Jones,District of Columbia
1795,Tim Kempton,New York
1796,Curtis Kitchen,Florida
1797,Larry Krystkowiak,Montana
1798,Jim Lampley,Pennsylvania
1799,Fernando Martin,Spain
1800,Maurice Martin,New York
1801,Forrest McKenzie,New Jersey
1802,Nate McMillan,North Carolina
1803,Cozell McQueen,France
1804,Pete Myers,Alabama
1805,Johnny Newman,Virginia
1806,Dennis Nutt,Arkansas
1807,Chuck Person,Alabama
1808,Dwayne Polee,California
1809,Harold Pressley,New York
1810,Mark Price,Oklahoma
1811,Dennis Rodman*,New Jersey
1812,Johnny Rogers,California
1813,Ron Rowan,Pennsylvania
1814,John Salley,New York
1815,Brad Sellers,Ohio
1816,McKinley Singleton,Tennessee
1817,Scott Skiles,Indiana
1818,Clinton Smith,Ohio
1819,Keith Smith,New York
1820,Otis Smith,Florida
1821,Roy Tarpley,New York
1822,Billy Thompson,New Jersey
1823,Andre Turner,Tennessee
1824,Kenny Walker,Georgia
1825,Chris Washburn,North Carolina
1826,Pearl Washington,New York
1827,John Williams,Connecticut
1828,David Wingate,Maryland
1829,Brad Wright,California
1830,Perry Young,Maryland
1831,Mark Acres,California
1832,Steve Alford,Indiana
1833,Greg Anderson,Texas
1834,Joe Arlauckas,New York
1835,Vincent Askew,Tennessee
1836,Nate Blackwell,Pennsylvania
1837,Muggsy Bogues,Maryland
1838,Norris Coleman,Florida
1839,Dallas Comegys,Pennsylvania
1840,Winston Crite,California
1841,Billy Donovan,New York
1842,Chris Dudley,Pennsylvania
1843,Jim Farmer,Alabama
1844,Tellis Frank,Indiana
1845,Kevin Gamble,Illinois
1846,Winston Garland,Indiana
1847,Armen Gilliam,Pennsylvania
1848,Horace Grant,Georgia
1849,Dave Henderson,North Carolina
1850,Dave Hoppen,Nebraska
1851,Dennis Hopson,Ohio
1852,Eddie Hughes,Mississippi
1853,Mark Jackson,New York
1854,Michael Jackson,District of Columbia
1855,Kannard Johnson,Ohio
1856,Kevin Johnson,Alabama
1857,Bart Kofoed,Nebraska
1858,Ralph Lewis,Pennsylvania
1859,Reggie Lewis,Maryland
1860,Brad Lohaus,Minnesota
1861,Derrick McKey,Mississippi
1862,Reggie Miller*,California
1863,Andre Moore,Illinois
1864,Ron Moore,New York
1865,Ronnie Murphy,Delaware
1866,Tod Murphy,California
1867,Martin Nessley,Ohio
1868,Ken Norman,Illinois
1869,Scottie Pippen*,Arkansas
1870,Olden Polynice,Haiti
1871,Richard Rellford,Florida
1872,Scott Roth,Ohio
1873,Brian Rowsom,New Jersey
1874,Kenny Smith,New York
1875,John Stroeder,Washington
1876,Mark Wade,California
1877,Milt Wagner,New Jersey
1878,Jamie Waller,Virginia
1879,Duane Washington,Germany
1880,Chris Welp,Germany
1881,Clinton Wheeler,New Jersey
1882,Eric White,California
1883,Tony White,North Carolina
1884,Reggie Williams,Maryland
1885,Nikita Wilson,Louisiana
1886,Ricky Wilson,Kentucky
1887,Rickie Winslow,Texas
1888,Joe Wolf,Wisconsin
1889,Phil Zevenbergen,Washington
1890,Randy Allen,Florida
1891,Michael Anderson,Pennsylvania
1892,Willie Anderson,South Carolina
1893,Ricky Berry,Michigan
1894,Anthony Bowie,Oklahoma
1895,Scott Brooks,California
1896,Mark Bryant,New Jersey
1897,Greg Butler,California
1898,Mike Champion,Washington
1899,Rex Chapman,Kentucky
1900,Derrick Chievous,New York
1901,Mark Davis,Virginia
1903,Fennis Dembo,Alabama
1904,Ledell Eackles,Louisiana
1905,Kevin Edwards,Ohio
1906,Wayne Englestad,California
1907,Rolando Ferreira,Brazil
1908,Duane Ferrell,Maryland
1909,Anthony Frederick,California
1910,Corey Gaines,California
1911,Tom Garrick,Rhode Island
1912,Ben Gillery,Michigan
1913,Orlando Graham,Alabama
1914,Ron Grandison,California
1915,Gary Grant,Ohio
1916,Harvey Grant,Georgia
1917,Sylvester Gray,Tennessee
1918,Jeff Grayer,Michigan
1919,Jack Haley,California
1920,Hersey Hawkins,Illinois
1921,Tito Horford,Dominican Republic
1922,Avery Johnson,Louisiana
1923,Bill Jones,Michigan
1924,Shelton Jones,New York
1925,Steve Kerr,Lebanon
1926,Randolph Keys,Mississippi
1927,Jerome Lane,Ohio
1928,Andrew Lang,Arkansas
1929,Eric Leckner,California
1930,Jim Les,Illinois
1931,Rob Lock,California
1932,Grant Long,Michigan
1933,Dan Majerle,Michigan
1934,Danny Manning,Mississippi
1935,Vernon Maxwell,Florida
1936,Todd Mitchell,Ohio
1937,Chris Morris,Georgia
1938,Richard Morton,California
1939,Craig Neal,Indiana
1940,Jose Ortiz,Puerto Rico
1941,Will Perdue,Florida
1942,Tim Perry,New Jersey
1943,Dave Popson,Pennsylvania
1944,Dominic Pressley,District of Columbia
1945,Mitch Richmond*,Florida
1946,Ramon Rivas,Puerto Rico
1947,David Rivers,New Jersey
1948,Rob Rose,New York
1949,Jim Rowinski,New York
1950,Rony Seikaly,Lebanon
1951,Charles Shackleford,North Carolina
1952,John Shasky,Michigan
1953,Brian Shaw,California
1954,Keith Smart,Louisiana
1955,Charles Smith,Connecticut
1956,Rik Smits,Netherlands
1957,John Starks,Oklahoma
1958,Everette Stephens,Illinois
1959,Rod Strickland,Florida
1960,Barry Sumpter,Illinois
1961,Anthony Taylor,California
1962,Tom Tolbert,California
1963,Kelvin Upshaw,Illinois
1964,Morlon Wiley,Louisiana
1965,Micheal Williams,Washington
1966,David Wood,Washington
1967,Nick Anderson,Illinois
1968,Michael Ansley,Alabama
1970,Dana Barros,Massachusetts
1971,Kenny Battle,Illinois
1972,Winston Bennett,Kentucky
1973,Mookie Blaylock,Texas
1974,Chucky Brown,New York
1975,Raymond Brown,Georgia
1976,Stanley Brundy,Louisiana
1977,Torgeir Bryn,Norway
1978,Steve Bucknall,United Kingdom
1979,Adrian Caldwell,Texas
1980,Lanard Copeland,Georgia
1981,Terry Davis,Virginia
1982,Byron Dinkins,North Carolina
1983,Vlade Divac,Serbia
1984,Sherman Douglas,District of Columbia
1985,Terry Dozier,Maryland
1986,Blue Edwards,District of Columbia
1987,Jay Edwards,Washington
1988,Sean Elliott,Arizona
1989,Pervis Ellison,Georgia
1990,Derrick Gervin,Michigan
1991,Greg Grant,New Jersey
1992,Scott Haffner,Indiana
1993,Tom Hammonds,Florida
1994,Tim Hardaway,Illinois
1995,Mike Higgins,Nebraska
1996,Ed Horton,Illinois
1997,Byron Irvin,Illinois
1998,Jaren Jackson,Louisiana
1999,Eric Johnson,New York
2000,Nate Johnston,Alabama
2001,Shawn Kemp,Indiana
2002,Stan Kimbrough,Alabama
2003,Stacey King,Oklahoma
2004,Frank Kornet,Kentucky
2005,Jeff Lebo,Pennsylvania
2006,Tim Legler,District of Columbia
2007,Gary Leonard,Illinois
2008,Clifford Lett,Florida
2009,Todd Lichti,California
2010,Roy Marble,Michigan
2011,Sarunas Marciulionis*,Lithuania
2012,Jeff Martin,Arkansas
2013,Anthony Mason,Florida
2014,Bob McCann,New Jersey
2015,Mel McCants,Illinois
2016,George McCloud,Florida
2017,Carlton McKinney,California
2018,Scott Meents,Illinois
2019,Sam Mitchell,Georgia
2020,Mike Morrison,District of Columbia
2021,John Morton,New York
2022,Dyron Nix,Mississippi
2023,Zarko Paspalj,Montenegro
2024,Kenny Payne,Mississippi
2025,Drazen Petrovic*,Croatia
2026,Brian Quinnett,Washington
2028,Glen Rice,Arkansas
2029,Pooh Richardson,Pennsylvania
2030,Clifford Robinson,California
2031,David Robinson*,Florida
2032,Doug Roth,Tennessee
2033,Donald Royal,Louisiana
2034,Delaney Rudd,North Carolina
2035,Jeff Sanders,Georgia
2036,Dexter Shouse,Indiana
2037,Michael Smith,New York
2038,Jay Taylor,Illinois
2039,Leonard Taylor,California
2042,Alexander Volkov,Russia
2043,Doug West,Pennsylvania
2044,Randy White,Louisiana
2045,Mike Williams,Washington
2046,Haywoode Workman,North Carolina
2047,Alaa Abdelnaby,Egypt
2048,Mahmoud Abdul-Rauf,Delaware
2049,Keith Askins,Alabama
2050,Milos Babic,Serbia
2051,Cedric Ball,Massachusetts
2052,Lance Blanks,Texas
2053,Anthony Bonner,Missouri
2054,Dee Brown,Florida
2055,Jud Buechler,California
2056,Matt Bullard,Iowa
2057,Willie Burton,Michigan
2058,Rick Calloway,Ohio
2059,Elden Campbell,California
2060,Duane Causwell,New York
2061,Cedric Ceballos,Hawaii
2062,Richard Coffey,North Carolina
2063,Derrick Coleman,Alabama
2064,Bimbo Coles,Virginia
2065,Anthony Cook,California
2066,Tony Dawson,North Carolina
2067,Mario Elie,New York
2069,Danny Ferry,Maryland
2070,Greg Foster,California
2071,Tate George,New Jersey
2072,Kendall Gill,Illinois
2073,Gerald Glass,Mississippi
2074,Dan Godfread,Indiana
2075,Jim Grandholm,Indiana
2076,Tony Harris,Louisiana
2077,Steve Henson,Kansas
2078,Sean Higgins,California
2079,Tyrone Hill,Ohio
2080,Dave Jamerson,West Virginia
2081,Henry James,Alabama
2082,Les Jepsen,North Dakota
2083,Alec Kessler,Minnesota
2084,Bo Kimble,Pennsylvania
2085,Negele Knight,Michigan
2086,Kurk Lee,Maryland
2087,Marcus Liberty,Illinois
2088,Ian Lockhart,Bahamas
2089,Tony Massenburg,Virginia
2090,Travis Mays,Florida
2091,Terry Mills,Michigan
2092,Chris Munk,California
2093,Jerrod Mustaf,North Carolina
2094,Dan O'Sullivan,New York
2095,Alan Ogg,Ohio
2096,Brian Oliver,Illinois
2097,Gerald Paddio,Louisiana
2098,Walter Palmer,New York
2099,Gary Payton*,California
2100,Kevin Pritchard,Indiana
2101,Larry Robinson,Louisiana
2102,Rumeal Robinson,Jamaica
2103,Steve Scheffler,Michigan
2104,Dwayne Schintzius,Florida
2105,Dennis Scott,Maryland
2106,Lionel Simmons,Pennsylvania
2108,Felton Spencer,Kentucky
2109,Irving Thomas,New York
2110,Andy Toolson,Illinois
2111,Loy Vaught,Michigan
2112,Stojko Vrankovic,Croatia
2113,Jayson Williams,South Carolina
2114,Kenny Williams,New York
2115,Scott Williams,California
2116,Trevor Wilson,California
2117,Kennard Winchester,Maryland
2118,Howard Wright,Kentucky
2120,Victor Alexander,Michigan
2121,Kenny Anderson,New York
2122,Greg Anthony,Nevada
2123,Stacey Augmon,California
2124,Isaac Austin,California
2125,Steve Bardo,Kentucky
2126,David Benoit,Louisiana
2127,Terrell Brandon,Oregon
2128,Kevin Brooks,South Carolina
2129,Myron Brown,Pennsylvania
2130,Randy Brown,Georgia
2131,Demetrius Calip,Michigan
2132,Pete Chilcutt,South Carolina
2133,Marty Conlon,New York
2134,Tom Copa,Minnesota
2135,Chris Corchiani,Florida
2136,Corey Crowder,Georgia
2137,Dale Davis,Georgia
2138,Bison Dele,California
2139,Patrick Eddie,Wisconsin
2140,LeRon Ellis,New York
2141,Rick Fox,Canada
2142,Chris Gatling,New Jersey
2143,Paul Graham,Pennsylvania
2144,Sean Green,California
2145,Carl Herrera,Trinidad and Tobago
2146,Donald Hodge,District of Columbia
2147,Brian Howard,North Carolina
2148,Cedric Hunter,Texas
2149,Mike Iuzzolino,Pennsylvania
2150,Rich King,Nebraska
2151,Doug Lee,Illinois
2152,Luc Longley,Australia
2153,Kevin Lynch,Minnesota
2154,Mark Macon,Michigan
2155,Tharon Mayes,Connecticut
2156,Rodney Monroe,Maryland
2157,Tracy Moore,Oklahoma
2158,Eric Murdock,New Jersey
2159,Dikembe Mutombo*,Democratic Republic of the Congo
2160,Jimmy Oliver,Arkansas
2161,Billy Owens,Pennsylvania
2162,Keith Owens,California
2163,Robert Pack,Louisiana
2164,Elliot Perry,Tennessee
2165,Bobby Phills,Louisiana
2166,Mark Randall,Minnesota
2167,Stanley Roberts,South Carolina
2169,LaBradford Smith,Mississippi
2170,Steve Smith,Michigan
2171,Larry Stewart,Pennsylvania
2172,Derek Strong,California
2173,Lamont Strothers,Virginia
2174,Greg Sutton,California
2175,Carl Thomas,Ohio
2176,Charles Thomas,Ohio
2177,Stephen Thompson,California
2178,John Turner,District of Columbia
2179,Joao Vianna,Brazil
2180,Eric Anderson,Illinois
2181,Anthony Avent,North Carolina
2182,Jon Barry,California
2183,Tony Bennett,Wisconsin
2184,Alex Blackwell,New Jersey
2185,Ricky Blanton,Florida
2186,Walter Bond,Illinois
2187,Dexter Cambridge,Bahamas
2188,Doug Christie,Washington
2189,Duane Cooper,Michigan
2190,Joe Courtney,Mississippi
2191,John Crotty,New Jersey
2192,Radisav Curcic,Serbia
2193,Lloyd Daniels,New York
2194,Hubert Davis,North Carolina
2195,Todd Day,Illinois
2197,Pat Durham,Texas
2198,LaPhonso Ellis,Illinois
2199,Matt Geiger,Massachusetts
2200,Litterial Green,Mississippi
2201,Tom Gugliotta,New York
2202,Jay Guidinger,Wisconsin
2203,Robert Horry,Alabama
2204,Byron Houston,Kansas
2205,Stephen Howard,Texas
2206,Jim Jackson,Ohio
2207,Keith Jennings,Virginia
2208,Dave Johnson,Louisiana
2209,Thomas Jordan,Maryland
2210,Adam Keefe,California
2211,Christian Laettner,New York
2212,Sam Mack,Illinois
2213,Don MacLean,California
2214,Marlon Maxey,Illinois
2215,Lee Mayberry,Oklahoma
2216,Oliver Miller,Texas
2217,Harold Miner,California
2218,Isaiah Morris,Virginia
2219,Alonzo Mourning*,Virginia
2220,Tracy Murray,California
2221,Melvin Newbern,Ohio
2222,Shaquille O'Neal*,New Jersey
2223,Matt Othick,New Mexico
2224,Doug Overton,Pennsylvania
2225,Anthony Peeler,Missouri
2226,Brent Price,Oklahoma
2227,Anthony Pullard,Louisiana
2228,Sean Rooks,New York
2229,Malik Sealy,New York
2230,Chris Smith,Connecticut
2231,Reggie Smith,California
2232,Andre Spencer,California
2233,Elmore Spencer,Georgia
2234,Latrell Sprewell,Wisconsin
2235,Barry Stevens,Michigan
2236,Bryant Stith,Virginia
2237,Gundars Vetra,Latvia
2238,Clarence Weatherspoon,Mississippi
2239,Marcus Webb,Alabama
2240,Robert Werdann,New York
2241,Corey Williams,Georgia
2242,Lorenzo Williams,Florida
2244,Randy Woods,Pennsylvania
2245,Gary Alexander,Florida
2246,Vin Baker,Florida
2247,Corie Blount,California
2248,Shawn Bradley,Germany
2250,Evers Burns,Maryland
2251,Scott Burrell,Connecticut
2252,Mitchell Butler,Tennessee
2253,Sam Cassell,Maryland
2254,Calbert Cheaney,Indiana
2255,Michael Curry,Alabama
2256,Antonio Davis,California
2257,Brian Davis,Pennsylvania
2258,Terry Dehere,New York
2259,Dell Demps,California
2260,Acie Earl,Illinois
2261,Bill Edwards,Ohio
2262,Doug Edwards,Florida
2263,Harold Ellis,Georgia
2264,Alphonso Ford,Mississippi
2265,Chad Gallagher,Illinois
2266,Andrew Gaze,Australia
2267,Ricky Grace,Texas
2268,Greg Graham,Indiana
2269,Josh Grant,Utah
2270,Andres Guibert,Cuba
2271,Geert Hammink,Netherlands
2272,Anfernee Hardaway,Tennessee
2273,Lucious Harris,California
2274,Antonio Harvey,Mississippi
2275,Scott Haskin,California
2276,Skeeter Henry,Texas
2277,Allan Houston,Kentucky
2278,Lindsey Hunter,Mississippi
2279,Bobby Hurley,New Jersey
2280,Stanley Jackson,Alabama
2281,Chris Jent,California
2282,Ervin Johnson,New York
2283,Popeye Jones,Tennessee
2284,Adonis Jordan,New York
2285,Reggie Jordan,Illinois
2286,Warren Kidd,Alabama
2287,Chris King,North Carolina
2288,Toni Kukoc,Croatia
2289,George Lynch,Virginia
2290,Malcolm Mackey,Tennessee
2291,Gerald Madkins,California
2292,Bob Martin,Minnesota
2293,Jamal Mashburn,New York
2294,Darnell Mee,Tennessee
2295,Chris Mills,California
2296,Darren Morningstar,Washington
2297,Gheorghe Muresan,Romania
2298,Bo Outlaw,Texas
2299,Mike Peplowski,Michigan
2300,Richard Petruska,Slovakia
2301,Dino Radja,Croatia
2302,Isaiah Rider,California
2303,Eric Riley,Ohio
2304,James Robinson,California
2305,Rodney Rogers,North Carolina
2306,Bryon Russell,California
2307,Kevin Thompson,North Carolina
2308,Keith Tower,Montana
2310,Rex Walters,Nebraska
2311,Chris Webber,Michigan
2312,Matt Wenstrom,Minnesota
2313,David Wesley,Texas
2314,Chris Whitney,Kentucky
2315,Aaron Williams,Illinois
2316,Luther Wright,New Jersey
2317,Derrick Alston,New York
2318,Darrell Armstrong,North Carolina
2319,Sergei Bazarevich,Russia
2320,Elmer Bennett,Illinois
2321,James Blackwell,New York
2322,Tim Breaux,Louisiana
2323,Chris Childs,California
2324,Bill Curley,Massachusetts
2325,Yinka Dare,Nigeria
2326,Tony Dumas,Illinois
2327,Howard Eisley,Michigan
2328,Matt Fish,Iowa
2329,Brian Grant,Ohio
2330,Darrin Hancock,Alabama
2331,Jerome Harmon,Indiana
2332,Grant Hill,Texas
2333,Tom Hovasse,Colorado
2334,Juwan Howard,Illinois
2335,Askia Jones,Pennsylvania
2336,Eddie Jones,Alabama
2337,Jason Kidd,California
2338,Antonio Lang,Arkansas
2339,Ryan Lorthridge,Tennessee
2340,Donyell Marshall,Pennsylvania
2341,Darrick Martin,Colorado
2342,Jim McIlvaine,Wisconsin
2343,Aaron McKie,Pennsylvania
2344,Anthony Miller,Michigan
2345,Greg Minor,Georgia
2346,Eric Mobley,New York
2347,Eric Montross,Indiana
2348,Dwayne Morton,Kentucky
2349,Lamond Murray,California
2350,Ivano Newbill,Missouri
2351,Julius Nwosu,Nigeria
2352,Wesley Person,Alabama
2353,Derrick Phelps,New York
2354,Eric Piatkowski,Ohio
2355,Eldridge Recasner,Louisiana
2356,Khalid Reeves,New York
2357,Glenn Robinson,Indiana
2358,Carlos Rogers,Michigan
2359,Jalen Rose,Michigan
2360,Clifford Rozier,Florida
2361,Trevor Ruffin,New York
2362,Dickey Simpkins,Maryland
2363,Reggie Slater,Texas
2364,Mark Strickland,Georgia
2365,Aaron Swinson,Georgia
2366,Zan Tabak,Croatia
2367,Brooks Thompson,Texas
2368,Anthony Tucker,District of Columbia
2370,Fred Vinson,North Carolina
2371,Charlie Ward,Georgia
2372,Jamie Watson,North Carolina
2373,Monty Williams,Virginia
2374,Dontonio Wingfield,Georgia
2375,Sharone Wright,Georgia
2376,Cory Alexander,Virginia
2377,Jerome Allen,Pennsylvania
2378,John Amaechi,Massachusetts
2379,Ashraf Amaya,Illinois
2380,Brent Barry,New York
2381,Corey Beck,Tennessee
2382,Mario Bennett,Texas
2383,Travis Best,Massachusetts
2384,Melvin Booker,Mississippi
2385,Donnie Boyce,Illinois
2386,Marques Bragg,New Jersey
2387,Junior Burrough,North Carolina
2388,Jason Caffey,Alabama
2389,Chris Carr,Missouri
2390,Randolph Childress,District of Columbia
2391,Robert Churchwell,Indiana
2392,Charles Claxton,U.S. Virgin Islands
2393,John Coker,Washington
2394,Rastko Cvetkovic,Serbia
2395,Sasha Danilovic,Bosnia and Herzegovina
2396,Andrew DeClercq,Michigan
2397,Tyus Edney,California
2398,Vincenzo Esposito,Italy
2399,Michael Finley,Illinois
2400,Sherell Ford,Louisiana
2401,Kevin Garnett,South Carolina
2402,Anthony Goldwire,Florida
2403,Thomas Hamilton,Illinois
2404,Alvin Heggs,Florida
2405,Alan Henderson,Indiana
2406,Fred Hoiberg,Nebraska
2407,Darryl Johnson,Louisiana
2408,Frankie King,Georgia
2409,Jimmy King,Oklahoma
2410,Voshon Lenard,Michigan
2411,Cedric Lewis,District of Columbia
2412,Martin Lewis,Kansas
2413,Rich Manning,Washington
2414,Donny Marshall,Pennsylvania
2415,Cuonzo Martin,Missouri
2416,Clint McDaniel,Oklahoma
2417,Antonio McDyess,Mississippi
2418,Loren Meyer,Iowa
2419,Lawrence Moten,District of Columbia
2420,Todd Mundt,Iowa
2421,Howard Nathan,Illinois
2422,Ed O'Bannon,California
2423,Greg Ostertag,Texas
2425,Theo Ratliff,Alabama
2426,Bryant Reeves,Arkansas
2427,Don Reid,District of Columbia
2428,Terrence Rencher,New York
2429,Shawn Respert,Michigan
2430,Lou Roe,New Jersey
2431,Stefano Rusconi,Italy
2432,Arvydas Sabonis*,Lithuania
2433,Joe Smith,Mississippi
2434,Eric Snow,Ohio
2435,Jerry Stackhouse,North Carolina
2436,Damon Stoudamire,Oregon
2437,Bob Sura,Pennsylvania
2438,Larry Sykes,Ohio
2439,Kurt Thomas,Texas
2440,Gary Trent,Ohio
2441,Logan Vander,Wisconsin
2442,David Vaughn,Tennessee
2443,Rasheed Wallace,Pennsylvania
2444,Jeff Webster,Arkansas
2445,Dwayne Whitfield,Mississippi
2446,Eric Williams,New Jersey
2447,Corliss Williamson,Georgia
2448,George Zidek,Czech Republic
2449,Shareef Abdur-Rahim,Georgia
2450,Ray Allen,Florida
2451,Shandon Anderson,Georgia
2452,Dexter Boney,Delaware
2453,Bruce Bowen,California
2454,Mark Bradtke,Australia
2455,Marcus Brown,Arkansas
2456,Kobe Bryant,Pennsylvania
2457,Marcus Camby,Connecticut
2458,Jimmy Carruth,Texas
2459,Erick Dampier,Mississippi
2460,Ben Davis,Florida
2461,Emanual Davis,Pennsylvania
2462,Tony Delk,Tennessee
2463,Aleksandar Djordjevic,Serbia
2464,Nate Driggers,Illinois
2465,Brian Evans,Illinois
2466,Jamie Feick,Ohio
2467,Derek Fisher,Arkansas
2468,Todd Fuller,Michigan
2469,Dean Garrett,California
2470,Reggie Geary,New Jersey
2471,Devin Gray,Maryland
2472,Evric Gray,California
2473,Darvin Ham,Michigan
2474,Steve Hamer,Tennessee
2475,Othella Harrington,Mississippi
2476,Michael Hawkins,Ohio
2477,Shane Heal,Australia
2478,Mark Hendrickson,Washington
2479,Allen Iverson*,Virginia
2480,Kerry Kittles,Ohio
2481,Travis Knight,Utah
2482,Priest Lauderdale,Illinois
2483,Randy Livingston,Louisiana
2484,Horacio Llamas,Mexico
2485,Matt Maloney,Maryland
2486,Stephon Marbury,New York
2487,Walter McCarty,Indiana
2488,Amal McCaskill,Illinois
2489,Jeff McInnis,North Carolina
2490,Martin Muursepp,Estonia
2491,Steve Nash,South Africa
2492,Ruben Nembhard,New York
2493,Gaylon Nickerson,Arkansas
2494,Moochie Norris,District of Columbia
2495,Jermaine O'Neal,South Carolina
2496,Ray Owes,California
2497,Vitaly Potapenko,Ukraine
2498,Chris Robinson,Georgia
2499,Roy Rogers,North Carolina
2500,Malik Rose,Pennsylvania
2501,Kevin Salvadori,West Virginia
2502,Jason Sasser,Texas
2503,Brent Scott,Michigan
2504,James Scott,New Jersey
2505,Shawnelle Scott,New York
2506,Stevin Smith,Michigan
2507,Matt Steigenga,Michigan
2508,Joe Stephens,California
2509,Erick Strickland,Alabama
2510,Brett Szabo,Iowa
2511,Antoine Walker,New York
2512,Samaki Walker,Ohio
2513,Ben Wallace,Alabama
2514,John Wallace,New York
2515,Donald Whiteside,Illinois
2516,Jerome Williams,District of Columbia
2517,Lorenzen Wright,New Jersey
2518,Tariq Abdul-Wahad,France
2519,Derek Anderson,Kentucky
2520,Chris Anstey,Australia
2521,Drew Barry,California
2522,Tony Battie,Texas
2523,Chauncey Billups,Colorado
2524,Etdrick Bohannon,California
2525,Keith Booth,Maryland
2526,Rick Brunson,New York
2527,Kelvin Cato,Georgia
2528,Keith Closs,Connecticut
2529,James Collins,Florida
2530,James Cotton,Montana
2531,Chris Crawford,Michigan
2532,Austin Croshere,California
2533,William Cunningham,Georgia
2534,Antonio Daniels,Ohio
2535,Tim Duncan,U.S. Virgin Islands
2536,Tony Farmer,California
2537,Danny Fortson,Pennsylvania
2538,Adonal Foyle,Saint Vincent and the Grenadines
2539,Lawrence Funderburke,Ohio
2540,Chris Garner,Tennessee
2541,Kiwane Garris,Illinois
2542,Ed Gray,California
2543,Derek Grimm,Illinois
2544,Reggie Hanson,North Carolina
2545,Jerald Honeycutt,Louisiana
2546,Troy Hudson,Illinois
2547,Zydrunas Ilgauskas,Lithuania
2548,Bobby Jackson,North Carolina
2549,Anthony Johnson,California
2550,Dontae' Jones,Tennessee
2551,Brevin Knight,New Jersey
2552,Rusty LaRue,North Carolina
2553,Jason Lawson,Pennsylvania
2554,Michael McDonald,Texas
2555,Tracy McGrady,Florida
2556,Ron Mercer,Tennessee
2557,Marko Milic,Slovenia
2558,Jeff Nordgaard,Minnesota
2559,Charles O'Bannon,California
2560,Kevin Ollie,Texas
2561,Anthony Parker,Illinois
2562,Scot Pollard,Utah
2563,Mark Pope,Nebraska
2564,Rodrick Rhodes,New Jersey
2565,Shea Seals,Oklahoma
2566,God Shammgod,New York
2567,Kebu Stewart,New York
2568,Michael Stewart,France
2569,Ed Stokes,New York
2570,Johnny Taylor,Tennessee
2571,Maurice Taylor,Michigan
2572,John Thomas,Georgia
2573,Tim Thomas,New Jersey
2575,Jacque Vaughn,California
2576,Eric Washington,Mississippi
2577,Bubba Wells,Kentucky
2578,DeJuan Wheat,Kentucky
2580,Brandon Williams,Louisiana
2581,Travis Williams,South Carolina
2582,Peter Aluma,Nigeria
2583,Toby Bailey,California
2584,LaMark Baker,Ohio
2585,Corey Benjamin,California
2586,Mike Bibby,New Jersey
2587,Earl Boykins,Ohio
2589,Cory Carr,Arkansas
2590,Vince Carter,Florida
2591,Keon Clark,Illinois
2593,Ricky Davis,Nevada
2594,Michael Dickerson,South Carolina
2595,Michael Doleac,Texas
2596,Bryce Drew,Louisiana
2597,Marlon Garnett,California
2598,Pat Garrity,Nevada
2599,Paul Grant,Pennsylvania
2600,Matt Harpring,Ohio
2601,Al Harrington,New Jersey
2603,Larry Hughes,Missouri
2604,Randell Jackson,California
2605,Sam Jacobson,Minnesota
2606,Jerome James,Florida
2607,Antawn Jamison,Louisiana
2608,Damon Jones,Texas
2609,Jonathan Kerner,Georgia
2610,Gerard King,West Virginia
2611,Raef LaFrentz,Iowa
2612,Rashard Lewis,Pennsylvania
2613,Felipe Lopez,Dominican Republic
2614,Tyronn Lue,Missouri
2615,Sean Marks,New Zealand
2616,Kelly McCarty,Illinois
2617,Jelani McCoy,California
2618,Roshown McLeod,New Jersey
2619,Brad Miller,Indiana
2620,Cuttino Mobley,Pennsylvania
2621,Nazr Mohammed,Illinois
2622,Mikki Moore,South Carolina
2623,Makhtar N'Diaye,Senegal
2624,Tyrone Nesby,Illinois
2625,Rasho Nesterovic,Slovenia
2626,Dirk Nowitzki,Germany
2627,Michael Olowokandi,Nigeria
2628,Andrae Patterson,California
2629,Ruben Patterson,Ohio
2630,Paul Pierce,California
2631,Casey Shaw,Ohio
2632,Jeffrey Sheppard,Georgia
2633,Miles Simon,Sweden
2634,Alvin Sims,Kentucky
2635,Brian Skinner,Texas
2636,Ryan Stack,Tennessee
2638,Peja Stojakovic,Croatia
2639,Bruno Sundov,Croatia
2640,Robert Traylor,Michigan
2641,Bonzi Wells,Indiana
2642,Tyson Wheeler,Connecticut
2643,Jahidi White,Missouri
2644,Jason Williams,South Carolina
2645,Shammond Williams,New York
2646,Trevor Winter,Minnesota
2647,Korleone Young,Kansas
2648,Rafer Alston,New York
2649,Chucky Atkins,Florida
2650,William Avery,Georgia
2651,Jonathan Bender,Mississippi
2652,Calvin Booth,Ohio
2653,Lazaro Borrell,Cuba
2654,Cal Bowdler,Virginia
2655,Ryan Bowen,Iowa
2656,Ira Bowman,New Jersey
2658,Elton Brand,New York
2659,Greg Buckner,Kentucky
2660,Rodney Buford,Wisconsin
2661,Anthony Carter,Wisconsin
2662,John Celestand,Texas
2663,Vonteego Cummings,Georgia
2664,Baron Davis,California
2665,Derrick Dial,Michigan
2666,Obinna Ekezie,Nigeria
2667,Evan Eschmeyer,Ohio
2668,Jeff Foster,Texas
2669,Steve Francis,Maryland
2670,Devean George,Minnesota
2671,Dion Glover,Georgia
2672,Adrian Griffin,Kansas
2673,Richard Hamilton,Pennsylvania
2674,Chris Herren,Massachusetts
2675,Derek Hood,Missouri
2676,Rick Hughes,Illinois
2677,Jermaine Jackson,Michigan
2678,Tim James,Florida
2679,Harold Jamison,South Carolina
2680,DeMarco Johnson,California
2681,Jumaine Jones,Florida
2682,Lari Ketner,Pennsylvania
2683,Trajan Langdon,California
2684,Quincy Lewis,Arkansas
2685,Todd MacCulloch,Canada
2686,Corey Maggette,Illinois
2687,Shawn Marion,Illinois
2688,Andre Miller,Michigan
2689,Jason Miskiri,Guyana
2690,Lamar Odom,New York
2691,Scott Padgett,Kentucky
2692,Milt Palacio,California
2693,James Posey,Ohio
2694,Laron Profit,South Carolina
2695,Aleksandar Radojevic,Montenegro
2696,Ryan Robertson,Oklahoma
2697,Eddie Robinson,Michigan
2698,Michael Ruffin,Colorado
2699,Wally Szczerbiak,Pennsylvania
2700,Jason Terry,Washington
2701,Jamel Thomas,New York
2702,Kenny Thomas,Georgia
2703,Mirsad Turkcan,Serbia
2704,Wayne Turner,Massachusetts
2705,Dedric Willoughby,Louisiana
2707,Tim Young,California
2708,Courtney Alexander,Virginia
2710,Erick Barkley,New York
2711,Raja Bell,U.S. Virgin Islands
2712,Mark Blount,New York
2713,Brian Cardinal,Illinois
2714,Mateen Cleaves,Michigan
2715,Jason Collier,Florida
2716,Sean Colson,Pennsylvania
2717,Jamal Crawford,Washington
2718,Keyon Dooling,Florida
2719,Khalid El-Amin,Minnesota
2720,Marcus Fizer,Michigan
2721,Ruben Garces,Panama
2722,Eddie Gill,Colorado
2723,Steve Goodrich,Pennsylvania
2725,Zendon Hamilton,New York
2726,Jason Hart,California
2727,Donnell Harvey,Georgia
2728,Eddie House,California
2729,Marc Jackson,New York
2730,Stephen Jackson,Alabama
2731,DerMarr Johnson,California
2732,Garth Joseph,Dominica
2733,Dan Langhi,Illinois
2734,Art Long,New York
2735,Mark Madsen,California
2736,Jamaal Magloire,Canada
2737,Kenyon Martin,Michigan
2738,Desmond Mason,Texas
2739,Dan McClintock,California
2740,Paul McPherson,Illinois
2741,Stanislav Medvedenko,Ukraine
2742,Chris Mihm,Wisconsin
2743,Darius Miles,Illinois
2744,Mike Miller,South Dakota
2745,Jerome Moiso,France
2746,Hanno Mottola,Finland
2747,Mamadou N'Diaye,Senegal
2748,Lee Nailon,Indiana
2749,Eduardo Najera,Mexico
2750,Ira Newble,Michigan
2751,Olumide Oyedeji,Nigeria
2752,Andy Panko,Pennsylvania
2753,Mike Penberthy,California
2754,Morris Peterson,Michigan
2755,Chris Porter,Alabama
2756,Lavor Postell,Georgia
2757,Joel Przybilla,Minnesota
2758,Michael Redd,Ohio
2759,Quentin Richardson,Illinois
2760,Terrance Roberson,Michigan
2761,Jamal Robinson,California
2762,Soumaila Samake,Mali
2763,Pepe Sanchez,Argentina
2764,Daniel Santiago,Texas
2765,Jabari Smith,Georgia
2766,Mike Smith,New York
2767,DeShawn Stevenson,California
2768,Stromile Swift,Louisiana
2769,Dragan Tarlac,Serbia
2770,Jake Tsakalidis,Georgia
2771,Hedo Turkoglu,Turkey
2772,David Vanterpool,Florida
2773,Jake Voskuhl,Oklahoma
2774,Ruben Wolkowyski,Argentina
2775,Wang Zhizhi,China
2776,Malik Allen,New Jersey
2777,Chris Andersen,California
2778,Gilbert Arenas,California
2779,Brandon Armstrong,California
2780,Carlos Arroyo,Puerto Rico
2781,Mengke Bateer,China
2782,Shane Battier,Michigan
2783,Charlie Bell,Michigan
2784,Ruben Boumtje-Boumtje,Cameroon
2785,Michael Bradley,Massachusetts
2786,Jamison Brewer,Georgia
2787,Primoz Brezec,Slovenia
2788,Damone Brown,California
2789,Ernest Brown,New York
2790,Kedrick Brown,Louisiana
2791,Kwame Brown,South Carolina
2792,Tierre Brown,Louisiana
2793,Tyson Chandler,California
2794,Speedy Claxton,New York
2795,Jarron Collins,Florida
2796,Jason Collins,Florida
2797,Joe Crispin,New Jersey
2798,Eddy Curry,Illinois
2799,Samuel Dalembert,Haiti
2800,DeSagana Diop,Senegal
2801,Predrag Drobnjak,Montenegro
2802,Maurice Evans,Kansas
2803,Isaac Fontaine,California
2804,Alton Ford,Mississippi
2805,Joseph Forte,Georgia
2806,Antonis Fotsis,Greece
2807,Tremaine Fowlkes,California
2808,Pau Gasol,Spain
2809,Eddie Griffin,Pennsylvania
2810,Tang Hamilton,Mississippi
2811,Trenton Hassell,Tennessee
2812,Kirk Haston,Tennessee
2813,Brendan Haywood,New York
2814,Steven Hunter,Illinois
2815,Mike James,New York
2816,Richard Jefferson,California
2817,Joe Johnson,Mississippi
2818,Alvin Jones,Luxembourg
2819,Andrei Kirilenko,Russia
2820,Terence Morris,Maryland
2821,Troy Murphy,New Jersey
2822,Dean Oliver,Illinois
2823,Tony Parker,Belgium
2824,Vladimir Radmanovic,Bosnia and Herzegovina
2825,Zach Randolph,Indiana
2826,Zeljko Rebraca,Serbia
2827,Jason Richardson,Michigan
2828,Norm Richardson,New York
2829,Jeryl Sasser,Texas
2830,Kenny Satterfield,New York
2831,Brian Scalabrine,California
2832,Ansu Sesay,North Carolina
2833,Bobby Simmons,Illinois
2834,Leon Smith,Illinois
2835,Will Solomon,Connecticut
2836,Etan Thomas,New York
2837,Jamaal Tinsley,New York
2838,Oscar Torres,Venezuela
2839,Jeff Trepagnier,California
2840,Ratko Varda,Bosnia and Herzegovina
2841,Gerald Wallace,Alabama
2842,Earl Watson,Kansas
2843,Rodney White,Alabama
2844,Loren Woods,Missouri
2845,Robert Archibald,United Kingdom
2846,Maceo Baston,Texas
2847,Mike Batiste,California
2848,Lonny Baxter,Maryland
2849,Carlos Boozer,Germany
2851,Devin Brown,Florida
2852,Pat Burke,Ireland
2853,Caron Butler,Wisconsin
2854,Rasual Butler,Pennsylvania
2855,Dan Dickau,Oregon
2856,Juan Dixon,Maryland
2857,Melvin Ely,Illinois
2858,Reggie Evans,Florida
2859,Dan Gadzuric,Netherlands
2860,Manu Ginobili,Argentina
2861,Gordan Giricek,Croatia
2862,Drew Gooden,California
2863,Marcus Haislip,Tennessee
2864,Adam Harrington,Massachusetts
2865,Junior Harrington,North Carolina
2866,Juaquin Hawkins,California
2867,Nene Hilario,Brazil
2868,Nate Huffman,Michigan
2869,Ryan Humphrey,Oklahoma
2870,Casey Jacobsen,California
2871,Marko Jaric,Serbia
2872,Chris Jefferies,California
2873,Jared Jeffries,Indiana
2874,Fred Jones,Arkansas
2875,Sean Lampley,Illinois
2876,Tito Maddox,California
2877,Roger Mason,District of Columbia
2878,Yao Ming*,China
2879,Ronald Murray,Pennsylvania
2880,Bostjan Nachbar,Slovenia
2881,Mehmet Okur,Turkey
2882,Chris Owens,Ohio
2883,Jannero Pargo,Illinois
2884,Smush Parker,New York
2885,Tayshaun Prince,California
2886,Igor Rakocevic,Serbia
2887,Efthimi Rentzias,Greece
2888,Antoine Rigaudeau,France
2889,Guy Rucker,Michigan
2890,Kareem Rush,Missouri
2891,John Salmons,Pennsylvania
2892,Jamal Sampson,California
2893,Predrag Savovic,Croatia
2894,Paul Shirley,Kansas
2895,Tamar Slay,West Virginia
2896,Amar'e Stoudemire,Florida
2897,Cezary Trybanski,Poland
2898,Nikoloz Tskitishvili,Georgia
2900,Jiri Welsch,Czech Republic
2901,Chris Wilcox,North Carolina
2902,Mike Wilks,Wisconsin
2903,Frank Williams,California
2904,Jay Williams,South Carolina
2905,Qyntel Woods,Tennessee
2906,Vincent Yarbrough,Tennessee
2907,Carmelo Anthony,New York
2908,Marcus Banks,Nevada
2909,Leandro Barbosa,Brazil
2910,Matt Barnes,Rhode Island
2911,Jerome Beasley,California
2912,Troy Bell,Minnesota
2913,Steve Blake,Florida
2914,Keith Bogans,Virginia
2915,Curtis Borchardt,New York
2916,Chris Bosh,Texas
2917,Torraye Braggs,California
2918,Zarko Cabarkapa,Serbia
2919,Matt Carroll,Pennsylvania
2920,Maurice Carter,Mississippi
2921,Brian Cook,Illinois
2922,Omar Cook,New York
2923,Marquis Daniels,Florida
2924,Josh Davis,Michigan
2925,Boris Diaw,France
2926,Kaniel Dickens,Colorado
2927,Ronald Dupree,Mississippi
2928,Ndudi Ebi,United Kingdom
2929,Francisco Elson,Netherlands
2930,Desmond Ferguson,Michigan
2932,Richie Frahm,Washington
2933,Hiram Fuller,Missouri
2934,Reece Gaines,Wisconsin
2935,Alex Garcia,Brazil
2936,Willie Green,Michigan
2937,Ben Handlogten,Michigan
2938,Travis Hansen,Utah
2939,Udonis Haslem,Florida
2940,Jarvis Hayes,Georgia
2941,Kirk Hinrich,Iowa
2942,Josh Howard,North Carolina
2943,Brandon Hunter,Ohio
2944,LeBron James,Ohio
2945,Britton Johnsen,Utah
2946,Linton Johnson,Illinois
2947,Dahntay Jones,Texas
2949,Chris Kaman,Michigan
2950,Jason Kapono,California
2951,Kyle Korver,California
2952,Maciej Lampe,Poland
2953,Raul Lopez,Spain
2954,Keith McLeod,Ohio
2955,Darko Milicic,Serbia
2956,Travis Outlaw,Mississippi
2957,Zaza Pachulia,Georgia
2959,Desmond Penigar,California
2960,Kirk Penney,New Zealand
2961,Kendrick Perkins,Texas
2962,Mickael Pietrus,Guadeloupe
2963,Zoran Planinic,Bosnia and Herzegovina
2964,Luke Ridnour,Idaho
2965,Theron Smith,Florida
2966,Darius Songaila,Lithuania
2967,Mike Sweetney,Maryland
2968,Ime Udoka,Oregon
2969,Slavko Vranes,Serbia
2970,Dwyane Wade,Illinois
2971,Luke Walton,California
2972,David West,New Jersey
2973,Mo Williams,Virginia
2974,Tony Allen,Illinois
2975,Rafael Araujo,Brazil
2976,Trevor Ariza,Florida
2977,Maurice Baker,Illinois
2978,Andre Barrett,New York
2979,Andris Biedrins,Latvia
2980,Tony Bobbitt,Florida
2981,Matt Bonner,New Hampshire
2982,Antonio Burks,Tennessee
2983,Jackie Butler,Mississippi
2984,Geno Carlisle,Michigan
2985,Lionel Chalmers,New York
2986,Josh Childress,California
2987,Nick Collison,Iowa
2988,Erik Daniels,Ohio
2989,Carlos Delfino,Argentina
2990,Luol Deng,South Sudan
2991,Chris Duhon,Louisiana
2992,Corsley Edwards,Maryland
2993,John Edwards,Ohio
2994,Andre Emmett,Texas
2995,Luis Flores,Dominican Republic
2996,Matt Freije,Kansas
2997,Ben Gordon,United Kingdom
2998,Devin Harris,Wisconsin
2999,David Harrison,Tennessee
3000,Dwight Howard,Georgia
3001,Kris Humphries,Minnesota
3002,Andre Iguodala,Illinois
3004,Royal Ivey,New York
3005,Al Jefferson,Mississippi
3006,Horace Jenkins,New Jersey
3007,Mario Kasun,Croatia
3008,Viktor Khryapa,Ukraine
3009,Brandin Knight,New Jersey
3010,Nenad Krstic,Serbia
3011,Ibo Kutluay,Turkey
3012,Shaun Livingston,Illinois
3013,Kevin Martin,Michigan
3014,Jameer Nelson,Pennsylvania
3015,Andres Nocioni,Argentina
3016,Emeka Okafor,Texas
3017,Pavel Podkolzin,Russia
3019,Justin Reed,Mississippi
3020,Jared Reiner,South Dakota
3021,Bernard Robinson,District of Columbia
3022,Quinton Ross,Texas
3023,Ha Seung-Jin,Republic of Korea
3026,Josh Smith,Mississippi
3027,Kirk Snyder,California
3028,Pape Sow,Senegal
3029,Awvee Storey,Illinois
3030,Robert Swift,California
3031,Yuta Tabuse,Japan
3032,Sebastian Telfair,New York
3033,Billy Thomas,Louisiana
3034,James Thomas,New York
3035,Beno Udrih,Slovenia
3036,Anderson Varejao,Brazil
3037,Jackson Vroman,California
3038,Sasha Vujacic,Slovenia
3039,Delonte West,District of Columbia
3040,Damien Wilkins,Idaho
3041,Dorell Wright,California
3042,Alex Acker,California
3043,Alan Anderson,Minnesota
3044,Martynas Andriuskevicius,Lithuania
3045,Earl Barron,Mississippi
3046,Eddie Basden,New York
3047,Brandon Bass,Louisiana
3048,Esteban Batista,Uruguay
3049,Andray Blatche,New York
3050,Andrew Bogut,Australia
3051,Kevin Burleson,Washington
3052,Andrew Bynum,New Jersey
3053,Will Bynum,Illinois
3054,Jose Calderon,Spain
3055,Travis Diener,Wisconsin
3056,Ike Diogu,New York
3057,Monta Ellis,Mississippi
3058,Daniel Ewing,Florida
3059,Noel Felix,California
3060,Raymond Felton,South Carolina
3061,Gerald Fitch,Georgia
3062,Sharrod Ford,Louisiana
3063,Channing Frye,New York
3064,Deng Gai,South Sudan
3065,Francisco Garcia,Dominican Republic
3066,Ryan Gomes,Connecticut
3067,Joey Graham,Delaware
3068,Stephen Graham,Delaware
3069,Danny Granger,Louisiana
3070,Devin Green,Ohio
3071,Gerald Green,Texas
3072,Orien Greene,Florida
3073,Anthony Grundy,Kentucky
3074,Chuck Hayes,California
3075,Luther Head,Illinois
3076,Julius Hodge,New York
3077,Randy Holcomb,Illinois
3078,Jarrett Jack,Maryland
3079,Sarunas Jasikevicius,Lithuania
3080,Amir Johnson,California
3081,Dwayne Jones,Texas
3082,Linas Kleiza,Lithuania
3083,Yaroslav Korolev,Russia
3084,David Lee,California
3085,Arvydas Macijauskas,Lithuania
3086,Rawle Marshall,Guyana
3087,Jason Maxiell,Illinois
3088,Sean May,Illinois
3089,Rashad McCants,North Carolina
3090,Aaron Miles,Oregon
3092,Sergei Monia,Russia
3093,Boniface N'Dong,Senegal
3094,Fabricio Oberto,Argentina
3095,Andre Owens,Indiana
3096,Chris Paul,North Carolina
3097,Johan Petro,France
3098,Josh Powell,South Carolina
3099,Ronnie Price,Texas
3100,Shavlik Randolph,North Carolina
3101,Anthony Roberson,Tennessee
3102,Lawrence Roberts,Texas
3103,Nate Robinson,Washington
3104,Melvin Sanders,Kansas
3105,Alex Scales,Wisconsin
3106,Luke Schenscher,Australia
3107,Wayne Simien,Kansas
3108,James Singleton,Illinois
3109,Salim Stoudamire,Oregon
3110,Chris Taft,New York
3111,Donell Taylor,District of Columbia
3112,Dijon Thompson,California
3113,Ronny Turiaf,Martinique
3114,Charlie Villanueva,New York
3115,Von Wafer,Louisiana
3116,Matt Walsh,Pennsylvania
3117,Hakim Warrick,Pennsylvania
3118,Martell Webster,Maryland
3119,Robert Whaley,Michigan
3120,Deron Williams,West Virginia
3121,Lou Williams,Florida
3122,Marvin Williams,Mississippi
3123,Antoine Wright,California
3124,Bracey Wright,California
3125,Derrick Zimmerman,Louisiana
3126,Hassan Adams,California
3127,Maurice Ager,Michigan
3128,LaMarcus Aldridge,Texas
3129,Lou Amundson,California
3130,Hilton Armstrong,New York
3131,James Augustine,Illinois
3132,Kelenna Azubuike,United Kingdom
3133,Renaldo Balkman,New York
3135,Andrea Bargnani,Italy
3136,Will Blalock,Massachusetts
3137,Josh Boone,Maryland
3138,Cedric Bozeman,California
3139,Ronnie Brewer,Arkansas
3140,Andre Brown,Illinois
3141,Shannon Brown,Illinois
3142,Rodney Carney,Tennessee
3143,Mardy Collins,Pennsylvania
3144,Will Conroy,Oregon
3145,Paul Davis,Michigan
3146,Yakhouba Diawara,France
3147,Quincy Douby,New York
3148,Jordan Farmar,California
3149,Desmon Farmer,Michigan
3150,Randy Foye,New Jersey
3151,Jorge Garbajosa,Spain
3152,Rudy Gay,New York
3153,Mickael Gelabale,Guadeloupe
3154,Daniel Gibson,Texas
3155,Andreas Glyniadakis,Greece
3156,Lynn Greer,Pennsylvania
3157,Mike Hall,Illinois
3158,Walter Herrmann,Argentina
3159,Robert Hite,Ohio
3160,Ryan Hollins,California
3161,Mile Ilic,Bosnia and Herzegovina
3162,Ersan Ilyasova,Turkey
3163,Alexander Johnson,Georgia
3164,Solomon Jones,Florida
3165,Tarence Kinsey,Florida
3166,James Lang,Alabama
3167,Kyle Lowry,Pennsylvania
3168,Renaldo Major,Illinois
3169,Damir Markota,Bosnia and Herzegovina
3170,Chris McCray,Maryland
3171,Ivan McFarlin,Texas
3172,Pops Mensah-Bonsu,United Kingdom
3173,Paul Millsap,Louisiana
3174,Randolph Morris,Texas
3175,Adam Morrison,Montana
3176,David Noel,North Carolina
3177,Steve Novak,Illinois
3178,Patrick O'Bryant,Iowa
3179,Kevinn Pinkney,California
3180,Leon Powe,California
3181,Roger Powell,Illinois
3182,Chris Quinn,Louisiana
3183,Allan Ray,New York
3185,Jeremy Richardson,Pennsylvania
3186,Sergio Rodriguez,Spain
3187,Rajon Rondo,Kentucky
3188,Brandon Roy,Washington
3189,Thabo Sefolosha,Switzerland
3191,Cedric Simmons,North Carolina
3192,Uros Slokar,Slovenia
3193,Craig Smith,California
3194,Steven Smith,Michigan
3195,Vassilis Spanoulis,Greece
3196,Tyrus Thomas,Louisiana
3199,James White,Missouri
3200,Justin Williams,Illinois
3201,Marcus Williams,Mississippi
3202,Shawne Williams,New York
3203,Shelden Williams,New York
3204,Arron Afflalo,California
3205,Blake Ahearn,Missouri
3206,Lance Allred,Utah
3207,Morris Almond,Georgia
3208,Joel Anthony,Canada
3209,Marco Belinelli,Italy
3210,Corey Brewer,Tennessee
3211,Aaron Brooks,Washington
3212,Wilson Chandler,Michigan
3213,Mike Conley,Arkansas
3214,Daequan Cook,California
3215,Javaris Crittenton,Georgia
3216,Jermareo Davidson,Georgia
3217,Glen Davis,Louisiana
3218,Guillermo Diaz,Puerto Rico
3219,Jared Dudley,California
3220,Kevin Durant,District of Columbia
3221,Nick Fazekas,Colorado
3222,Kyrylo Fesenko,Ukraine
3223,Thomas Gardner,Oregon
3224,Marcin Gortat,Poland
3225,Aaron Gray,California
3227,Taurean Green,Florida
3228,Mike Harris,Texas
3229,Spencer Hawes,Washington
3230,Al Horford,Dominican Republic
3231,Yi Jianlian,China
3232,Coby Karl,Montana
3233,Carl Landry,Wisconsin
3234,Keith Langford,Texas
3235,Stephane Lasme,Gabon
3236,Acie Law,Texas
3237,Ian Mahinmi,France
3238,Dominic McGuire,California
3239,Josh McRoberts,Indiana
3240,Jamario Moon,Alabama
3242,Demetris Nichols,Massachusetts
3243,Joakim Noah,New York
3244,Oleksiy Pecherov,Ukraine
3245,Kosta Perovic,Croatia
3246,Kasib Powell,New Jersey
3247,Gabe Pruitt,California
3248,Chris Richard,Florida
3250,Luis Scola,Argentina
3251,Ramon Sessions,South Carolina
3252,Courtney Sims,Massachusetts
3253,Jason Smith,Georgia
3255,Rodney Stuckey,Washington
3256,Al Thornton,Georgia
3257,Alando Tucker,Ohio
3258,Darius Washington,Florida
3259,Darryl Watkins,New Jersey
3261,Mario West,Virginia
3262,Sean Williams,Texas
3263,Brandan Wright,California
3264,Julian Wright,Illinois
3265,Nick Young,California
3266,Thaddeus Young,Louisiana
3267,Alexis Ajinca,France
3268,Joe Alexander,Taiwan
3269,Ryan Anderson,California
3270,Darrell Arthur,Texas
3272,Nicolas Batum,France
3273,Jerryd Bayless,Arizona
3274,Michael Beasley,Maryland
3275,Bobby Brown,Ohio
3276,Mario Chalmers,Alaska
3277,Joe Crawford,Michigan
3278,Joey Dorsey,Maryland
3279,Chris Douglas-Roberts,Michigan
3280,Goran Dragic,Slovenia
3281,Rudy Fernandez,Spain
3282,Danilo Gallinari,Italy
3283,Marc Gasol,Spain
3285,Eric Gordon,Indiana
3286,Donte Greene,Germany
3287,Hamed Haddadi,Islamic Republic of Iran
3288,Malik Hairston,Michigan
3289,Roy Hibbert,New York
3291,George Hill,Indiana
3292,Steven Hill,Kansas
3293,Othello Hunter,North Carolina
3294,Darnell Jackson,Oklahoma
3295,Nathan Jawai,Australia
3296,Dontell Jefferson,Georgia
3297,Trey Johnson,Mississippi
3298,DeAndre Jordan,Texas
3299,Kosta Koufos,Ohio
3300,Rob Kurz,Pennsylvania
3301,Courtney Lee,Indiana
3302,Brook Lopez,California
3303,Robin Lopez,California
3304,Kevin Love,California
3305,Cartier Martin,Texas
3308,JaVale McGee,Michigan
3309,Anthony Morrow,North Carolina
3310,DeMarcus Nelson,California
3311,Greg Oden,New York
3312,Anthony Randolph,Germany
3313,Derrick Rose,Illinois
3314,Brandon Rush,Missouri
3315,Walter Sharpe,Alabama
3316,Sean Singletary,Pennsylvania
3317,Marreese Speights,Florida
3318,Mike Taylor,Illinois
3319,Jason Thompson,New York
3320,Anthony Tolliver,Missouri
3321,Roko Ukic,Croatia
3323,Kyle Weaver,Wisconsin
3324,Sonny Weems,Arkansas
3325,Russell Westbrook,California
3327,Jawad Williams,South Carolina
3328,Sun Yue,China
3329,David Andersen,Minnesota
3330,Antonio Anderson,New York
3332,Rodrigue Beaubois,Guadeloupe
3333,DeJuan Blair,Pennsylvania
3334,Jon Brockman,Washington
3335,Derrick Brown,Florida
3336,Chase Budinger,California
3337,DeMarre Carroll,Alabama
3338,Omri Casspi,Israel
3339,Earl Clark,New Jersey
3340,Darren Collison,California
3341,Dante Cunningham,Maryland
3342,JamesOn Curry,North Carolina
3343,Stephen Curry,Ohio
3344,Austin Daye,California
3345,DeMar DeRozan,California
3346,Toney Douglas,Georgia
3347,Wayne Ellington,Pennsylvania
3348,Tyreke Evans,Pennsylvania
3349,Jonny Flynn,New York
3350,Sundiata Gaines,New York
3351,Alonzo Gee,Florida
3352,Taj Gibson,New York
3353,Trey Gilder,Texas
3354,Danny Green,California
3355,Taylor Griffin,Oklahoma
3356,Tyler Hansbrough,Missouri
3357,James Harden,California
3358,Jordan Hill,Georgia
3359,Jrue Holiday,California
3360,Lester Hudson,Tennessee
3361,Chris Hunter,Indiana
3362,Serge Ibaka,Republic of the Congo
3363,Cedric Jackson,New Mexico
3364,Othyus Jeffers,Illinois
3365,Brandon Jennings,California
3366,Jonas Jerebko,Sweden
3367,James Johnson,Wyoming
3368,Oliver Lafayette,Louisiana
3369,Marcus Landry,Wisconsin
3370,Ty Lawson,Maryland
3371,Wesley Matthews,Florida
3372,Eric Maynor,North Carolina
3373,Jodie Meeks,Georgia
3374,Patty Mills,Louisiana
3375,Byron Mullens,Ohio
3377,DaJuan Summers,Maryland
3378,Jermaine Taylor,Arkansas
3379,Jeff Teague,Indiana
3380,Garrett Temple,Louisiana
3381,Hasheem Thabeet,United Republic of Tanzania
3382,Marcus Thornton,Louisiana
3383,Terrence Williams,Washington
3384,Sam Young,District of Columbia
3385,Jeff Adrien,Massachusetts
3386,Solomon Alabi,Nigeria
3387,Cole Aldrich,Minnesota
3388,Al-Farouq Aminu,Georgia
3389,James Anderson,Arkansas
3390,Omer Asik,Turkey
3391,Luke Babbitt,Ohio
3392,Eric Bledsoe,Alabama
3393,Trevor Booker,South Carolina
3394,Craig Brackins,California
3395,Avery Bradley,Washington
3396,Derrick Caracter,New Jersey
3397,Sherron Collins,Illinois
3398,Marcus Cousin,Maryland
3399,DeMarcus Cousins,Alabama
3400,Jordan Crawford,Michigan
3401,Ed Davis,District of Columbia
3402,Zabian Dowdell,Florida
3403,Devin Ebanks,New York
3404,Semih Erden,Turkey
3405,Jeremy Evans,Arkansas
3406,Patrick Ewing,Jamaica
3407,Christian Eyenga,Democratic Republic of the Congo
3408,Derrick Favors,Georgia
3409,Landry Fields,California
3410,Gary Forbes,Panama
3411,Paul George,California
3412,Blake Griffin,Oklahoma
3413,Luke Harangody,Illinois
3414,Manny Harris,Michigan
3415,Gordon Hayward,Indiana
3416,Lazar Hayward,New York
3417,Xavier Henry,Belgium
3418,Damion James,New Mexico
3419,Eugene Jeter,California
3420,Armon Johnson,Minnesota
3421,Chris Johnson,Texas
3422,Wesley Johnson,Texas
3423,Dominique Jones,Tennessee
3424,Gani Lawal,Georgia
3425,Jeremy Lin,California
3426,Greg Monroe,Louisiana
3427,Timofey Mozgov,Russia
3428,Hamady N'Diaye,Senegal
3429,Gary Neal,Maryland
3430,Larry Owens,Arizona
3431,Patrick Patterson,District of Columbia
3432,Nikola Pekovic,Montenegro
3433,Dexter Pittman,Texas
3434,Quincy Pondexter,California
3435,Andy Rautins,New York
3436,Samardo Samuels,Jamaica
3437,Larry Sanders,Florida
3438,Kevin Seraphin,French Guiana
3439,Mustafa Shakur,Pennsylvania
3440,Garret Siler,Georgia
3441,Ish Smith,North Carolina
3442,Tiago Splitter,Brazil
3443,Lance Stephenson,New York
3444,Pape Sy,France
3445,Evan Turner,Illinois
3446,Ekpe Udoh,Oklahoma
3447,Ben Uzoh,Texas
3448,Greivis Vasquez,Venezuela
3449,John Wall,North Carolina
3450,Willie Warren,Texas
3451,Hassan Whiteside,North Carolina
3452,Lavoy Allen,Pennsylvania
3453,Gustavo Ayon,Mexico
3454,Keith Benson,Indiana
3455,Bismack Biyombo,Democratic Republic of the Congo
3456,MarShon Brooks,New Jersey
3457,Alec Burks,Missouri
3458,Jimmy Butler,Texas
3459,Derrick Byars,Tennessee
3460,Norris Cole,Ohio
3461,Eric Dawson,Texas
3462,Justin Dentmon,Illinois
3463,Jerome Dyson,Maryland
3464,Kenneth Faried,New Jersey
3465,Jeff Foote,New York
3466,Courtney Fortson,Texas
3467,Jimmer Fredette,New York
3468,Mickell Gladness,Alabama
3469,Andrew Goudelock,Georgia
3470,Jordan Hamilton,Kentucky
3471,Justin Harper,Virginia
3472,Josh Harrellson,Missouri
3473,Terrel Harris,Texas
3474,Tobias Harris,Louisiana
3475,Cory Higgins,California
3476,Darington Hobson,Nevada
3477,Tyler Honeycutt,California
3478,Dennis Horner,New Jersey
3479,Kyrie Irving,Australia
3480,Reggie Jackson,Italy
3481,Charles Jenkins,New York
3482,Carldell Johnson,Louisiana
3483,Ivan Johnson,Texas
3484,JaJuan Johnson,Wyoming
3485,Jerome Jordan,Jamaica
3486,Cory Joseph,Canada
3487,Enes Kanter,Switzerland
3489,Brandon Knight,New Jersey
3490,Malcolm Lee,California
3491,Kawhi Leonard,California
3492,Travis Leslie,Georgia
3493,Jon Leuer,Minnesota
3494,DeAndre Liggins,Illinois
3495,Shelvin Mack,Kentucky
3496,Vernon Macklin,Virginia
3498,Darius Morris,California
3501,Daniel Orton,Oklahoma
3502,Jeremy Pargo,Illinois
3503,Chandler Parsons,Florida
3504,Ryan Reid,Florida
3505,Ricky Rubio,Spain
3506,Josh Selby,Maryland
3507,Iman Shumpert,Illinois
3508,Xavier Silas,Texas
3509,Chris Singleton,Georgia
3510,Donald Sloan,Louisiana
3511,Jerry Smith,Wisconsin
3512,Nolan Smith,Kentucky
3513,Greg Stiemsma,Wisconsin
3514,Julyan Stone,Virginia
3515,Isaiah Thomas,Illinois
3516,Lance Thomas,New York
3517,Malcolm Thomas,Missouri
3518,Trey Thompkins,Canada
3519,Klay Thompson,California
3520,Mychel Thompson,Bahamas
3521,Tristan Thompson,Canada
3522,Jeremy Tyler,California
3523,Edwin Ubiles,New York
3524,Jan Vesely,Czech Republic
3525,Nikola Vucevic,Switzerland
3526,Kemba Walker,Georgia
3527,Derrick Williams,West Virginia
3528,Elliot Williams,Tennessee
3529,Jordan Williams,Connecticut
3530,Chris Wright,Ohio
3531,Quincy Acy,Texas
3532,Josh Akognon,California
3534,Will Barton,Maryland
3535,Aron Baynes,New Zealand
3536,Kent Bazemore,North Carolina
3537,Bradley Beal,Missouri
3538,Patrick Beverley,Illinois
3539,Victor Claver,Spain
3540,Chris Copeland,New Jersey
3541,Jae Crowder,Georgia
3542,Jared Cunningham,California
3543,Anthony Davis,California
3545,Andre Drummond,New York
3546,Kim English,Maryland
3547,Festus Ezeli,Nigeria
3548,Evan Fournier,France
3549,Joel Freeland,United Kingdom
3551,Draymond Green,Michigan
3552,Ben Hansbrough,Missouri
3553,Maurice Harkless,New York
3554,John Henson,North Carolina
3555,Justin Holiday,California
3556,Bernard James,Georgia
3557,John Jenkins,Tennessee
3558,Orlando Johnson,California
3559,Darius Johnson-Odom,Louisiana
3560,DeQuan Jones,Georgia
3561,Kevin Jones,New York
3562,Perry Jones,Louisiana
3563,Terrence Jones,Oregon
3564,Kris Joseph,Canada
3565,Michael Kidd-Gilchrist,Pennsylvania
3566,Viacheslav Kravtsov,Ukraine
3567,Doron Lamb,New York
3568,Jeremy Lamb,Virginia
3569,Meyers Leonard,Virginia
3570,Damian Lillard,California
3571,Scott Machado,New York
3572,Kendall Marshall,Virginia
3573,Fab Melo,Brazil
3574,Khris Middleton,South Carolina
3575,Darius Miller,Kentucky
3576,Quincy Miller,Illinois
3577,Donatas Motiejunas,Lithuania
3578,Arnett Moultrie,New York
3579,Kevin Murphy,Georgia
3580,Andrew Nicholson,Canada
3581,Kyle O'Quinn,New York
3582,Tim Ohlbrecht,Germany
3583,Miles Plumlee,Indiana
3584,Pablo Prigioni,Argentina
3585,Austin Rivers,California
3586,Brian Roberts,Ohio
3587,Thomas Robinson,District of Columbia
3588,Terrence Ross,Oregon
3589,Robert Sacre,Louisiana
3590,Mike Scott,Virginia
3591,Tornike Shengelia,Georgia
3592,Alexey Shved,Russia
3593,Henry Sims,Maryland
3594,Kyle Singler,Oregon
3595,Jared Sullinger,Ohio
3596,Jeffery Taylor,Arkansas
3597,Tyshawn Taylor,New Jersey
3598,Marquis Teague,Indiana
3599,Mirza Teletovic,Bosnia and Herzegovina
3600,Jonas Valanciunas,Lithuania
3601,Jarvis Varnado,Virginia
3602,Dion Waiters,Pennsylvania
3603,Maalik Wayns,Pennsylvania
3604,Tony Wroten,Washington
3605,Luke Zeller,Iowa
3606,Tyler Zeller,California
3607,Steven Adams,New Zealand
3608,Giannis Antetokounmpo,Greece
3609,Pero Antic,FYR Macedonia
3610,Chris Babb,Texas
3611,Anthony Bennett,Canada
3612,Vander Blue,Wisconsin
3613,Lorenzo Brown,Georgia
3614,Reggie Bullock,Maryland
3615,Trey Burke,Ohio
3616,Dwight Buycks,Wisconsin
3617,Nick Calathes,Florida
3618,Kentavious Caldwell-Pope,Georgia
3619,Isaiah Canaan,Mississippi
3620,Michael Carter-Williams,Massachusetts
3621,Dionte Christmas,Pennsylvania
3622,Ian Clark,Tennessee
3623,Robert Covington,Illinois
3624,Allen Crabbe,California
3625,Seth Curry,North Carolina
3626,Troy Daniels,Virginia
3627,Luigi Datome,Italy
3628,Brandon Davies,Pennsylvania
3629,Dewayne Dedmon,California
3630,Matthew Dellavedova,Australia
3631,Gorgui Dieng,Senegal
3632,Shane Edwards,California
3633,Vitor Faverani,Brazil
3634,Carrick Felix,Arizona
3635,Jamaal Franklin,California
3636,Rudy Gobert,France
3637,Archie Goodwin,Arkansas
3638,Jorge Gutierrez,Mexico
3639,Justin Hamilton,California
3640,Elias Harris,Germany
3641,Solomon Hill,California
3642,Scotty Hopson,Kentucky
3643,Robbie Hummel,Indiana
3644,Sergey Karasev,Russia
3645,Ryan Kelly,New York
3646,Ognjen Kuzmic,Bosnia and Herzegovina
3647,Shane Larkin,Ohio
3648,Ricky Ledo,Rhode Island
3649,Alex Len,Ukraine
3650,Ray McCallum,Wisconsin
3652,Ben McLemore,Missouri
3653,Gal Mekel,Israel
3654,Tony Mitchell,Ohio
3655,Shabazz Muhammad,California
3656,Erik Murphy,France
3657,Toure' Murry,Texas
3658,Mike Muscala,Minnesota
3659,Nemanja Nedovic,Serbia
3660,James Nunnally,California
3661,Victor Oladipo,Maryland
3662,Kelly Olynyk,Canada
3663,Arinze Onuaku,Maryland
3664,Mason Plumlee,Indiana
3665,Otto Porter,Missouri
3666,Phil Pressey,Texas
3667,Miroslav Raduljica,Serbia
3668,Andre Roberson,Tennessee
3669,Dennis Schroder,Germany
3670,Peyton Siva,Washington
3671,Tony Snell,California
3672,James Southerland,New York
3674,Adonis Thomas,Tennessee
3675,Hollis Thompson,California
3676,Casper Ware,California
3677,Royce White,Alabama
3678,Jeff Withey,California
3679,Nate Wolters,Minnesota
3680,Cody Zeller,Indiana
3681,Jordan Adams,Georgia
3682,Furkan Aldemir,Turkey
3683,Kyle Anderson,New York
3684,Cameron Bairstow,Australia
3685,Jerrelle Benimon,Virginia
3686,Sim Bhullar,Canada
3687,Tarik Black,Tennessee
3688,Bojan Bogdanovic,Serbia
3689,Jabari Brown,California
3690,Markel Brown,Arkansas
3691,Bruno Caboclo,Brazil
3693,Will Cherry,California
3694,Patrick Christopher,California
3695,Jordan Clarkson,Florida
3696,Jack Cooley,Illinois
3697,Bryce Cotton,Arizona
3698,Andre Dawkins,Virginia
3699,Spencer Dinwiddie,California
3700,Zoran Dragic,Slovenia
3701,Cleanthony Early,New York
3702,James Ennis,California
3703,Tyler Ennis,Canada
3704,Dante Exum,Australia
3705,Tim Frazier,Texas
3706,Langston Galloway,Louisiana
3707,Aaron Gordon,California
3708,Drew Gordon,California
3709,Jerami Grant,Oregon
3710,Erick Green,California
3711,JaMychal Green,Alabama
3713,Gary Harris,Indiana
3714,Joe Harris,Washington
3715,Rodney Hood,Mississippi
3716,Joe Ingles,Australia
3717,Cory Jefferson,Washington
3718,Grant Jerrett,California
3719,Nick Johnson,Arizona
3720,Tyler Johnson,North Dakota
3721,Sean Kilpatrick,New York
3722,Alex Kirk,New Mexico
3723,Joffrey Lauvergne,France
3724,Zach LaVine,Washington
3725,Kalin Lucas,Michigan
3726,Devyn Marble,Michigan
3729,Doug McDermott,North Dakota
3730,Mitch McGary,Indiana
3731,Jerel McNeal,Illinois
3732,Elijah Millsap,Louisiana
3733,Nikola Mirotic,Montenegro
3734,Eric Moreland,Texas
3735,Shabazz Napier,Massachusetts
3736,Nerlens Noel,Massachusetts
3737,Lucas Nogueira,Brazil
3738,Jusuf Nurkic,Bosnia and Herzegovina
3739,Johnny O'Bryant,Mississippi
3740,Kostas Papanikolaou,Greece
3741,Jabari Parker,Illinois
3742,Adreian Payne,Ohio
3743,Elfrid Payton,Louisiana
3744,Dwight Powell,Canada
3745,Julius Randle,Texas
3746,Damjan Rudez,Croatia
3747,JaKarr Sampson,California
3748,Marcus Smart,Texas
3749,Russ Smith,New York
3750,Nik Stauskas,Canada
3751,David Stockton,Washington
3752,Jarnell Stokes,Tennessee
3753,Noah Vonleh,Massachusetts
3755,David Wear,California
3756,Travis Wear,California
3757,Shayne Whittington,Michigan
3758,Andrew Wiggins,Canada
3760,James Young,Michigan
3761,Cliff Alexander,Illinois
3762,Justin Anderson,Virginia
3763,Thanasis Antetokounmpo,Greece
3764,Keith Appling,Michigan
3765,Nemanja Bjelica,Serbia
3766,Devin Booker,Michigan
3767,Anthony Brown,Illinois
3768,Willie Cauley-Stein,Kansas
3769,Rakeem Christmas,New Jersey
3770,Coty Clarke,Tennessee
3771,Pat Connaughton,Massachusetts
3772,Branden Dawson,Indiana
3773,Bryce Dejean-Jones,California
3774,Sam Dekker,Wisconsin
3775,Duje Dukan,Croatia
3776,Jarell Eddie,Florida
3777,Cristiano Felicio,Brazil
3778,Jerian Grant,Oregon
3779,Montrezl Harrell,North Carolina
3780,Aaron Harrison,Texas
3781,Mario Hezonja,Croatia
3782,Darrun Hilliard,Pennsylvania
3783,Rondae Hollis-Jefferson,Pennsylvania
3784,Richaun Holmes,Illinois
3785,Marcelo Huertas,Brazil
3786,Josh Huestis,Texas
3788,Damien Inglis,French Guiana
3789,Stanley Johnson,Pennsylvania
3790,Nikola Jokic,Serbia
3791,Tyus Jones,Minnesota
3792,Frank Kaminsky,Illinois
3793,Sasha Kaun,Russia
3794,Kevon Looney,Wisconsin
3795,Trey Lyles,Canada
3796,Boban Marjanovic,Serbia
3797,Jarell Martin,Louisiana
3799,Chris McCullough,New York
3800,Jordan McRae,Georgia
3801,Salah Mejri,Tunisia
3802,Jordan Mickey,Texas
3803,Luis Montero,Dominican Republic
3804,Emmanuel Mudiay,Democratic Republic of the Congo
3806,Raul Neto,Brazil
3808,Jahlil Okafor,Illinois
3809,Kelly Oubre,Louisiana
3810,Lamar Patterson,Pennsylvania
3811,Cameron Payne,Tennessee
3812,Tibor Pleiss,Germany
3813,Bobby Portis,Arkansas
3814,Kristaps Porzingis,Latvia
3815,Norman Powell,California
3816,Willie Reed,Louisiana
3817,Josh Richardson,Oklahoma
3818,Terry Rozier,Ohio
3820,Jonathon Simmons,Alabama
3821,Alex Stepheson,California
3822,Walter Tavares,Cape Verde
3823,Axel Toupane,France
3824,Karl-Anthony Towns,New Jersey
3825,Myles Turner,Texas
3826,Rashad Vaughn,Minnesota
3827,Briante Weber,Virginia
3829,Justise Winslow,Texas
3830,Christian Wood,California
3831,Delon Wright,California
3832,Joe Young,Texas
3833,Alex Abrines,Spain
3834,Ron Baker,Kansas
3835,Wade Baldwin,New Jersey
3836,Malik Beasley,Georgia
3837,DeAndre' Bembry,North Carolina
3838,Dragan Bender,Bosnia and Herzegovina
3840,Davis Bertans,Latvia
3841,Joel Bolomboy,Ukraine
3842,Malcolm Brogdon,Georgia
3843,Jaylen Brown,California
3844,Nicolas Brussino,Argentina
3845,Marquese Chriss,California
3846,Semaj Christon,Ohio
3847,Quinn Cook,District of Columbia
3848,Deyonta Davis,Michigan
3849,Malcolm Delaney,Maryland
3850,Cheick Diallo,Mali
3851,Kris Dunn,Connecticut
3852,Henry Ellenson,Wisconsin
3853,Joel Embiid,Cameroon
3854,Kay Felder,Michigan
3855,Yogi Ferrell,Indiana
3856,Dorian Finney-Smith,Virginia
3857,Bryn Forbes,Michigan
3858,Patricio Garino,Argentina
3859,Michael Gbinije,Connecticut
3860,Marcus Georges-Hunt,Florida
3861,Jonathan Gibson,California
3862,Treveon Graham,District of Columbia
3864,Andrew Harrison,Texas
3865,Juan Hernangomez,Spain
3866,Willy Hernangomez,Spain
3867,Buddy Hield,Bahamas
3868,Danuel House,Texas
3869,Brandon Ingram,North Carolina
3870,Demetrius Jackson,Indiana
3871,Pierre Jackson,Nevada
3872,Brice Johnson,Utah
3873,Damian Jones,Texas
3874,Derrick Jones,Georgia
3875,Mindaugas Kuzminskas,Lithuania
3876,Skal Labissiere,Haiti
3877,Nicolas Laprovittola,Argentina
3878,Jake Layman,Massachusetts
3879,Caris LeVert,Ohio
3880,Shawn Long,Louisiana
3881,Timothe Luwawu-Cabarrot,France
3883,Patrick McCaw,Missouri
3884,Sheldon McClellan,Texas
3885,Rodney McGruder,Maryland
3886,Dejounte Murray,Washington
3887,Jamal Murray,Canada
3888,Maurice Ndour,Senegal
3889,Georges Niang,Massachusetts
3890,David Nwaba,California
3891,Daniel Ochefu,Maryland
3892,Chinanu Onuaku,Maryland
3893,Georgios Papagiannis,Greece
3894,Gary Payton,California
3895,Marshall Plumlee,Indiana
3896,Jakob Poeltl,Austria
3897,Alex Poythress,Georgia
3898,Tim Quarterman,Georgia
3899,Chasson Randle,Illinois
3900,Malachi Richardson,New Jersey
3901,Domantas Sabonis,Oregon
3902,Dario Saric,Croatia
3903,Tomas Satoransky,Czech Republic
3904,Wayne Selden,Massachusetts
3905,Pascal Siakam,Cameroon
3906,Diamond Stone,Wisconsin
3908,Isaiah Taylor,California
3909,Mike Tobey,New York
3910,Tyler Ulis,Michigan
3911,Jarrod Uthoff,Iowa
3912,Denzel Valentine,Michigan
3913,Fred VanVleet,Illinois
3915,Okaro White,Florida
3916,Isaiah Whitehead,New York
3917,Troy Williams,South Carolina
3918,Kyle Wiltjer,Oregon
3919,Stephen Zimmerman,Tennessee
3920,Paul Zipser,Germany
3921,Ivica Zubac,Bosnia and Herzegovina
