,Player,WS
0,A.C. Green,94.60000000000001
1,A.J. Bramlett,-0.2
2,A.J. English,1.1
3,A.J. Guyton,0.30000000000000004
4,A.J. Hammons,0.0
5,A.J. Price,4.4
6,A.J. Wynder,0.0
7,Aaron Brooks,15.100000000000001
8,Aaron Gordon,21.8
9,Aaron Gray,5.1000000000000005
10,Aaron Harrison,-0.2
11,Aaron Holiday,3.0
12,Aaron Jackson,0.0
13,Aaron James,8.1
14,Aaron McKie,35.1
15,Aaron Miles,0.0
16,Aaron Swinson,0.0
17,Aaron Williams,25.799999999999997
18,Abdel Nader,2.2
19,Abdul Jeelani,5.4
20,Acie Earl,0.3
21,Acie Law,0.6
22,Adam Keefe,24.9
23,Adam Mokoka,0.2
24,Adam Morrison,-1.5
25,Admiral Schofield,0.1
26,Adonal Foyle,18.400000000000002
27,Adonis Jordan,-0.1
28,Adreian Payne,-0.09999999999999998
29,Adrian Branch,2.1
30,Adrian Caldwell,0.7999999999999999
31,Adrian Dantley*,134.39999999999998
32,Adrian Griffin,16.3
33,Al Eberhard,2.7
34,Al Fleming,0.0
35,Al Harrington,34.4
36,Al Horford,91.30000000000001
37,Al Jefferson,70.99999999999999
38,Al Skinner,6.2
39,Al Thornton,2.4000000000000004
40,Al Wood,15.200000000000003
41,Al-Farouq Aminu,27.599999999999998
42,Alaa Abdelnaby,2.5
43,Alan Anderson,7.2
44,Alan Hardy,0.0
45,Alan Henderson,28.100000000000005
46,Alan Ogg,0.8
47,Alan Williams,2.5000000000000004
48,Alando Tucker,0.2
49,Albert King,16.4
50,Alec Burks,11.6
51,Alec Kessler,2.0
52,Alec Peters,0.3
53,Aleksandar Djordjevic,0.1
54,Aleksandar Radojevi?,-0.4
55,Alen Smailagić,0.2
56,Alex Acker,-0.2
57,Alex Blackwell,0.0
58,Alex Bradley,0.4
59,Alex Caruso,3.8
60,Alex English*,100.6
61,Alex Garcia,-0.2
62,Alex Kirk,0.0
63,Alex Len,15.600000000000001
64,Alex Poythress,0.9
65,Alex Scales,0.0
66,Alex Stivrins,-0.1
67,Alexander Johnson,1.5
68,Alexander Volkov,4.4
69,Alexey Shved,1.0
70,Alexis Ajinça,7.2
71,Alfonzo McKinnie,2.4000000000000004
72,Alfredrick Hughes,-0.5
73,Alize Johnson,0.3
74,Allan Bristow,20.4
75,Allan Houston,55.2
76,Allan Ray,0.6
77,Allen Crabbe,13.900000000000002
78,Allen Iverson*,89.1
79,Allen Leavell,29.799999999999994
80,Allen Murphy,-0.1
81,Allonzo Trier,1.4
82,Alonzo Bradley,-0.2
83,Alonzo Gee,7.4
84,Alonzo Mourning*,88.5
85,Alphonso Ford,-0.30000000000000004
86,Alton Ford,0.8
87,Alton Lister,35.7
88,Alvan Adams,66.2
89,Alvin Heggs,0.1
90,Alvin Jones,0.1
91,Alvin Robertson,48.800000000000004
92,Alvin Scott,23.1
93,Alvin Sims,-0.1
94,Alvin Williams,20.2
95,Amal McCaskill,0.39999999999999997
96,Amar'e Stoudemire,88.90000000000002
97,Amile Jefferson,0.4
98,Amir Coffey,0.1
99,Amir Johnson,55.300000000000004
100,Anderson Varejão,45.49999999999999
101,Andrae Patterson,0.7999999999999999
102,Andray Blatche,19.299999999999997
103,Andre Barrett,0.0
104,Andre Brown,0.30000000000000004
105,Andre Dawkins,-0.1
106,Andre Drummond,56.50000000000001
107,Andre Emmett,0.1
108,Andre Iguodala,97.1
109,Andre Ingram,0.2
110,Andre McCarter,1.1
111,Andre Miller,89.6
112,Andre Moore,0.0
113,Andre Owens,0.2
114,Andre Roberson,12.7
115,Andre Turner,1.7999999999999998
116,Andre Wakefield,-1.1
117,Andrea Bargnani,18.8
118,Andreas Glyniadakis,-0.2
119,Andrei Kirilenko,75.39999999999999
120,Andrew Bogut,49.800000000000004
121,Andrew Bynum,37.0
122,Andrew DeClercq,16.2
123,Andrew Gaze,0.1
124,Andrew Goudelock,0.1
125,Andrew Harrison,3.3
126,Andrew Lang,26.199999999999996
127,Andrew Nicholson,4.0
128,Andrew Toney,26.9
129,Andrew Wiggins,13.1
130,Andris Biedri?š,30.8
131,Andrés Guibert,-0.30000000000000004
132,Andrés Nocioni,19.0
133,Andy Panko,0.0
134,Andy Rautins,-0.2
135,Andy Toolson,0.6
136,Andy Walker,0.7
137,Anfernee Hardaway,59.99999999999999
138,Anfernee Simons,0.30000000000000004
139,Ansu Sesay,1.4
140,Antawn Jamison,82.09999999999998
141,Ante Žižić,3.5
142,Anthony Avent,8.326672684688674e-17
143,Anthony Bennett,0.5
144,Anthony Bonner,10.6
145,Anthony Bowie,12.200000000000001
146,Anthony Brown,-0.3
147,Anthony Carter,10.299999999999999
148,Anthony Cook,1.0
149,Anthony Davis,83.0
150,Anthony Frederick,0.7
151,Anthony Goldwire,3.3
152,Anthony Grundy,0.2
153,Anthony Johnson,19.9
154,Anthony Jones,0.8
155,Anthony Mason,88.5
156,Anthony Miller,3.7
157,Anthony Morrow,21.2
158,Anthony Parker,24.5
159,Anthony Peeler,28.500000000000004
160,Anthony Pullard,-0.1
161,Anthony Randolph,5.300000000000001
162,Anthony Roberson,0.30000000000000004
163,Anthony Roberts,3.3
164,Anthony Taylor,0.2
165,Anthony Tolliver,20.2
166,Anthony Tucker,0.6
167,Antoine Carr,41.99999999999999
168,Antoine Rigaudeau,-0.4
169,Antoine Walker,37.2
170,Antoine Wright,2.3
171,Antonio Anderson,0.0
172,Antonio Blakeney,0.0
173,Antonio Burks,0.09999999999999998
174,Antonio Daniels,45.599999999999994
175,Antonio Davis,55.5
176,Antonio Harvey,0.7000000000000001
177,Antonio Lang,1.6
178,Antonio McDyess,68.60000000000001
179,Antonis Fotsis,0.1
180,Antonius Cleveland,-0.1
181,Anžejs Pasečņiks,0.5
182,Archie Goodwin,0.5
183,Arinze Onuaku,0.3
184,Armen Gilliam,53.60000000000001
185,Armon Johnson,-0.3
186,Armond Hill,11.200000000000001
187,Arnett Moultrie,1.7
188,Aron Baynes,19.2
189,Arron Afflalo,31.0
190,Art Collins,-0.4
191,Art Long,1.2999999999999998
192,Artis Gilmore*,107.49999999999999
193,Arvid Kramer,-0.1
194,Arvydas Macijauskas,0.0
195,Arvydas Sabonis*,47.099999999999994
196,Ashraf Amaya,1.9000000000000001
197,Askia Jones,-0.1
198,Audie Norris,2.9
199,Austin Carr,15.3
200,Austin Croshere,27.500000000000004
201,Austin Daye,2.8
202,Austin Rivers,8.700000000000001
203,Avery Bradley,16.0
204,Avery Johnson,50.699999999999996
205,Awvee Storey,0.30000000000000004
206,Axel Toupane,0.3
207,B.J. Armstrong,42.2
208,B.J. Johnson,-0.1
209,B.J. Tyler,-0.7
210,Bam Adebayo,19.5
211,Baron Davis,56.0
212,Barry Stevens,0.0
213,Barry Sumpter,0.0
214,Bart Kofoed,0.0
215,Bayard Forrest,2.5999999999999996
216,Ben Bentil,-0.1
217,Ben Coleman,5.1
218,Ben Davis,0.2
219,Ben Gillery,0.0
220,Ben Gordon,33.39999999999999
221,Ben Handlogten,0.8999999999999999
222,Ben Hansbrough,0.2
223,Ben McDonald,2.5
224,Ben McLemore,8.0
225,Ben Moore,0.0
226,Ben Poquette,30.199999999999996
227,Ben Simmons,24.299999999999997
228,Ben Uzoh,0.5
229,Ben Wallace,89.89999999999999
230,Beno Udrih,28.0
231,Benoit Benjamin,26.400000000000002
232,Bernard James,1.8
233,Bernard King*,75.19999999999999
234,Bernard Robinson,2.0
235,Bernard Thompson,3.3000000000000003
236,Bernard Toone,-0.1
237,Bill Bradley*,0.8
238,Bill Cartwright,72.8
239,Bill Curley,1.4
240,Bill Edwards,-0.3
241,Bill Garnett,10.9
242,Bill Hanzlik,24.699999999999996
243,Bill Jones,0.6
244,Bill Laimbeer,105.60000000000001
245,Bill Martin,0.29999999999999993
246,Bill Mayfield,0.0
247,Bill Robinzine,20.900000000000002
248,Bill Walton*,31.9
249,Bill Wennington,17.6
250,Bill Willoughby,12.200000000000001
251,Billy Donovan,-0.1
252,Billy Garrett,0.0
253,Billy Knight,48.5
254,Billy McKinney,15.7
255,Billy Owens,24.200000000000003
256,Billy Paultz,26.4
257,Billy Ray Bates,6.800000000000001
258,Billy Reid,-0.6
259,Billy Thomas,0.6000000000000001
260,Billy Thompson,9.6
261,Bimbo Coles,22.5
262,Bingo Smith,10.9
263,Bird Averitt,-1.8
264,Bismack Biyombo,25.300000000000004
265,Bison Dele,22.599999999999998
266,Blair Rasmussen,19.1
267,Blake Ahearn,-0.1
268,Blake Griffin,70.19999999999999
269,Blue Edwards,23.0
270,Bo Ellis,2.5
271,Bo Kimble,0.1
272,Bo Lamar,0.5
273,Bo Outlaw,47.4
274,Bob Bigelow,0.30000000000000004
275,Bob Carrington,1.4
276,Bob Dandridge,23.099999999999998
277,Bob Elliott,3.0999999999999996
278,Bob Gross,26.8
279,Bob Hansen,14.5
280,Bob Lanier*,56.10000000000001
281,Bob Love,1.0
282,Bob Martin,0.3
283,Bob McAdoo*,39.8
284,Bob McCann,2.1
285,Bob Miller,0.1
286,Bob Nash,3.2
287,Bob Sura,23.599999999999998
288,Bob Thornton,1.2
289,Bob Weiss,1.4
290,Bob Wilkerson,8.299999999999999
291,Boban Marjanovi?,5.1
292,Boban Marjanović,1.8
293,Bobby Brown,0.1
294,Bobby Cattage,0.30000000000000004
295,Bobby Hurley,-0.7000000000000001
296,Bobby Jackson,28.500000000000004
297,Bobby Jones,0.3
298,Bobby Jones*,73.5
299,Bobby Phills,27.099999999999998
300,Bobby Portis,9.3
301,Bobby Simmons,20.2
302,Bobby Wilson,-0.1
303,Bogdan Bogdanović,8.700000000000001
304,Bojan Bogdanovi?,3.3
305,Bojan Bogdanović,16.4
306,Bol Bol,0.1
307,Boniface N'Dong,0.2
308,Bonzi Wells,25.5
309,Bonzie Colson,0.2
310,Boris Diaw,46.199999999999996
311,Boštjan Nachbar,7.0
312,Bracey Wright,0.5
313,Brad Branson,0.9
314,Brad Daugherty,65.10000000000001
315,Brad Davis,53.400000000000006
316,Brad Holland,0.3
317,Brad Lohaus,13.900000000000004
318,Brad Miller,63.00000000000001
319,Brad Sellers,9.8
320,Brad Wanamaker,4.5
321,Brad Wright,-0.1
322,Bradley Beal,41.50000000000001
323,Brandan Wright,18.0
324,Branden Dawson,0.0
325,Brandin Knight,0.0
326,Brandon Armstrong,-0.6000000000000001
327,Brandon Bass,42.9
328,Brandon Clarke,5.0
329,Brandon Davies,0.1
330,Brandon Goodwin,0.1
331,Brandon Hunter,0.8
332,Brandon Ingram,9.6
333,Brandon Jennings,26.700000000000003
334,Brandon Knight,7.2
335,Brandon Paul,0.5
336,Brandon Roy,37.5
337,Brandon Rush,11.2
338,Brandon Sampson,0.0
339,Brandon Williams,-0.5
340,Brant Weidner,0.0
341,Brendan Haywood,37.099999999999994
342,Brent Barry,68.0
343,Brent Price,12.099999999999998
344,Brent Scott,0.0
345,Brett Szabo,0.4
346,Brett Vroman,0.1
347,Brevin Knight,29.3
348,Brian Bowen,-0.1
349,Brian Cardinal,15.4
350,Brian Cook,9.8
351,Brian Davis,0.0
352,Brian Evans,0.1
353,Brian Grant,54.6
354,Brian Howard,0.8999999999999999
355,Brian Martin,0.0
356,Brian Oliver,-0.49999999999999994
357,Brian Quinnett,0.7000000000000001
358,Brian Roberts,6.4
359,Brian Rowsom,2.5
360,Brian Scalabrine,7.5
361,Brian Shaw,22.5
362,Brian Skinner,12.7
363,Brian Taylor,24.800000000000004
364,Brian Winters,32.6
365,Brice Johnson,0.0
366,Britton Johnsen,-0.8
367,Brook Lopez,65.7
368,Brook Steppe,4.699999999999999
369,Brooks Thompson,0.7
370,Bruce Bowen,41.8
371,Bruce Brown,3.6
372,Bruce Douglas,-0.2
373,Bruce Flowers,1.7
374,Bruce Kuczenski,-0.4
375,Bruce Seals,4.0
376,Bruno Caboclo,1.2
377,Bruno Fernando,0.8
378,Bruno Šundov,-0.7
379,Bryan Warrick,1.6
380,Bryant Reeves,13.0
381,Bryant Stith,29.5
382,Bryce Cotton,0.2
383,Bryce Dejean-Jones,0.2
384,Bryce Drew,2.2999999999999994
385,Bryn Forbes,7.5
386,Bryon Russell,47.50000000000001
387,Bubba Wells,0.1
388,Bubba Wilson,-0.2
389,Bubbles Hawkins,2.3
390,Buck Johnson,20.7
391,Buck Williams,120.10000000000001
392,Bud Stallworth,0.4
393,Buddy Hield,11.7
394,Butch Beard,6.4
395,Butch Carter,8.5
396,Butch Feher,1.5
397,Butch Graves,-0.1
398,Butch Lee,2.3
399,Byron Beck,0.8
400,Byron Dinkins,0.3
401,Byron Houston,3.9000000000000004
402,Byron Irvin,2.1
403,Byron Mullens,0.0
404,Byron Scott,75.3
405,C.J. Kupec,2.0
406,C.J. Miles,29.3
407,C.J. Watson,24.000000000000004
408,C.J. Wilcox,0.09999999999999998
409,C.J. Williams,0.7999999999999999
410,CJ McCollum,31.899999999999995
411,Cal Bowdler,1.7
412,Calbert Cheaney,23.299999999999997
413,Caldwell Jones,44.3
414,Caleb Martin,0.5
415,Caleb Swanigan,0.0
416,Calvin Booth,4.9
417,Calvin Garrett,2.5999999999999996
418,Calvin Murphy*,37.4
419,Calvin Natt,57.0
420,Cameron Bairstow,-0.1
421,Cameron Johnson,2.7
422,Cameron Payne,2.7
423,Cameron Reynolds,0.4
424,Campy Russell,28.0
425,Carey Scurry,5.300000000000001
426,Caris LeVert,7.3
427,Carl Bailey,0.0
428,Carl Henry,0.2
429,Carl Herrera,9.2
430,Carl Kilpatrick,0.0
431,Carl Landry,24.000000000000004
432,Carl Nicks,-0.3
433,Carl Thomas,0.0
434,Carldell Johnson,0.0
435,Carlos Arroyo,14.0
436,Carlos Boozer,80.2
437,Carlos Clark,0.6
438,Carlos Delfino,22.6
439,Carlos Rogers,10.5
440,Carlos Terry,1.5
441,Carlton McKinney,-0.4
442,Carmelo Anthony,94.50000000000001
443,Caron Butler,45.6
444,Carrick Felix,0.0
445,Carsen Edwards,0.1
446,Cartier Martin,2.4
447,Casey Jacobsen,3.5
448,Casey Shaw,-0.1
449,Casper Ware,0.2
450,Cazzie Russell,7.699999999999999
451,Cedi Osman,4.0
452,Cedric Ball,0.0
453,Cedric Bozeman,-0.3
454,Cedric Ceballos,33.699999999999996
455,Cedric Henderson,3.3999999999999995
456,Cedric Hunter,0.0
457,Cedric Lewis,0.1
458,Cedric Maxwell,78.60000000000001
459,Cedric Simmons,0.3
460,Cedrick Hordges,2.2
461,Cezary Tryba?ski,-0.3
462,Chad Gallagher,0.1
463,Chad Kinch,-0.6
464,Chandler Hutchison,1.2999999999999998
465,Chandler Parsons,29.1
466,Channing Frye,34.4
467,Charles Barkley*,177.10000000000002
468,Charles Bradley,0.30000000000000004
469,Charles Claxton,0.0
470,Charles Davis,5.7
471,Charles Dudley,7.5
472,Charles Jenkins,0.5
473,Charles Johnson,5.3
474,Charles Jones,29.1
475,Charles O'Bannon,0.5
476,Charles Oakley,89.40000000000002
477,Charles Pittman,4.199999999999999
478,Charles Shackleford,7.4
479,Charles Smith,41.400000000000006
480,Charles Thomas,-0.1
481,Charlie Bell,12.7
482,Charlie Brown,0.0
483,Charlie Criss,13.7
484,Charlie Scott*,5.4
485,Charlie Sitton,0.1
486,Charlie Villanueva,22.499999999999996
487,Charlie Ward,30.1
488,Chase Budinger,12.4
489,Chasson Randle,0.6
490,Chauncey Billups,99.6
491,Cheese Johnson,0.0
492,Cheick Diallo,6.300000000000001
493,Cheikh Samb,0.1
494,Cherokee Parks,9.799999999999999
495,Chimezie Metu,0.3
496,Chinanu Onuaku,0.1
497,Chris Andersen,38.5
498,Chris Anstey,2.8
499,Chris Babb,0.0
500,Chris Bosh,105.99999999999999
501,Chris Boucher,4.5
502,Chris Carr,4.0
503,Chris Childs,20.799999999999997
504,Chris Chiozza,0.0
505,Chris Clemons,0.4
506,Chris Copeland,2.9
507,Chris Corchiani,1.3
508,Chris Crawford,6.4
509,Chris Douglas-Roberts,5.3999999999999995
510,Chris Dudley,26.1
511,Chris Duhon,25.0
512,Chris Engler,0.8
513,Chris Ford,23.199999999999996
514,Chris Garner,-0.8
515,Chris Gatling,19.7
516,Chris Herren,0.5
517,Chris Hunter,1.3
518,Chris Jefferies,-0.5
519,Chris Jent,0.2
520,Chris Johnson,3.7
521,Chris Kaman,24.7
522,Chris King,1.0
523,Chris McCray,-0.1
524,Chris McCullough,0.5
525,Chris McNealy,2.6
526,Chris Mihm,10.6
527,Chris Mills,37.7
528,Chris Morris,37.300000000000004
529,Chris Mullin*,93.09999999999998
530,Chris Munk,0.0
531,Chris Owens,0.0
532,Chris Paul,180.4
533,Chris Porter,0.2
534,Chris Quinn,5.3
535,Chris Richard,0.7
536,Chris Robinson,0.2
537,Chris Silva,1.3
538,Chris Singleton,2.2
539,Chris Smith,3.2
540,Chris Taft,0.5
541,Chris Washburn,-0.6000000000000001
542,Chris Webber,77.69999999999999
543,Chris Welp,1.1
544,Chris Whitney,20.7
545,Chris Wilcox,21.3
546,Chris Wright,0.8999999999999999
547,Christian Eyenga,-0.3
548,Christian Laettner,54.400000000000006
549,Christian Wood,5.699999999999999
550,Chubby Cox,-0.2
551,Chuck Aleksinas,0.4
552,Chuck Hayes,27.300000000000004
553,Chuck Nevitt,0.5
554,Chuck Person,38.8
555,Chuck Terry,0.7
556,Chuck Williams,2.0
557,Chuckie Williams,-0.2
558,Chucky Atkins,21.700000000000003
559,Chucky Brown,15.4
560,Clarence Kea,1.0
561,Clarence Weatherspoon,51.5
562,Clark Kellogg,20.900000000000002
563,Claude Gregory,0.1
564,Claude Terry,0.8999999999999999
565,Clay Johnson,0.7
566,Cleanthony Early,-0.6000000000000001
567,Clemon Johnson,25.5
568,Cliff Alexander,0.0
569,Cliff Levingston,44.199999999999996
570,Cliff Pondexter,2.5
571,Cliff Robinson,30.700000000000006
572,Clifford Lett,-0.1
573,Clifford Ray,17.999999999999996
574,Clifford Robinson,87.89999999999999
575,Clifford Rozier,2.3
576,Clint Capela,36.2
577,Clint McDaniel,0.2
578,Clint Richardson,16.700000000000003
579,Clinton Smith,0.30000000000000004
580,Clinton Wheeler,1.0
581,Clyde Drexler*,123.89999999999999
582,Clyde Mayes,-0.1
583,Coby Dietrick,15.6
584,Coby Karl,0.2
585,Coby White,0.9
586,Cody Martin,1.0
587,Cody Zeller,27.7
588,Cole Aldrich,9.0
589,Collin Sexton,2.5
590,Conner Henry,-2.7755575615628914e-17
591,Connie Norman,0.2
592,Corey Beck,0.30000000000000004
593,Corey Benjamin,-0.8999999999999999
594,Corey Brewer,13.7
595,Corey Crowder,0.30000000000000004
596,Corey Gaines,1.0999999999999999
597,Corey Maggette,62.2
598,Corey Williams,0.2
599,Corie Blount,13.9
600,Corky Calhoun,6.7
601,Corliss Williamson,28.199999999999996
602,Cornelius Cash,0.0
603,Cornell Warner,0.3
604,Corny Thompson,-0.1
605,Corsley Edwards,0.1
606,Cory Alexander,0.8
607,Cory Blackwell,-0.9
608,Cory Carr,-1.2
609,Cory Higgins,-1.3
610,Cory Jefferson,0.9
611,Cory Joseph,24.1
612,Coty Clarke,0.0
613,Courtney Alexander,3.3000000000000003
614,Courtney Lee,30.3
615,Courtney Sims,0.0
616,Cozell McQueen,0.1
617,Craig Brackins,-0.2
618,Craig Dykema,0.2
619,Craig Ehlo,41.099999999999994
620,Craig Hodges,27.300000000000004
621,Craig Neal,-0.4
622,Craig Shelton,0.0
623,Craig Smith,16.0
624,Cristiano Felício,8.700000000000001
625,Cuonzo Martin,-0.1
626,Curtis Borchardt,0.9
627,Curtis Kitchen,0.1
628,Curtis Perry,4.5
629,Curtis Rowe,6.1000000000000005
630,Cuttino Mobley,47.8
631,D'Angelo Russell,6.7
632,D.J. Augustin,32.5
633,D.J. Kennedy,0.0
634,D.J. Mbenga,2.0
635,D.J. Stephens,0.0
636,D.J. Strawberry,-0.2
637,D.J. White,2.0
638,D.J. Wilson,2.1
639,D?vis Bert?ns,2.3
640,DaJuan Summers,-0.09999999999999998
641,DaQuan Jeffries,0.3
642,Daequan Cook,5.1
643,Dahntay Jones,9.3
644,Dajuan Wagner,-2.7755575615628914e-17
645,Dakari Johnson,0.6
646,Dale Davis,83.30000000000001
647,Dale Ellis,80.89999999999999
648,Dale Schlueter,0.1
649,Dale Wilkinson,-0.1
650,Dalibor Bagari?,-0.8999999999999999
651,Dallas Comegys,1.0999999999999999
652,Damian Jones,4.3999999999999995
653,Damian Lillard,81.89999999999999
654,Damien Inglis,-0.1
655,Damien Wilkins,12.2
656,Damion James,-0.1
657,Damion Lee,2.8
658,Damir Markota,-0.2
659,Damjan Rudež,1.5
660,Damon Jones,26.599999999999998
661,Damon Stoudamire,50.900000000000006
662,Damone Brown,-0.6
663,Damyean Dotson,3.0
664,Dan Dickau,2.3
665,Dan Gadzuric,15.8
666,Dan Godfread,0.1
667,Dan Issel*,82.4
668,Dan Langhi,0.30000000000000004
669,Dan Majerle,78.4
670,Dan McClintock,0.0
671,Dan O'Sullivan,0.1
672,Dan Roundfield,65.0
673,Dana Barros,49.699999999999996
674,Dane Suttle,0.9
675,Daniel Ewing,0.8
676,Daniel Gafford,1.9
677,Daniel Gibson,15.899999999999999
678,Daniel Hamilton,0.0
679,Daniel Ochefu,0.0
680,Daniel Orton,1.1
681,Daniel Santiago,1.7999999999999998
682,Daniel Theis,13.5
683,Danilo Gallinari,50.4
684,Danny Ainge,71.50000000000001
685,Danny Ferry,34.699999999999996
686,Danny Fortson,22.400000000000002
687,Danny Granger,47.2
688,Danny Green,42.5
689,Danny Manning,51.600000000000016
690,Danny Schayes,48.5
691,Danny Vranes,15.3
692,Danny Young,18.200000000000003
693,Dante Cunningham,20.3
694,Dante Exum,2.8000000000000003
695,Danuel House,6.5
696,Darington Hobson,-0.2
697,Dario Šari?,1.0
698,Dario Šarić,10.2
699,Darius Bazley,1.0
700,Darius Johnson-Odom,-0.30000000000000004
701,Darius Miles,5.900000000000001
702,Darius Miller,5.800000000000001
703,Darius Morris,-0.4
704,Darius Songaila,15.9
705,Darius Washington,0.0
706,Darko Mili?i?,5.1000000000000005
707,Darnell Hillman,10.0
708,Darnell Jackson,1.5
709,Darnell Mee,-0.1
710,Darnell Valentine,22.1
711,Darrell Allums,-0.3
712,Darrell Armstrong,48.89999999999999
713,Darrell Arthur,12.500000000000002
714,Darrell Elston,-0.2
715,Darrell Griffith,22.0
716,Darrell Lockhart,0.0
717,Darrell Walker,27.099999999999998
718,Darren Collison,49.800000000000004
719,Darren Daye,9.299999999999999
720,Darren Tillis,1.0
721,Darrick Martin,9.1
722,Darrin Hancock,0.9
723,Darrun Hilliard,0.3
724,Darryl Dawkins,46.300000000000004
725,Darryl Johnson,0.0
726,Darryl Watkins,-0.1
727,Darvin Ham,5.5
728,Darwin Cook,22.899999999999995
729,Daryl Macon,0.0
730,Dave Batton,0.7
731,Dave Bing*,6.5
732,Dave Britton,0.0
733,Dave Corzine,37.5
734,Dave Cowens*,28.0
735,Dave Feitl,1.5
736,Dave Greenwood,46.4
737,Dave Henderson,-0.4
738,Dave Hoppen,3.3000000000000003
739,Dave Jamerson,0.30000000000000004
740,Dave Johnson,-0.30000000000000004
741,Dave Magley,-0.1
742,Dave Meyers,11.1
743,Dave Popson,-0.2
744,Dave Robisch,23.6
745,Dave Twardzik,21.8
746,Dave Wohl,0.0
747,David Andersen,1.3
748,David Benoit,15.1
749,David Burns,-0.2
750,David Cooke,0.0
751,David Harrison,3.1
752,David Lee,72.9
753,David Noel,0.4
754,David Nwaba,5.4
755,David Pope,-0.1
756,David Rivers,-0.30000000000000004
757,David Robinson*,178.79999999999998
758,David Stockton,0.1
759,David Thirdkill,1.3
760,David Thompson*,50.7
761,David Vanterpool,0.0
762,David Vaughn,0.2
763,David Wear,0.0
764,David Wesley,56.199999999999996
765,David West,86.0
766,David Wingate,11.799999999999997
767,David Wood,8.8
768,Davon Reed,0.1
769,De'Aaron Fox,9.6
770,De'Andre Hunter,0.1
771,De'Anthony Melton,1.7
772,DeAndre Jordan,81.60000000000001
773,DeAndre Liggins,0.6
774,DeAndre' Bembry,1.4
775,DeJuan Blair,19.0
776,DeJuan Wheat,0.5
777,DeMar DeRozan,67.60000000000001
778,DeMarco Johnson,-0.1
779,DeMarcus Cousins,36.4
780,DeMarcus Nelson,-0.3
781,DeMarre Carroll,28.599999999999998
782,DeQuan Jones,0.1
783,DeSagana Diop,8.4
784,DeShawn Stevenson,11.2
785,DeVaughn Akoon-Purcell,0.0
786,DeWayne Scales,0.19999999999999998
787,Dean Garrett,14.2
788,Dean Meminger,0.2
789,Dean Oliver,-0.2
790,Dean Tolson,2.0
791,Dean Wade,0.2
792,Deandre Ayton,8.9
793,Dedric Willoughby,0.4
794,Dee Brown,30.2
795,Dejounte Murray,5.800000000000001
796,Del Beshore,-0.9
797,Delaney Rudd,0.7
798,Dell Curry,41.39999999999999
799,Dell Demps,0.2
800,Delon Wright,10.6
801,Delonte West,23.100000000000005
802,Demetrius Calip,-0.2
803,Demetrius Jackson,0.30000000000000004
804,Deng Gai,0.0
805,Dennis Awtrey,5.1
806,Dennis Boyd,-0.2
807,Dennis Hopson,5.0
808,Dennis Horner,0.0
809,Dennis Johnson*,82.70000000000002
810,Dennis Nutt,0.3
811,Dennis Rodman*,89.79999999999998
812,Dennis Schröder,16.8
813,Dennis Scott,29.8
814,Denzel Valentine,3.6
815,Deonte Burton,0.1
816,DerMarr Johnson,6.3999999999999995
817,Derek Anderson,42.10000000000001
818,Derek Fisher,60.70000000000001
819,Derek Grimm,0.0
820,Derek Harper,82.8
821,Derek Hood,-0.1
822,Derek Smith,18.3
823,Derek Strong,18.5
824,Deron Williams,67.7
825,Derrek Dickey,2.1
826,Derrick Alston,2.6
827,Derrick Brown,3.5999999999999996
828,Derrick Byars,0.1
829,Derrick Caracter,0.3
830,Derrick Chievous,2.7
831,Derrick Coleman,64.19999999999999
832,Derrick Dial,0.6
833,Derrick Favors,50.7
834,Derrick Gervin,2.1
835,Derrick Jones Jr.,8.4
836,Derrick McKey,61.699999999999996
837,Derrick Phelps,0.0
838,Derrick Rose,39.9
839,Derrick Rowland,0.0
840,Derrick Walton,0.4
841,Derrick White,8.3
842,Derrick Williams,10.5
843,Derrick Zimmerman,0.0
844,Desmon Farmer,-0.1
845,Desmond Ferguson,0.0
846,Desmond Mason,18.0
847,Desmond Penigar,0.1
848,Detlef Schrempf,109.39999999999999
849,Devean George,18.3
850,Devin Booker,17.3
851,Devin Brown,12.8
852,Devin Durrant,-0.2
853,Devin Ebanks,0.6
854,Devin Gray,0.3
855,Devin Green,-0.1
856,Devin Harris,42.6
857,Devin Robinson,0.3
858,Devontae Cacok,0.0
859,Devonte' Graham,3.9
860,Devyn Marble,-0.2
861,Dewan Hernandez,0.0
862,Dewayne Dedmon,17.0
863,Dexter Boney,0.0
864,Dexter Cambridge,0.4
865,Dexter Pittman,0.5
866,Dexter Shouse,-0.1
867,Deyonta Davis,3.6
868,Diamond Stone,-0.1
869,Diante Garrett,-1.0
870,Dick Miller,-0.2
871,Dick Snyder,5.2
872,Dick Van Arsdale,2.7
873,Dickey Simpkins,4.199999999999999
874,Dijon Thompson,0.2
875,Dikembe Mutombo*,108.9
876,Dillon Brooks,2.4
877,Dino Radja*,14.200000000000001
878,Dion Glover,4.800000000000001
879,Dion Waiters,7.5
880,Dionte Christmas,0.3
881,Dirk Minniefield,4.1
882,Dirk Nowitzki,206.40000000000003
883,Doc Rivers,66.2
884,Domantas Sabonis,20.6
885,Dominic McGuire,4.1000000000000005
886,Dominic Pressley,-0.1
887,Dominique Jones,0.2
888,Dominique Wilkins*,109.30000000000001
889,Don Adams,1.6
890,Don Buse,35.0
891,Don Chaney,4.3
892,Don Collins,10.400000000000002
893,Don Ford,10.8
894,Don MacLean,9.299999999999999
895,Don Reid,12.5
896,Donald Hodge,1.7
897,Donald Royal,17.7
898,Donald Sloan,4.3
899,Donald Whiteside,0.1
900,Donatas Motiej?nas,7.3
901,Donell Taylor,0.0
902,Donnell Harvey,2.3
903,Donnie Boyce,-0.3
904,Donny Marshall,0.8
905,Donovan Mitchell,15.600000000000001
906,Donta Smith,0.5
907,Dontae' Jones,-0.3
908,Donte DiVincenzo,4.8999999999999995
909,Donte Grantham,0.0
910,Dontell Jefferson,0.2
911,Dontonio Wingfield,1.7000000000000002
912,Donté Greene,1.5999999999999999
913,Donyell Marshall,47.900000000000006
914,Dorell Wright,26.0
915,Dorian Finney-Smith,9.700000000000001
916,Doron Lamb,0.5
917,Doug Christie,53.400000000000006
918,Doug Collins,20.599999999999998
919,Doug Edwards,0.30000000000000004
920,Doug Lee,0.8
921,Doug McDermott,9.0
922,Doug Overton,3.0
923,Doug Roth,0.4
924,Doug Smith,3.0
925,Doug West,17.8
926,Dragan Bender,0.30000000000000004
927,Dragan Tarla?,-0.2
928,Draymond Green,44.4
929,Dražen Petrovi?*,16.1
930,Dražen Petrović*,2.8
931,Drew Barry,0.5
932,Drew Eubanks,1.1
933,Drew Gooden,31.899999999999995
934,Drew Gordon,-0.1
935,Duane Causwell,15.799999999999999
936,Duane Cooper,-0.5
937,Duane Ferrell,15.600000000000003
938,Duane Washington,0.30000000000000004
939,Duck Williams,-0.3
940,Dudley Bradley,16.5
941,Duje Dukan,0.0
942,Duncan Robinson,5.5
943,Dusty Hannahs,-0.1
944,Dwayne Bacon,1.0999999999999999
945,Dwayne Jones,1.4
946,Dwayne McClain,-0.3
947,Dwayne Morton,0.2
948,Dwayne Polee,0.0
949,Dwayne Schintzius,0.9000000000000001
950,Dwayne Whitfield,0.0
951,Dwight Anderson,0.0
952,Dwight Buycks,0.30000000000000004
953,Dwight Davis,0.6
954,Dwight Howard,134.49999999999997
955,Dwight Jones,16.8
956,Dwight Powell,25.4
957,Dwyane Wade,119.6
958,Dyron Nix,0.0
959,Dāvis Bertāns,10.6
960,Džanan Musa,0.2
961,E'Twaun Moore,14.400000000000002
962,E.C. Coleman,6.0
963,Earl Barron,-0.5
964,Earl Boykins,21.200000000000003
965,Earl Clark,2.1999999999999997
966,Earl Cureton,14.499999999999998
967,Earl Evans,0.1
968,Earl Jones,0.0
969,Earl Monroe*,17.200000000000003
970,Earl Tatum,7.800000000000001
971,Earl Watson,16.500000000000004
972,Earl Williams,0.4
973,Ed Davis,36.5
974,Ed Gray,0.10000000000000009
975,Ed Horton,0.4
976,Ed Nealy,14.7
977,Ed O'Bannon,0.7
978,Ed Pinckney,39.0
979,Ed Rains,0.7
980,Ed Ratleff,1.5
981,Ed Sherod,2.5
982,Ed Stokes,0.0
983,Eddie Basden,0.2
984,Eddie Gill,1.7000000000000002
985,Eddie Griffin,10.8
986,Eddie House,17.2
987,Eddie Hughes,1.4
988,Eddie Johnson,99.19999999999999
989,Eddie Jones,91.39999999999998
990,Eddie Jordan,8.7
991,Eddie Lee Wilkins,2.5999999999999996
992,Eddie Owens,0.0
993,Eddie Phillips,0.1
994,Eddie Robinson,10.200000000000001
995,Eddy Curry,21.8
996,Edgar Jones,15.0
997,Edmond Sumner,0.5
998,Edmund Lawrence,0.1
999,Eduardo Nájera,22.300000000000004
1000,Edwin Ubiles,0.0
1001,Edy Tavares,0.2
1002,Efthimis Rentzias,0.2
1003,Ekpe Udoh,8.5
1004,Elden Campbell,56.5
1005,Eldridge Recasner,8.899999999999999
1006,Elfrid Payton,12.100000000000001
1007,Elias Harris,0.0
1008,Elie Okobo,1.0
1009,Elijah Millsap,0.4
1010,Elliot Perry,13.900000000000002
1011,Elliot Williams,0.6
1012,Elmer Bennett,-0.19999999999999998
1013,Elmore Smith,9.899999999999999
1014,Elmore Spencer,0.10000000000000009
1015,Elston Turner,8.5
1016,Elton Brand,109.7
1017,Elvin Hayes*,48.800000000000004
1018,Emanual Davis,2.4999999999999996
1019,Emeka Okafor,45.3
1020,Emmanuel Mudiay,-0.10000000000000009
1021,Enes Kanter,32.1
1022,Ennis Whatley,9.499999999999998
1023,Eric Anderson,0.2
1024,Eric Bledsoe,36.7
1025,Eric Dawson,0.1
1026,Eric Fernsten,2.9
1027,Eric Gordon,34.0
1028,Eric Johnson,-0.4
1029,Eric Leckner,6.1000000000000005
1030,Eric Maynor,1.6
1031,Eric Mika,0.1
1032,Eric Mobley,0.9
1033,Eric Money,10.100000000000001
1034,Eric Montross,6.499999999999999
1035,Eric Moreland,2.3
1036,Eric Murdock,23.1
1037,Eric Paschall,2.1
1038,Eric Piatkowski,31.000000000000007
1039,Eric Riley,2.5
1040,Eric Snow,42.199999999999996
1041,Eric Washington,0.0
1042,Eric White,1.3
1043,Eric Williams,17.8
1044,Erick Barkley,0.1
1045,Erick Dampier,52.6
1046,Erick Green,0.0
1047,Erick Strickland,12.600000000000003
1048,Erik Daniels,-0.1
1049,Erik Murphy,-0.1
1050,Ernest Brown,-0.2
1051,Ernie DiGregorio,0.7
1052,Ernie Grunfeld,24.900000000000002
1053,Ersan ?lyasova,29.3
1054,Ersan İlyasova,6.6
1055,Ervin Johnson,37.8
1056,Essie Hollis,0.1
1057,Esteban Batista,0.30000000000000004
1058,Etan Thomas,14.7
1059,Etdrick Bohannon,0.0
1060,Eugene Jeter,0.7
1061,Evan Eschmeyer,3.9000000000000004
1062,Evan Fournier,24.1
1063,Evan Turner,19.1
1064,Everette Stephens,-0.30000000000000004
1065,Evers Burns,0.1
1066,Evric Gray,-0.1
1067,Fab Melo,0.0
1068,Fabricio Oberto,13.6
1069,Fat Lever,61.2
1070,Fatty Taylor,2.1
1071,Felipe López,1.2
1072,Felton Spencer,19.8
1073,Fennis Dembo,-0.1
1074,Fernando Martín,-0.4
1075,Festus Ezeli,5.9
1076,Foots Walker,27.1
1077,Forrest McKenzie,-0.2
1078,Francisco Elson,11.8
1079,Francisco García,17.0
1080,Frank Brickowski,27.299999999999997
1081,Frank Jackson,0.6000000000000001
1082,Frank Johnson,17.2
1083,Frank Kaminsky,12.399999999999999
1084,Frank Kornet,-0.1
1085,Frank Mason III,1.2
1086,Frank Ntilikina,0.9
1087,Frank Oleynick,-0.2
1088,Frank Williams,-5.551115123125783e-17
1089,Frankie King,0.0
1090,Frankie Sanders,0.5
1091,Franklin Edwards,3.9000000000000004
1092,Fred Brown,38.199999999999996
1093,Fred Carter,0.4
1094,Fred Cofield,-0.5
1095,Fred Foster,-0.2
1096,Fred Hoiberg,27.6
1097,Fred Jones,15.2
1098,Fred Roberts,26.299999999999997
1099,Fred Saunders,1.7
1100,Fred VanVleet,15.0
1101,Fred Vinson,-0.2
1102,Freddie Boyd,2.2
1103,Freddie Lewis,0.5
1104,Freeman Williams,10.0
1105,Furkan Aldemir,1.4
1106,Furkan Korkmaz,3.9
1107,Gabe Pruitt,0.5
1108,Gail Goodrich*,9.7
1109,Gal Mekel,-0.6000000000000001
1110,Gani Lawal,0.0
1111,Gar Heard,13.099999999999998
1112,Garret Siler,0.1
1113,Garrett Temple,11.5
1114,Garrison Mathews,0.6
1115,Garry Witts,1.1
1116,Gary Brokaw,1.7000000000000002
1117,Gary Clark,1.0
1118,Gary Forbes,1.7000000000000002
1119,Gary Garland,0.5
1120,Gary Grant,12.099999999999998
1121,Gary Harris,17.900000000000002
1122,Gary Leonard,0.1
1123,Gary Neal,9.200000000000001
1124,Gary Payton II,0.4
1125,Gary Payton*,136.4
1126,Gary Plummer,0.2
1127,Gary Trent,20.3
1128,Gary Trent Jr.,2.5
1129,Gary Voce,0.0
1130,Geert Hammink,0.0
1131,Gene Banks,31.1
1132,Geno Carlisle,0.1
1133,Geoff Crompton,0.0
1134,Geoff Huston,11.8
1135,George Gervin*,88.19999999999999
1136,George Hill,59.400000000000006
1137,George Johnson,34.6
1138,George Karl,-0.2
1139,George King,0.0
1140,George Lynch,32.1
1141,George McCloud,21.5
1142,George McGinnis*,27.6
1143,George Trapp,0.1
1144,George Zídek,0.6
1145,Georges Niang,2.8
1146,Georgi Glouchkov,-0.5
1147,Georgios Papagiannis,0.4
1148,Gerald Brown,-0.3
1149,Gerald Fitch,0.1
1150,Gerald Glass,0.8
1151,Gerald Green,18.9
1152,Gerald Henderson,50.300000000000004
1153,Gerald Madkins,0.4
1154,Gerald Paddio,0.19999999999999996
1155,Gerald Wallace,48.5
1156,Gerald Wilkins,33.9
1157,Gerard King,3.0
1158,Gheorghe Mure?an,18.9
1159,Gian Clavell,0.1
1160,Giannis Antetokounmpo,64.3
1161,Gigi Datome,-0.1
1162,Gilbert Arenas,50.7
1163,Glen Davis,16.6
1164,Glen Gondrezick,15.899999999999999
1165,Glen Rice,88.70000000000002
1166,Glen Rice Jr.,-0.2
1167,Glenn Hagan,0.1
1168,Glenn Hansen,0.2
1169,Glenn McDonald,-0.2
1170,Glenn Mosley,0.19999999999999998
1171,Glenn Robinson,39.7
1172,Glenn Robinson III,4.6000000000000005
1173,God Shammgod,-0.1
1174,Goga Bitadze,0.7
1175,Goo Kennedy,0.3
1176,Goran Dragi?,36.199999999999996
1177,Goran Dragić,10.399999999999999
1178,Gordan Giri?ek,3.5
1179,Gordon Hayward,53.7
1180,Gorgui Dieng,24.4
1181,Grant Gondrezick,0.8
1182,Grant Hill*,99.9
1183,Grant Long,53.5
1184,Grant Williams,1.6
1185,Granville Waiters,1.8
1186,Grayson Allen,1.2
1187,Greg Anderson,18.900000000000002
1188,Greg Anthony,34.7
1189,Greg Ballard,53.9
1190,Greg Buckner,20.700000000000003
1191,Greg Bunch,0.1
1192,Greg Butler,-0.30000000000000004
1193,Greg Deane,-0.1
1194,Greg Dreiling,4.2
1195,Greg Foster,4.300000000000001
1196,Greg Graham,0.6
1197,Greg Grant,0.1
1198,Greg Griffin,-0.1
1199,Greg Kelser,8.7
1200,Greg Kite,6.0
1201,Greg Minor,8.2
1202,Greg Monroe,45.3
1203,Greg Oden,7.3
1204,Greg Ostertag,33.8
1205,Greg Smith,5.4
1206,Greg Stiemsma,6.0
1207,Greg Stokes,0.3
1208,Greg Sutton,0.7000000000000001
1209,Greivis Vásquez,9.1
1210,Guerschon Yabusele,1.1
1211,Guillermo Díaz,0.0
1212,Gundars V?tra,0.1
1213,Gus Bailey,0.7
1214,Gus Gerard,5.300000000000001
1215,Gus Williams,63.80000000000001
1216,Gustavo Ayón,3.9000000000000004
1217,Guy Morgan,-0.1
1218,Guy Rucker,0.0
1219,Guy Williams,0.1
1220,Ha Seung-Jin,-0.2
1221,Hakeem Olajuwon*,162.6
1222,Hakim Warrick,16.400000000000002
1223,Hamady N'Diaye,0.1
1224,Hamed Haddadi,1.6
1225,Hamidou Diallo,1.2000000000000002
1226,Hank McDowell,2.0
1227,Hanno Möttölä,0.9
1228,Harold Ellis,4.6
1229,Harold Jamison,0.5
1230,Harold Keeling,0.1
1231,Harold Miner,4.2
1232,Harold Pressley,10.0
1233,Harrison Barnes,30.599999999999998
1234,Harry Davis,0.3
1235,Harry Giles,2.6
1236,Harvey Catchings,17.7
1237,Harvey Grant,36.4
1238,Hasheem Thabeet,4.2
1239,Hassan Adams,0.8
1240,Hassan Whiteside,45.4
1241,Hawkeye Whitney,1.4
1242,Haywood Highsmith,0.0
1243,Haywoode Workman,10.399999999999999
1244,Hedo Türko?lu,56.5
1245,Henry Bibby,16.9
1246,Henry Dickerson,0.0
1247,Henry Ellenson,-0.20000000000000004
1248,Henry James,3.4000000000000004
1249,Henry Sims,2.5
1250,Henry Turner,0.4
1251,Henry Walker,3.0
1252,Henry Ward,-0.1
1253,Herb Williams,35.7
1254,Herm Gilliam,2.5
1255,Hersey Hawkins,90.7
1256,Hilton Armstrong,3.5
1257,Hiram Fuller,-0.1
1258,Hollis Copeland,1.3
1259,Hollis Thompson,5.800000000000001
1260,Horace Grant,118.0
1261,Horace Jenkins,0.0
1262,Horacio Llamas,-0.1
1263,Hot Rod Williams,70.60000000000001
1264,Howard Carter,0.0
1265,Howard Eisley,18.0
1266,Howard Nathan,-0.1
1267,Howard Porter,8.0
1268,Howard Wood,0.3
1269,Howard Wright,0.0
1270,Hubert Davis,25.600000000000005
1271,Hutch Jones,0.0
1272,Ian Clark,4.1
1273,Ian Lockhart,0.0
1274,Ian Mahinmi,26.0
1275,Ibo Kutluay,-0.1
1276,Ignas Brazdeikis,-0.1
1277,Igor Rako?evi?,0.1
1278,Ike Anigbogu,0.0
1279,Ike Diogu,4.3
1280,Iman Shumpert,10.0
1281,Ime Udoka,8.8
1282,Ira Bowman,0.2
1283,Ira Newble,8.4
1284,Ira Terrell,4.2
1285,Irv Kiffin,-0.6
1286,Irving Thomas,-0.1
1287,Isaac Austin,5.5
1288,Isaac Bonga,1.7
1289,Isaac Fontaine,-0.2
1290,Isaac Humphries,-0.1
1291,Isaiah Briscoe,0.3
1292,Isaiah Canaan,2.0999999999999996
1293,Isaiah Hartenstein,1.6
1294,Isaiah Hicks,0.1
1295,Isaiah Morris,0.0
1296,Isaiah Rider,22.9
1297,Isaiah Roby,0.0
1298,Isaiah Taylor,0.6
1299,Isaiah Thomas,39.2
1300,Isaiah Whitehead,-0.8
1301,Ish Smith,12.100000000000001
1302,Isiah Thomas*,80.8
1303,Ivan Johnson,4.5
1304,Ivan McFarlin,0.1
1305,Ivan Rabb,3.3
1306,Ivano Newbill,1.1
1307,Ivica Zubac,8.7
1308,J.J. Anderson,2.6
1309,J.J. Barea,23.8
1310,J.J. Hickson,19.3
1311,J.J. O'Brien,0.0
1312,J.J. Redick,58.50000000000001
1313,J.P. Macura,0.0
1314,J.R. Bremer,3.0
1315,J.R. Giddens,0.0
1316,J.R. Henderson,-0.2
1317,J.R. Reid,14.1
1318,J.R. Smith,42.9
1319,Ja Morant,3.8
1320,JaJuan Johnson,0.2
1321,JaKarr Sampson,3.1
1322,JaMychal Green,14.1
1323,JaVale McGee,32.099999999999994
1324,Jabari Bird,0.2
1325,Jabari Brown,0.4
1326,Jabari Parker,10.100000000000001
1327,Jabari Smith,0.8999999999999999
1328,Jack Cooley,0.5
1329,Jack Givens,4.300000000000001
1330,Jack Haley,2.9000000000000004
1331,Jack Marin,1.3
1332,Jack Sikma*,112.39999999999998
1333,Jackie Butler,1.4
1334,Jackie Robinson,0.30000000000000004
1335,Jackson Vroman,0.1
1336,Jacky Dorsey,0.30000000000000004
1337,Jacob Evans,-0.1
1338,Jacob Pullen,0.0
1339,Jacob Wiley,0.1
1340,Jacque Vaughn,15.3
1341,Jae Crowder,22.200000000000003
1342,Jahidi White,9.3
1343,Jahlil Okafor,5.9
1344,Jake Layman,3.1
1345,Jake Tsakalidis,9.599999999999998
1346,Jake Voskuhl,11.7
1347,Jakob Poeltl,16.299999999999997
1348,Jalen Brunson,4.7
1349,Jalen Jones,0.3
1350,Jalen Lecque,0.0
1351,Jalen McDaniels,0.5
1352,Jalen Rose,37.5
1353,Jamaal Franklin,0.0
1354,Jamaal Magloire,28.300000000000004
1355,Jamaal Tinsley,17.3
1356,Jamaal Wilkes*,58.0
1357,Jamal Crawford,57.5
1358,Jamal Mashburn,40.1
1359,Jamal Murray,16.2
1360,Jamal Robinson,-0.2
1361,Jamal Sampson,1.2999999999999998
1362,Jamario Moon,8.3
1363,Jameel Warney,0.1
1364,Jameer Nelson,46.300000000000004
1365,Jamel Artis,0.0
1366,Jamel Thomas,-0.2
1367,James Anderson,2.4000000000000004
1368,James Augustine,0.3
1369,James Bailey,16.299999999999997
1370,James Collins,0.0
1371,James Cotton,0.0
1372,James Donaldson,60.8
1373,James Edwards,59.800000000000004
1374,James Ennis,5.0
1375,James Harden,134.9
1376,James Hardy,6.3
1377,James Johnson,22.900000000000002
1378,James Jones,25.099999999999998
1379,James Lang,0.1
1380,James Michael McAdoo,2.4000000000000004
1381,James Posey,46.3
1382,James Ray,-0.3
1383,James Robinson,5.8
1384,James Scott,-0.1
1385,James Silas,21.9
1386,James Singleton,7.0
1387,James White,0.8
1388,James Wilkes,2.0
1389,James Worthy*,81.3
1390,James Young,0.8
1391,JamesOn Curry,0.0
1392,Jamie Feick,5.9
1393,Jamie Waller,-0.2
1394,Jamie Watson,0.9
1395,Jamil Wilson,0.5
1396,Jamison Brewer,-0.09999999999999998
1397,Jan Veselý,2.4
1398,Jan van Breda Kolff,15.0
1399,Jannero Pargo,5.0
1400,Jared Cunningham,0.0
1401,Jared Dudley,40.0
1402,Jared Harper,0.0
1403,Jared Jeffries,10.499999999999998
1404,Jared Reiner,-0.1
1405,Jared Sullinger,15.3
1406,Jarell Eddie,0.2
1407,Jarell Martin,3.2
1408,Jaren Jackson,11.5
1409,Jaren Jackson Jr.,6.8
1410,Jarnell Stokes,0.6
1411,Jaron Blossomgame,0.3
1412,Jarred Vanderbilt,0.1
1413,Jarrell Brantley,0.0
1414,Jarrett Allen,20.0
1415,Jarrett Culver,-0.1
1416,Jarrett Jack,34.49999999999999
1417,Jarrod Uthoff,0.2
1418,Jarron Collins,15.799999999999999
1419,Jarvis Hayes,10.200000000000001
1420,Jason Caffey,10.8
1421,Jason Collier,1.9
1422,Jason Collins,19.699999999999996
1423,Jason Hart,7.5
1424,Jason Kapono,10.3
1425,Jason Kidd*,128.4
1426,Jason Lawson,0.5
1427,Jason Maxiell,20.3
1428,Jason Miskiri,0.0
1429,Jason Richardson,46.400000000000006
1430,Jason Sasser,0.0
1431,Jason Smith,13.899999999999999
1432,Jason Terry,101.99999999999999
1433,Jason Thompson,22.2
1434,Jason Williams,38.400000000000006
1435,Javonte Green,1.1
1436,Jawad Williams,0.6000000000000001
1437,Jawann Oldham,4.3
1438,Jaxson Hayes,3.9
1439,Jay Edwards,0.0
1440,Jay Guidinger,0.4
1441,Jay Humphries,45.4
1442,Jay Murphy,-0.49999999999999994
1443,Jay Taylor,-0.1
1444,Jay Vincent,27.5
1445,Jay Williams,0.8
1446,Jaylen Adams,0.1
1447,Jaylen Brown,13.9
1448,Jaylen Hoard,0.2
1449,Jaylen Morris,0.1
1450,Jaylen Nowell,0.2
1451,Jayson Tatum,19.0
1452,Jayson Williams,20.0
1453,Jeff Adrien,1.7000000000000002
1454,Jeff Ayres,6.3999999999999995
1455,Jeff Cook,17.9
1456,Jeff Cross,-0.1
1457,Jeff Foote,-0.1
1458,Jeff Foster,47.50000000000001
1459,Jeff Grayer,9.100000000000001
1460,Jeff Green,27.199999999999996
1461,Jeff Hornacek,102.0
1462,Jeff Judkins,6.3
1463,Jeff Lamp,5.2
1464,Jeff Lebo,0.0
1465,Jeff Malone,50.2
1466,Jeff Martin,2.2
1467,Jeff McInnis,18.100000000000005
1468,Jeff Nordgaard,0.0
1469,Jeff Ruland,34.300000000000004
1470,Jeff Sanders,-0.2
1471,Jeff Sheppard,0.3
1472,Jeff Taylor,1.0999999999999999
1473,Jeff Teague,48.4
1474,Jeff Trepagnier,-0.2
1475,Jeff Turner,8.9
1476,Jeff Webster,0.0
1477,Jeff Wilkins,8.799999999999999
1478,Jeff Withey,6.7
1479,Jelani McCoy,5.1
1480,Jemerrio Jones,0.2
1481,Jerald Honeycutt,0.3
1482,Jerami Grant,19.700000000000003
1483,Jerel McNeal,-0.1
1484,Jeremiah Martin,0.4
1485,Jeremy Evans,8.1
1486,Jeremy Lamb,23.400000000000002
1487,Jeremy Lin,21.3
1488,Jeremy Pargo,-0.8
1489,Jeremy Richardson,-0.2
1490,Jeremy Tyler,0.3
1491,Jerian Grant,8.3
1492,Jermaine Jackson,0.8
1493,Jermaine O'Neal,63.5
1494,Jermaine Taylor,0.1
1495,Jermareo Davidson,0.0
1496,Jerome Allen,-0.3
1497,Jerome Anderson,0.1
1498,Jerome Beasley,0.0
1499,Jerome Dyson,0.1
1500,Jerome Harmon,0.0
1501,Jerome Henderson,-0.1
1502,Jerome James,2.8999999999999995
1503,Jerome Jordan,1.7
1504,Jerome Kersey,69.6
1505,Jerome Lane,2.4
1506,Jerome Robinson,0.1
1507,Jerome Whitehead,16.4
1508,Jerome Williams,30.1
1509,Jerrelle Benimon,0.0
1510,Jerrod Mustaf,1.7000000000000002
1511,Jerry Eaves,2.6
1512,Jerry Reynolds,10.399999999999999
1513,Jerry Sichting,21.1
1514,Jerry Smith,0.0
1515,Jerry Stackhouse,47.699999999999996
1516,Jerryd Bayless,14.8
1517,Jeryl Sasser,0.7000000000000001
1518,Jevon Carter,1.8
1519,Ji?í Welsch,4.0
1520,Jim Ard,0.7000000000000001
1521,Jim Barnett,0.1
1522,Jim Bostic,0.1
1523,Jim Brewer,15.7
1524,Jim Brogan,1.2000000000000002
1525,Jim Chones,25.200000000000003
1526,Jim Cleamons,12.299999999999999
1527,Jim Eakins,4.4
1528,Jim Farmer,0.6
1529,Jim Fox,2.4
1530,Jim Grandholm,0.4
1531,Jim Jackson,26.5
1532,Jim Johnstone,-0.1
1533,Jim Lampley,0.0
1534,Jim Les,8.0
1535,Jim McDaniels,0.5
1536,Jim McElroy,11.4
1537,Jim McIlvaine,9.399999999999999
1538,Jim McMillian,6.5
1539,Jim Paxson,53.800000000000004
1540,Jim Petersen,13.6
1541,Jim Price,6.9
1542,Jim Rowinski,0.2
1543,Jim Smith,0.7
1544,Jim Spanarkel,12.3
1545,Jim Thomas,5.0
1546,Jim Zoet,-0.1
1547,Jimmer Fredette,1.6
1548,Jimmy Butler,67.2
1549,Jimmy Carruth,0.0
1550,Jimmy Jones,-0.1
1551,Jimmy King,0.0
1552,Jimmy Oliver,0.30000000000000004
1553,Jo Jo English,0.0
1554,Jo Jo White*,10.9
1555,Joakim Noah,61.9
1556,Jodie Meeks,23.300000000000004
1557,Joe Alexander,0.4
1558,Joe Arlauckas,-0.1
1559,Joe Barry Carroll,35.5
1560,Joe Binion,0.1
1561,Joe Bryant,11.6
1562,Joe Chealey,-0.1
1563,Joe Cooper,0.2
1564,Joe Courtney,0.0
1565,Joe Crawford,0.0
1566,Joe Dumars*,86.2
1567,Joe Harris,14.799999999999999
1568,Joe Hassett,6.4
1569,Joe Ingles,27.9
1570,Joe Johnson,76.3
1571,Joe Kleine,18.7
1572,Joe Kopicki,3.5
1573,Joe Meriweather,23.800000000000004
1574,Joe Pace,1.0
1575,Joe Smith,48.099999999999994
1576,Joe Stephens,-0.1
1577,Joe Wolf,1.6
1578,Joe Young,0.30000000000000004
1579,Joel Anthony,15.299999999999997
1580,Joel Bolomboy,0.30000000000000004
1581,Joel Embiid,22.8
1582,Joel Freeland,3.2
1583,Joel Kramer,9.1
1584,Joel Przybilla,22.5
1585,Joey Dorsey,2.7
1586,Joey Graham,7.9
1587,Joffrey Lauvergne,3.6999999999999997
1588,Johan Petro,5.4
1589,John Amaechi,0.40000000000000013
1590,John Bagley,16.6
1591,John Battle,17.8
1592,John Brown,7.200000000000001
1593,John Celestand,-0.1
1594,John Coker,0.1
1595,John Collins,16.3
1596,John Coughran,-0.3
1597,John Crotty,11.299999999999999
1598,John Douglas,0.5
1599,John Drew,51.199999999999996
1600,John Duren,-0.8
1601,John Edwards,0.1
1602,John Garris,0.9
1603,John Gianelli,8.299999999999999
1604,John Greig,0.1
1605,John Havlicek*,11.2
1606,John Henson,19.3
1607,John Holland,0.0
1608,John Jenkins,2.5
1609,John Johnson,13.3
1610,John Konchar,0.7
1611,John Kuester,2.0
1612,John Lambert,6.1
1613,John Laskowski,0.4
1614,John Long,32.1
1615,John Lucas,53.69999999999999
1616,John Lucas III,3.4
1617,John McCullough,0.1
1618,John Mengelt,9.700000000000001
1619,John Morton,0.6
1620,John Olive,-0.30000000000000004
1621,John Paxson,36.300000000000004
1622,John Pinone,0.1
1623,John Roche,5.6
1624,John Rudd,0.6
1625,John Salley,40.9
1626,John Salmons,19.500000000000004
1627,John Schweitz,-0.5
1628,John Shasky,2.5
1629,John Shumate,18.0
1630,John Starks,49.39999999999999
1631,John Stockton*,207.6
1632,John Stroeder,-0.1
1633,John Stroud,-0.1
1634,John Thomas,2.8
1635,John Turner,-0.1
1636,John Wall,44.3
1637,John Wallace,6.3999999999999995
1638,John Williams,19.9
1639,John Williamson,13.5
1640,Johnathan Motley,0.8999999999999999
1641,Johnathan Williams,1.4
1642,Johnny Davis,38.699999999999996
1643,Johnny Dawkins,21.800000000000004
1644,Johnny High,4.699999999999999
1645,Johnny Moore,30.099999999999998
1646,Johnny Neumann,-0.1
1647,Johnny Newman,46.4
1648,Johnny O'Bryant,0.09999999999999998
1649,Johnny Rogers,0.4
1650,Johnny Taylor,0.1
1651,Jon Barry,33.49999999999999
1652,Jon Brockman,3.7
1653,Jon Koncak,29.1
1654,Jon Leuer,12.900000000000002
1655,Jon Sundvold,8.9
1656,Jonah Bolden,1.4
1657,Jonas Jerebko,22.299999999999997
1658,Jonas Valan?i?nas,33.599999999999994
1659,Jonas Valančiūnas,14.6
1660,Jonathan Bender,3.9
1661,Jonathan Gibson,0.1
1662,Jonathan Isaac,6.7
1663,Jonathan Kerner,0.0
1664,Jonathon Simmons,5.9
1665,Jonny Flynn,-1.2
1666,Jordan Adams,0.4
1667,Jordan Bell,4.5
1668,Jordan Bone,-0.1
1669,Jordan Clarkson,7.5
1670,Jordan Crawford,2.2
1671,Jordan Farmar,13.8
1672,Jordan Hamilton,1.4000000000000001
1673,Jordan Hill,13.7
1674,Jordan Loyd,0.2
1675,Jordan McLaughlin,1.6
1676,Jordan McRae,0.7
1677,Jordan Mickey,0.5
1678,Jordan Sibert,0.0
1679,Jordan Williams,1.3
1680,Jorge Garbajosa,3.1
1681,Jorge Gutiérrez,0.5
1682,Jose Slaughter,-0.1
1683,Joseph Forte,-0.4
1684,Josh Akognon,0.0
1685,Josh Boone,9.0
1686,Josh Childress,25.799999999999997
1687,Josh Davis,0.8
1688,Josh Grant,0.5
1689,Josh Gray,-0.1
1690,Josh Harrellson,2.0999999999999996
1691,Josh Hart,8.6
1692,Josh Howard,36.900000000000006
1693,Josh Huestis,0.7
1694,Josh Jackson,0.5
1695,Josh Magette,0.4
1696,Josh McRoberts,16.3
1697,Josh Okogie,3.4000000000000004
1698,Josh Powell,2.2
1699,Josh Reaves,0.0
1700,Josh Richardson,17.8
1701,Josh Selby,-0.7
1702,Josh Smith,48.900000000000006
1703,José Calderón,50.6
1704,José Ortiz,0.0
1705,João Vianna,0.0
1706,Jrue Holiday,42.9
1707,Juan Carlos Navarro,1.4
1708,Juan Dixon,4.2
1709,Juan Hernangómez,5.2
1710,Juan Toscano-Anderson,0.2
1711,Juaquin Hawkins,0.4
1712,Jud Buechler,15.299999999999999
1713,Julian Washburn,0.1
1714,Julian Wright,3.8999999999999995
1715,Julius Erving*,106.1
1716,Julius Hodge,-0.2
1717,Julius Nwosu,0.0
1718,Julius Randle,20.4
1719,Julyan Stone,1.0
1720,Jumaine Jones,15.1
1721,Junior Bridgeman,42.900000000000006
1722,Junior Burrough,-0.2
1723,Junior Harrington,-0.9
1724,Justin Anderson,2.6
1725,Justin Dentmon,0.0
1726,Justin Hamilton,2.1
1727,Justin Harper,-0.4
1728,Justin Holiday,9.600000000000001
1729,Justin Jackson,2.2
1730,Justin James,0.1
1731,Justin Patton,0.0
1732,Justin Reed,0.09999999999999998
1733,Justin Robinson,0.0
1734,Justin Williams,0.9
1735,Justin Wright-Foreman,0.0
1736,Justise Winslow,7.8
1737,Jusuf Nurki?,2.0
1738,Jusuf Nurkić,13.399999999999999
1739,Juwan Howard,49.4
1740,Juwan Morgan,0.3
1741,Jérôme Moïso,1.9000000000000001
1742,K.J. McDaniels,0.2
1743,KZ Okpala,0.1
1744,Kadeem Allen,1.0
1745,Kalin Lucas,0.0
1746,Kaniel Dickens,0.0
1747,Kannard Johnson,-0.1
1748,Kareem Abdul-Jabbar*,141.6
1749,Kareem Rush,1.7000000000000002
1750,Karl Malone*,234.59999999999997
1751,Karl-Anthony Towns,50.5
1752,Kasib Powell,0.0
1753,Kawhi Leonard,74.39999999999999
1754,Kay Felder,0.1
1755,Kebu Stewart,0.2
1756,Kedrick Brown,1.0
1757,Keita Bates-Diop,0.3
1758,Keith Appling,-0.1
1759,Keith Askins,14.499999999999996
1760,Keith Benson,0.0
1761,Keith Bogans,15.7
1762,Keith Booth,-0.8
1763,Keith Closs,1.9000000000000001
1764,Keith Edmonson,0.5
1765,Keith Erickson,1.4
1766,Keith Herron,3.2
1767,Keith Jennings,7.7
1768,Keith Langford,0.0
1769,Keith Lee,3.8
1770,Keith McCord,0.0
1771,Keith McLeod,1.0999999999999999
1772,Keith Owens,0.0
1773,Keith Smart,0.0
1774,Keith Smith,0.0
1775,Keith Starr,-0.2
1776,Keith Tower,0.0
1777,Keith Van Horn,31.9
1778,Kelan Martin,0.2
1779,Keldon Johnson,1.1
1780,Kelenna Azubuike,9.299999999999999
1781,Kelly McCarty,0.0
1782,Kelly Olynyk,28.6
1783,Kelly Oubre Jr.,9.9
1784,Kelly Tripucka,44.4
1785,Kelvin Cato,28.300000000000004
1786,Kelvin Ransey,17.9
1787,Kelvin Upshaw,1.6
1788,Kemba Walker,54.6
1789,Ken Austin,0.0
1790,Ken Bannister,0.6
1791,Ken Charles,2.9
1792,Ken Green,0.3
1793,Ken Johnson,0.8
1794,Ken Norman,27.099999999999998
1795,Kendall Gill,44.800000000000004
1796,Kendall Marshall,1.0
1797,Kendrick Nunn,2.0
1798,Kendrick Perkins,26.7
1799,Kennard Winchester,0.9
1800,Kenneth Faried,35.8
1801,Kenny Anderson,49.099999999999994
1802,Kenny Battle,2.0
1803,Kenny Carr,33.5
1804,Kenny Dennard,1.5
1805,Kenny Fields,4.2
1806,Kenny Gattison,17.0
1807,Kenny Green,-0.3
1808,Kenny Higgs,4.7
1809,Kenny Natt,-0.2
1810,Kenny Payne,-0.09999999999999998
1811,Kenny Satterfield,-0.2
1812,Kenny Smith,46.4
1813,Kenny Thomas,22.299999999999997
1814,Kenny Walker,17.8
1815,Kenny Williams,7.4
1816,Kenrich Williams,2.1
1817,Kent Bazemore,10.799999999999999
1818,Kent Benson,33.599999999999994
1819,Kentavious Caldwell-Pope,27.400000000000002
1820,Kenton Edelin,0.1
1821,Kenyon Martin,48.400000000000006
1822,Keon Clark,14.399999999999999
1823,Kermit Washington,33.300000000000004
1824,Kerry Kittles,45.0
1825,Kevin Brooks,-0.1
1826,Kevin Burleson,-0.2
1827,Kevin Duckworth,25.0
1828,Kevin Durant,141.79999999999998
1829,Kevin Edwards,12.500000000000002
1830,Kevin Gamble,31.500000000000004
1831,Kevin Garnett*,189.60000000000002
1832,Kevin Grevey,26.3
1833,Kevin Henderson,-0.2
1834,Kevin Hervey,-0.1
1835,Kevin Huerter,3.1
1836,Kevin Johnson,93.0
1837,Kevin Jones,0.2
1838,Kevin Knox,0.2
1839,Kevin Kunnert,11.1
1840,Kevin Loder,2.5
1841,Kevin Love,82.10000000000001
1842,Kevin Lynch,0.4
1843,Kevin Martin,55.89999999999999
1844,Kevin McHale*,113.1
1845,Kevin McKenna,4.1000000000000005
1846,Kevin Murphy,-0.3
1847,Kevin Ollie,7.1000000000000005
1848,Kevin Porter,21.5
1849,Kevin Porter Jr.,0.3
1850,Kevin Pritchard,0.2
1851,Kevin Restani,10.600000000000001
1852,Kevin Salvadori,-0.2
1853,Kevin Stacom,0.5
1854,Kevin Séraphin,5.8999999999999995
1855,Kevin Thompson,0.0
1856,Kevin Williams,2.6
1857,Kevin Willis,73.0
1858,Kevinn Pinkney,0.2
1859,Kevon Looney,10.299999999999999
1860,Keyon Dooling,18.5
1861,Khalid El-Amin,0.6
1862,Khalid Reeves,6.1
1863,Khem Birch,6.8
1864,Khris Middleton,38.900000000000006
1865,Khyri Thomas,0.0
1866,Kiki Vandeweghe,75.60000000000001
1867,Kim Anderson,-0.4
1868,Kim English,0.2
1869,Kim Hughes,7.000000000000001
1870,Kirk Haston,-0.6000000000000001
1871,Kirk Hinrich,48.9
1872,Kirk Penney,-0.2
1873,Kirk Snyder,3.4000000000000004
1874,Kiwane Lemorris Garris,-0.2
1875,Klay Thompson,46.8
1876,Kobe Bryant*,172.59999999999997
1877,Kobi Simmons,0.0
1878,Korleone Young,0.1
1879,Kornél Dávid,1.7
1880,Kosta Koufos,28.0
1881,Kosta Perovi?,0.0
1882,Kostas Antetokounmpo,0.0
1883,Kostas Papanikolaou,0.4
1884,Kris Dunn,3.9
1885,Kris Humphries,26.8
1886,Kristaps Porzi??is,8.9
1887,Kristaps Porziņģis,8.4
1888,Kurk Lee,-0.1
1889,Kurt Nimphius,17.5
1890,Kurt Rambis,36.599999999999994
1891,Kurt Thomas,60.300000000000004
1892,Kwame Brown,20.1
1893,Ky Bowman,-0.1
1894,Kyle Alexander,0.0
1895,Kyle Anderson,17.900000000000002
1896,Kyle Collinsworth,0.5
1897,Kyle Guy,0.0
1898,Kyle Korver,63.3
1899,Kyle Kuzma,8.899999999999999
1900,Kyle Lowry,90.49999999999999
1901,Kyle Macy,36.0
1902,Kyle O'Quinn,17.900000000000002
1903,Kyle Singler,8.1
1904,Kyle Weaver,1.5
1905,Kyle Wiltjer,0.0
1906,Kyrie Irving,61.3
1907,Kyrylo Fesenko,0.9
1908,LaBradford Smith,0.7000000000000001
1909,LaMarcus Aldridge,111.3
1910,LaPhonso Ellis,32.8
1911,LaSalle Thompson,35.2
1912,Lamar Odom,77.00000000000001
1913,Lamar Patterson,0.1
1914,Lamond Murray,19.8
1915,Lamont Strothers,-0.5
1916,Lanard Copeland,-0.30000000000000004
1917,Lancaster Gordon,-2.7
1918,Lance Allred,0.0
1919,Lance Blanks,0.7000000000000001
1920,Lance Stephenson,14.4
1921,Lance Thomas,5.9
1922,Landry Fields,10.5
1923,Landry Shamet,2.6
1924,Langston Galloway,12.5
1925,Lari Ketner,-0.1
1926,Laron Profit,0.7
1927,Larry Bird*,145.89999999999998
1928,Larry Demic,1.4
1929,Larry Drew,24.400000000000002
1930,Larry Drew II,-0.4
1931,Larry Hughes,25.8
1932,Larry Johnson,69.6
1933,Larry Kenon,36.3
1934,Larry Krystkowiak,15.700000000000001
1935,Larry McNeill,3.1000000000000005
1936,Larry Micheaux,2.5
1937,Larry Moffett,-0.1
1938,Larry Nance,109.39999999999999
1939,Larry Nance Jr.,14.5
1940,Larry Owens,0.1
1941,Larry Robinson,-0.1
1942,Larry Sanders,10.299999999999999
1943,Larry Smith,46.20000000000001
1944,Larry Spriggs,3.5
1945,Larry Steele,10.7
1946,Larry Stewart,9.799999999999999
1947,Larry Sykes,0.0
1948,Larry Wright,10.600000000000001
1949,Lars Hansen,0.6
1950,Latrell Sprewell,56.300000000000004
1951,Lauri Markkanen,8.600000000000001
1952,Lavor Postell,-0.30000000000000004
1953,Lavoy Allen,12.3
1954,Lawrence Boston,0.2
1955,Lawrence Funderburke,13.0
1956,Lawrence Moten,0.09999999999999998
1957,Lawrence Roberts,2.5
1958,Lazar Hayward,0.3
1959,Lazaro Borrell,0.3
1960,LeBron James,236.6
1961,LeRon Ellis,1.3
1962,Leandro Barbosa,35.599999999999994
1963,Ledell Eackles,10.700000000000001
1964,Lee Johnson,-0.2
1965,Lee Mayberry,7.800000000000001
1966,Lee Nailon,7.4
1967,Len Elmore,13.2
1968,Leo Rautins,-0.1
1969,Leon Douglas,15.1
1970,Leon Powe,11.4
1971,Leon Smith,0.2
1972,Leon Wood,6.8
1973,Leonard Gray,1.8
1974,Leonard Taylor,-0.1
1975,Leroy Combs,0.4
1976,Les Jepsen,0.1
1977,Lester Conner,26.3
1978,Lester Hudson,0.1
1979,Lewis Brown,-0.1
1980,Lewis Lloyd,19.900000000000002
1981,Linas Kleiza,13.599999999999998
1982,Lindsey Hunter,32.8
1983,Linton Johnson,2.3
1984,Linton Townes,0.6
1985,Lionel Chalmers,-0.2
1986,Lionel Hollins,21.099999999999998
1987,Lionel Simmons,16.900000000000002
1988,Litterial Green,1.6
1989,Lloyd Daniels,3.0
1990,Lloyd Neal,6.0
1991,Lloyd Walton,5.300000000000001
1992,Logan Vander Velden,-0.1
1993,Lonnie Shelton,37.3
1994,Lonnie Walker,0.3
1995,Lonny Baxter,0.7
1996,Lonzo Ball,6.0
1997,Loren Meyer,0.8
1998,Loren Woods,3.2
1999,Lorenzen Wright,30.499999999999996
2000,Lorenzo Brown,-0.10000000000000003
2001,Lorenzo Charles,0.5
2002,Lorenzo Romar,8.100000000000001
2003,Lorenzo Williams,5.9
2004,Lou Amundson,6.3
2005,Lou Hudson,10.2
2006,Lou Roe,0.0
2007,Lou Williams,57.400000000000006
2008,Louie Dampier*,6.8
2009,Louie Nelson,0.0
2010,Louis King,0.0
2011,Louis Orr,25.700000000000003
2012,Lowes Moore,1.5
2013,Loy Vaught,34.599999999999994
2014,Luc Longley,15.3
2015,Luc Mbah a Moute,25.0
2016,Lucas Nogueira,6.000000000000001
2017,Lucious Harris,28.6
2018,Lucius Allen,7.1000000000000005
2019,Luguentz Dort,0.8
2020,Luis Montero,-0.2
2021,Luis Scola,45.699999999999996
2022,Luka Dončić,13.700000000000001
2023,Luka Šamanić,0.0
2024,Luke Babbitt,6.199999999999999
2025,Luke Harangody,0.2
2026,Luke Jackson,0.1
2027,Luke Kennard,7.0
2028,Luke Kornet,3.0
2029,Luke Ridnour,36.0
2030,Luke Schenscher,0.3
2031,Luke Walton,14.000000000000002
2032,Luke Zeller,-0.1
2033,Luol Deng,69.6
2034,Luther Head,14.200000000000001
2035,Luther Wright,-0.1
2036,Lynn Greer,0.7
2037,M.L. Carr,29.000000000000004
2038,Maalik Wayns,0.1
2039,Maceo Baston,2.3
2040,Maciej Lampe,0.1
2041,Mack Calvin,5.9
2042,Magic Johnson*,155.70000000000002
2043,Mahmoud Abdul-Rauf,25.1
2044,Major Jones,5.5
2045,Makhtar N'Diaye,0.0
2046,Malachi Richardson,0.1
2047,Malcolm Brogdon,17.3
2048,Malcolm Delaney,1.1
2049,Malcolm Lee,0.5
2050,Malcolm Mackey,0.1
2051,Malcolm Miller,0.7
2052,Malcolm Thomas,0.1
2053,Malik Allen,4.699999999999999
2054,Malik Beasley,5.0
2055,Malik Hairston,0.7999999999999999
2056,Malik Monk,1.0
2057,Malik Newman,0.0
2058,Malik Rose,24.300000000000004
2059,Malik Sealy,17.1
2060,Mamadou N'Diaye,1.1
2061,Mangok Mathiang,0.1
2062,Manny Harris,0.09999999999999998
2063,Manu Ginóbili,106.5
2064,Manute Bol,12.4
2065,MarShon Brooks,2.9000000000000004
2066,Marc Gasol,76.60000000000001
2067,Marc Iavaroni,8.1
2068,Marc Jackson,11.2
2069,Marcelo Huertas,-0.2
2070,Marcin Gortat,54.89999999999999
2071,Marco Belinelli,26.8
2072,Marcus Banks,3.5
2073,Marcus Brown,0.30000000000000004
2074,Marcus Camby,71.10000000000001
2075,Marcus Cousin,0.0
2076,Marcus Derrickson,0.2
2077,Marcus Fizer,2.7
2078,Marcus Georges-Hunt,0.30000000000000004
2079,Marcus Haislip,0.5
2080,Marcus Liberty,4.5
2081,Marcus Morris,25.0
2082,Marcus Paige,0.0
2083,Marcus Smart,20.7
2084,Marcus Thornton,11.5
2085,Marcus Vinicius,0.2
2086,Marcus Webb,0.1
2087,Marcus Williams,0.0
2088,Mardy Collins,-1.5
2089,Mario Bennett,1.9
2090,Mario Chalmers,28.5
2091,Mario Elie,47.199999999999996
2092,Mario Hezonja,3.1999999999999997
2093,Mario Kasun,0.8999999999999999
2094,Mario West,1.4000000000000001
2095,Mark Acres,9.100000000000001
2096,Mark Aguirre,68.0
2097,Mark Alarie,8.3
2098,Mark Baker,-0.1
2099,Mark Blount,15.299999999999999
2100,Mark Bradtke,0.2
2101,Mark Bryant,26.300000000000004
2102,Mark Crow,0.2
2103,Mark Davis,2.9
2104,Mark Eaton,44.7
2105,Mark Hendrickson,2.0
2106,Mark Jackson,79.5
2107,Mark Jones,-0.1
2108,Mark Landsberger,12.1
2109,Mark Macon,0.49999999999999994
2110,Mark Madsen,8.2
2111,Mark McNamara,2.7
2112,Mark Olberding,43.099999999999994
2113,Mark Pope,1.2
2114,Mark Price,71.1
2115,Mark Radford,0.4
2116,Mark Randall,0.2
2117,Mark Strickland,6.5
2118,Mark Wade,-0.3
2119,Mark West,41.900000000000006
2120,Markel Brown,1.1
2121,Markelle Fultz,3.2
2122,Markieff Morris,21.6
2123,Marko Guduric,0.1
2124,Marko Jari?,12.0
2125,Marko Mili?,0.19999999999999998
2126,Marlon Garnett,0.0
2127,Marlon Maxey,2.6
2128,Marlon Redmond,0.5
2129,Marques Bolden,0.0
2130,Marques Bragg,0.1
2131,Marques Johnson,79.7
2132,Marquese Chriss,5.9
2133,Marquis Daniels,16.6
2134,Marquis Teague,-0.3
2135,Marreese Speights,23.0
2136,Marshall Plumlee,0.4
2137,Marshall Rogers,-0.2
2138,Martell Webster,24.700000000000003
2139,Martin Lewis,0.1
2140,Martin Müürsepp,1.4
2141,Martin Nessley,-0.1
2142,Marty Byrnes,4.199999999999999
2143,Marty Conlon,7.5
2144,Martynas Andriuškevi?ius,0.0
2145,Marv Roberts,-0.2
2146,Marvin Bagley III,4.0
2147,Marvin Barnes,4.3999999999999995
2148,Marvin Webster,28.199999999999996
2149,Marvin Williams,62.6
2150,Mason Plumlee,28.400000000000002
2151,Mateen Cleaves,-0.8
2152,Matisse Thybulle,2.3
2153,Matt Barnes,40.0
2154,Matt Bonner,38.6
2155,Matt Bullard,16.8
2156,Matt Carroll,11.0
2157,Matt Costello,0.1
2158,Matt Fish,0.2
2159,Matt Freije,-0.6
2160,Matt Geiger,28.4
2161,Matt Harpring,41.99999999999999
2162,Matt Maloney,9.5
2163,Matt Mooney,0.0
2164,Matt Othick,0.0
2165,Matt Steigenga,0.0
2166,Matt Thomas,1.2
2167,Matt Walsh,0.0
2168,Matt Wenstrom,0.1
2169,Matt Williams,0.0
2170,Matthew Dellavedova,9.7
2171,Maurice Ager,-0.6
2172,Maurice Cheeks*,103.39999999999999
2173,Maurice Evans,15.199999999999998
2174,Maurice Harkless,19.2
2175,Maurice Lucas,58.699999999999996
2176,Maurice Martin,-0.2
2177,Maurice Ndour,0.4
2178,Maurice Taylor,9.400000000000002
2179,Max Strus,0.0
2180,Maxi Kleber,11.100000000000001
2181,McKinley Singleton,0.0
2182,Mehmet Okur,54.7
2183,Mel Bennett,0.19999999999999998
2184,Mel Daniels*,0.0
2185,Mel Davis,-0.30000000000000004
2186,Mel McCants,0.0
2187,Melvin Booker,-0.2
2188,Melvin Ely,4.1000000000000005
2189,Melvin Frazier,0.1
2190,Melvin Newbern,0.0
2191,Melvin Sanders,0.2
2192,Melvin Turpin,13.8
2193,Mengke Bateer,0.0
2194,Metta World Peace,54.7
2195,Meyers Leonard,15.600000000000001
2196,Mfiondu Kabengele,0.2
2197,Michael Adams,47.0
2198,Michael Anderson,0.2
2199,Michael Ansley,6.4
2200,Michael Beasley,15.6
2201,Michael Bradley,1.7
2202,Michael Brooks,16.5
2203,Michael Cage,74.4
2204,Michael Carter-Williams,5.500000000000001
2205,Michael Cooper,52.4
2206,Michael Curry,16.2
2207,Michael Dickerson,9.5
2208,Michael Doleac,11.0
2209,Michael Finley,80.4
2210,Michael Gbinije,-0.1
2211,Michael Hawkins,0.2
2212,Michael Holton,4.699999999999999
2213,Michael Jackson,-0.2
2214,Michael Jordan*,213.9
2215,Michael Kidd-Gilchrist,21.200000000000003
2216,Michael McDonald,-0.1
2217,Michael Olowokandi,2.2
2218,Michael Phelps,0.3
2219,Michael Porter Jr.,2.9
2220,Michael Redd,55.800000000000004
2221,Michael Ruffin,6.7
2222,Michael Smith,22.700000000000003
2223,Michael Stewart,4.4
2224,Michael Wiley,2.9000000000000004
2225,Michael Wilson,0.30000000000000004
2226,Michael Young,1.1
2227,Micheal Ray Richardson,35.1
2228,Micheal Williams,28.5
2229,Mickaël Gelabale,3.0
2230,Mickaël Piétrus,18.400000000000002
2231,Mickey Davis,0.4
2232,Mickey Dillard,-0.2
2233,Mickey Johnson,49.599999999999994
2234,Mikal Bridges,7.699999999999999
2235,Mike Bantom,27.099999999999998
2236,Mike Barr,1.4
2237,Mike Batiste,0.8
2238,Mike Bibby,67.1
2239,Mike Bratz,11.1
2240,Mike Brittain,0.0
2241,Mike Brown,15.8
2242,Mike Champion,-0.1
2243,Mike Conley,73.9
2244,Mike D'Antoni,0.0
2245,Mike Davis,0.1
2246,Mike Dunleavy,68.0
2247,Mike Evans,9.4
2248,Mike Flynn,2.5
2249,Mike Gale,17.900000000000002
2250,Mike Gibson,0.30000000000000004
2251,Mike Glenn,25.300000000000004
2252,Mike Gminski,52.699999999999996
2253,Mike Green,10.9
2254,Mike Hall,0.0
2255,Mike Harper,2.5
2256,Mike Harris,1.0
2257,Mike Higgins,0.1
2258,Mike Iuzzolino,3.7
2259,Mike James,12.700000000000001
2260,Mike McGee,15.100000000000001
2261,Mike Miller,56.69999999999999
2262,Mike Mitchell,50.2
2263,Mike Morrison,-0.3
2264,Mike Muscala,10.8
2265,Mike Newlin,23.5
2266,Mike Niles,-0.3
2267,Mike O'Koren,14.5
2268,Mike Penberthy,1.7000000000000002
2269,Mike Peplowski,1.0
2270,Mike Riordan,-0.1
2271,Mike Sanders,16.2
2272,Mike Scott,14.3
2273,Mike Smith,-0.1
2274,Mike Smrek,0.6
2275,Mike Sojourner,0.9
2276,Mike Sweetney,7.700000000000001
2277,Mike Taylor,-0.4
2278,Mike Tobey,0.0
2279,Mike Wilks,1.9
2280,Mike Williams,0.0
2281,Mike Woodson,34.99999999999999
2282,Mikki Moore,19.4
2283,Mile Ili?,-0.2
2284,Miles Bridges,4.5
2285,Miles Plumlee,7.6000000000000005
2286,Miles Simon,-0.1
2287,Miloš Babi?,-0.1
2288,Miloš Teodosić,1.4
2289,Milt Palacio,3.1000000000000005
2290,Milt Wagner,0.4
2291,Milton Doyle,-0.1
2292,Mindaugas Kuzminskas,1.2
2293,Miroslav Raduljica,1.1
2294,Mirza Teletovi?,8.5
2295,Mirza Teletović,0.3
2296,Mitch Kupchak,27.000000000000004
2297,Mitch McGary,1.3
2298,Mitch Richmond*,79.3
2299,Mitchell Butler,3.0000000000000004
2300,Mitchell Robinson,12.899999999999999
2301,Mitchell Wiggins,15.299999999999999
2302,Miye Oni,0.1
2303,Mo Bamba,4.2
2304,Mo Howard,0.6
2305,Mo Layton,1.4000000000000001
2306,Mo Williams,37.0
2307,Monta Ellis,39.49999999999999
2308,Monte Morris,10.2
2309,Monte Towe,0.1
2310,Monti Davis,-0.1
2311,Montrezl Harrell,26.199999999999996
2312,Monty Williams,11.599999999999998
2313,Moochie Norris,9.3
2314,Mookie Blaylock,71.79999999999998
2315,Moritz Wagner,1.9
2316,Morlon Wiley,0.4
2317,Morris Almond,0.0
2318,Morris Peterson,35.699999999999996
2319,Moses Brown,0.0
2320,Moses Malone*,167.09999999999997
2321,Mouhamed Sene,0.2
2322,Muggsy Bogues,52.4
2323,Mustafa Shakur,-0.5
2324,Mychal Mulder,0.1
2325,Mychal Thompson,59.2
2326,Mychel Thompson,-0.2
2327,Myke Henry,0.1
2328,Myles Patrick,0.0
2329,Myles Turner,26.3
2330,Myron Brown,0.0
2331,Myron Jackson,0.0
2332,Nando De Colo,1.3
2333,Nassir Little,0.6
2334,Nate Blackwell,-0.1
2335,Nate Driggers,-0.2
2336,Nate Huffman,0.1
2337,Nate Johnston,0.1
2338,Nate McMillan,50.199999999999996
2339,Nate Robinson,24.3
2340,Nate Thurmond*,2.3
2341,Nate Williams,7.6
2342,Nate Wolters,1.2
2343,Nathan Jawai,0.19999999999999998
2344,Naz Mitrou-Long,0.1
2345,Naz Reid,0.8
2346,Nazr Mohammed,17.400000000000002
2347,Ndudi Ebi,0.1
2348,Neal Walk,0.2
2349,Negele Knight,1.0999999999999999
2350,Nemanja Bjelica,16.0
2351,Nemanja Nedovi?,-0.4
2352,Nenad Krsti?,17.5
2353,Nenê,70.5
2354,Nerlens Noel,17.5
2355,Nick Anderson,55.300000000000004
2356,Nick Calathes,2.6
2357,Nick Collison,44.400000000000006
2358,Nick Johnson,-0.1
2359,Nick Van Exel,51.50000000000001
2360,Nick Vanos,-0.10000000000000003
2361,Nick Weatherspoon,7.1
2362,Nick Young,16.799999999999997
2363,Nicolas Batum,54.9
2364,Nicolas Claxton,0.5
2365,Nicolás Brussino,0.6
2366,Nicolás Laprovíttola,0.2
2367,Nicolò Melli,1.8
2368,Nigel Williams-Goss,0.0
2369,Nik Stauskas,2.4
2370,Nikita Wilson,-0.1
2371,Nikola Joki?,16.4
2372,Nikola Jokić,32.3
2373,Nikola Miroti?,13.399999999999999
2374,Nikola Pekovi?,18.799999999999997
2375,Nikola Vu?evi?,28.099999999999998
2376,Nikola Vučević,20.1
2377,Nikoloz Tskitishvili,-1.1
2378,Noah Vonleh,6.7
2379,Noel Felix,-0.3
2380,Nolan Smith,-0.8
2381,Norm Cook,-0.1
2382,Norm Nixon,47.50000000000001
2383,Norm Van Lier,10.4
2384,Norman Black,-0.1
2385,Norman Powell,11.999999999999998
2386,Norris Cole,1.5999999999999996
2387,Norris Coleman,-0.4
2388,Norton Barnhill,0.0
2389,Norvel Pelle,0.3
2390,O.J. Mayo,21.9
2391,OG Anunoby,10.7
2392,Obinna Ekezie,1.4
2393,Ognjen Kuzmi?,0.3
2394,Okaro White,0.8
2395,Olden Polynice,36.6
2396,Oleksiy Pecherov,0.6
2397,Oliver Lafayette,0.0
2398,Oliver Miller,19.499999999999996
2399,Oliver Robinson,0.1
2400,Ollie Johnson,13.400000000000002
2401,Ollie Mack,2.5
2402,Olumide Oyedeji,1.1
2403,Omar Cook,-0.1
2404,Omari Johnson,0.1
2405,Omari Spellman,2.4
2406,Omri Casspi,19.1
2407,Orien Greene,-0.7
2408,Orlando Graham,0.0
2409,Orlando Johnson,1.5
2410,Orlando Woolridge,50.8
2411,Oshae Brissett,0.1
2412,Othell Wilson,1.2999999999999998
2413,Othella Harrington,20.599999999999998
2414,Othello Hunter,0.2
2415,Othyus Jeffers,0.1
2416,Otis Birdsong,48.300000000000004
2417,Otis Howard,0.1
2418,Otis Smith,12.299999999999999
2419,Otis Thorpe,98.50000000000003
2420,Otto Moore,2.9
2421,Otto Porter,26.599999999999998
2422,Ozell Jones,1.2
2423,P.J. Brown,89.69999999999999
2424,P.J. Hairston,0.3
2425,P.J. Tucker,30.4
2426,P.J. Washington,2.0
2427,PJ Dozier,0.5
2428,Pablo Prigioni,8.1
2429,Pace Mannion,1.6
2430,Pape Sow,0.9
2431,Pape Sy,0.0
2432,Pascal Siakam,21.0
2433,Pat Burke,-0.09999999999999998
2434,Pat Connaughton,10.200000000000001
2435,Pat Cummings,22.499999999999996
2436,Pat Durham,0.7
2437,Pat Garrity,18.700000000000003
2438,Patricio Garino,-0.2
2439,Patrick Beverley,28.4
2440,Patrick Christopher,-0.1
2441,Patrick Eddie,-0.1
2442,Patrick Ewing,-0.1
2443,Patrick Ewing*,126.49999999999999
2444,Patrick McCaw,3.6999999999999997
2445,Patrick O'Bryant,0.2
2446,Patrick Patterson,22.6
2447,Patty Mills,30.400000000000002
2448,Pau Gasol,134.4
2449,Paul Davis,0.4
2450,Paul Dawkins,-0.1
2451,Paul George,70.1
2452,Paul Graham,5.7
2453,Paul Grant,0.0
2454,Paul Griffin,19.700000000000003
2455,Paul McCracken,0.0
2456,Paul Millsap,91.5
2457,Paul Mokeski,13.6
2458,Paul Pierce,150.20000000000002
2459,Paul Pressey,49.199999999999996
2460,Paul Shirley,-0.2
2461,Paul Silas,11.7
2462,Paul Thompson,4.9
2463,Paul Westphal*,48.199999999999996
2464,Paul Zipser,0.5
2465,Pavel Podkolzin,-0.1
2466,Pearl Washington,1.9
2467,Peja Stojakovi?,72.90000000000002
2468,Pepe Sánchez,0.0
2469,Pero Anti?,2.9
2470,Perry Jones,1.7
2471,Perry Moss,1.0
2472,Perry Young,-0.1
2473,Pervis Ellison,21.9
2474,Pete Chilcutt,8.6
2475,Pete Maravich*,9.9
2476,Pete Myers,5.1000000000000005
2477,Pete Verhoeven,5.199999999999999
2478,Pete Williams,1.4
2479,Peter Aluma,0.0
2480,Peter John Ramos,0.0
2481,Peter Thibeaux,0.09999999999999998
2482,Peyton Siva,-0.2
2483,Phil Bond,0.0
2484,Phil Chenier,7.5
2485,Phil Ford,23.4
2486,Phil Hicks,0.5
2487,Phil Hubbard,29.000000000000004
2488,Phil Jackson*,4.1
2489,Phil Pressey,0.9
2490,Phil Sellers,0.0
2491,Phil Smith,28.7
2492,Phil Walker,-0.4
2493,Phil Zevenbergen,0.0
2494,Pierre Jackson,0.0
2495,Pooh Richardson,26.799999999999997
2496,Popeye Jones,22.0
2497,Pops Mensah-Bonsu,0.0
2498,Predrag Drobnjak,5.7
2499,Predrag Savovi?,-0.2
2500,Priest Lauderdale,-0.8
2501,Primož Brezec,10.7
2502,Purvis Short,51.1
2503,Pétur Guðmundsson,2.1999999999999997
2504,Quentin Richardson,32.699999999999996
2505,Quincy Acy,6.2
2506,Quincy Douby,0.0
2507,Quincy Lewis,0.7
2508,Quincy Miller,0.0
2509,Quincy Pondexter,7.0
2510,Quinn Buckner,24.700000000000003
2511,Quinn Cook,3.7
2512,Quintin Dailey,12.5
2513,Quinton Ross,7.8
2514,Qyntel Woods,1.3
2515,R.J. Hunter,0.4
2516,Radisav ?ur?i?,0.3
2517,Raef LaFrentz,33.1
2518,Rafael Addison,4.9
2519,Rafael Araújo,-0.4
2520,Rafer Alston,27.9
2521,Raja Bell,28.5
2522,Rajon Rondo,58.10000000000001
2523,Rakeem Christmas,0.5
2524,Ralph Drollinger,-0.2
2525,Ralph Jackson,0.0
2526,Ralph Lewis,0.0
2527,Ralph Sampson*,20.0
2528,Ralph Simpson,0.7
2529,Ramon Sessions,19.400000000000002
2530,Ramón Rivas,0.0
2531,Randell Jackson,-0.1
2532,Randolph Childress,0.0
2533,Randolph Keys,2.3999999999999995
2534,Randolph Morris,-5.551115123125783e-17
2535,Randy Allen,0.2
2536,Randy Breuer,20.999999999999996
2537,Randy Brown,11.200000000000001
2538,Randy Denton,0.4
2539,Randy Foye,23.1
2540,Randy Holcomb,0.0
2541,Randy Livingston,2.4
2542,Randy Smith,32.5
2543,Randy White,1.9
2544,Randy Wittman,17.2
2545,Randy Woods,0.7000000000000001
2546,Rashad McCants,3.0
2547,Rashad Vaughn,-0.8
2548,Rashard Lewis,87.89999999999999
2549,Rasheed Wallace,98.89999999999999
2550,Rasho Nesterovi?,39.89999999999999
2551,Rastko Cvetkovi?,-0.1
2552,Rasual Butler,20.999999999999996
2553,Ratko Varda,0.0
2554,Raul Neto,5.7
2555,Rawle Alkins,-0.1
2556,Rawle Marshall,0.2
2557,Ray Allen*,136.10000000000002
2558,Ray Blume,-0.1
2559,Ray Epps,0.1
2560,Ray McCallum,1.7999999999999998
2561,Ray Owes,0.4
2562,Ray Tolbert,2.9000000000000004
2563,Ray Williams,37.1
2564,Rayjon Tucker,0.2
2565,Raymond Brown,-0.2
2566,Raymond Felton,34.89999999999999
2567,Raymond Townsend,1.0
2568,Raül López,2.0999999999999996
2569,Reece Gaines,-0.5
2570,Reggie Bullock,7.1000000000000005
2571,Reggie Carter,0.4
2572,Reggie Evans,23.699999999999996
2573,Reggie Geary,0.6
2574,Reggie Hanson,0.0
2575,Reggie Hearn,0.0
2576,Reggie Jackson,23.299999999999997
2577,Reggie Johnson,10.899999999999999
2578,Reggie Jordan,2.6999999999999997
2579,Reggie King,24.8
2580,Reggie Lewis,38.9
2581,Reggie Miller*,174.50000000000003
2582,Reggie Slater,5.2
2583,Reggie Smith,0.4
2584,Reggie Theus,66.8
2585,Reggie Williams,29.099999999999998
2586,Renaldo Balkman,6.999999999999999
2587,Renaldo Major,-0.1
2588,Rex Chapman,24.7
2589,Rex Walters,5.199999999999999
2590,Rich Jones,0.6
2591,Rich Kelley,37.60000000000001
2592,Rich King,0.2
2593,Rich Laurel,0.0
2594,Rich Manning,-0.2
2595,Rich Yonakor,0.3
2596,Richard Anderson,7.699999999999999
2597,Richard Coffey,0.2
2598,Richard Dumas,4.5
2599,Richard Hamilton,62.699999999999996
2600,Richard Jefferson,80.10000000000001
2601,Richard Morton,0.0
2602,Richard Petruška,0.0
2603,Richard Rellford,0.0
2604,Richard Washington,10.7
2605,Richaun Holmes,17.3
2606,Richie Frahm,2.3
2607,Rick Barry*,25.699999999999996
2608,Rick Brunson,3.1999999999999993
2609,Rick Calloway,-0.3
2610,Rick Carlisle,0.5
2611,Rick Fox,44.8
2612,Rick Hughes,0.1
2613,Rick Mahorn,51.599999999999994
2614,Rick Robey,15.7
2615,Rick Wilson,0.09999999999999998
2616,Rickey Brown,4.7
2617,Rickey Green,47.199999999999996
2618,Rickey Williams,-0.1
2619,Rickie Winslow,-0.2
2620,Ricky Berry,2.4
2621,Ricky Blanton,0.0
2622,Ricky Davis,18.8
2623,Ricky Grace,0.0
2624,Ricky Ledo,0.0
2625,Ricky Marsh,0.5
2626,Ricky Pierce,61.5
2627,Ricky Rubio,37.2
2628,Ricky Sobers,29.2
2629,Ricky Wilson,0.2
2630,Rik Smits,56.499999999999986
2631,Rob Kurz,0.7
2632,Rob Lock,-0.2
2633,Rob Rose,0.0
2634,Rob Williams,2.1
2635,Robbie Hummel,1.9000000000000001
2636,Robert Archibald,-0.2
2637,Robert Churchwell,-0.1
2638,Robert Covington,15.3
2639,Robert Hite,-0.2
2640,Robert Horry,63.70000000000001
2641,Robert Pack,13.2
2642,Robert Parish*,147.00000000000003
2643,Robert Reid,40.199999999999996
2644,Robert Sacre,2.4
2645,Robert Smith,5.699999999999999
2646,Robert Swift,1.6
2647,Robert Traylor,13.299999999999999
2648,Robert Werdann,0.1
2649,Robert Whaley,0.0
2650,Robert Williams,3.2
2651,Robin Jones,2.2
2652,Robin Lopez,44.3
2653,Rock Lee,0.0
2654,Rod Foster,2.2
2655,Rod Higgins,37.8
2656,Rod Strickland,82.3
2657,Rodions Kurucs,2.4000000000000004
2658,Rodney Buford,2.8
2659,Rodney Carney,5.9
2660,Rodney Hood,11.899999999999999
2661,Rodney McCray,55.9
2662,Rodney McGruder,6.6
2663,Rodney Monroe,-0.2
2664,Rodney Rogers,33.1
2665,Rodney Stuckey,28.6
2666,Rodney White,1.2
2667,Rodrick Rhodes,-1.0
2668,Rodrigue Beaubois,4.800000000000001
2669,Roger Brown,0.30000000000000004
2670,Roger Burkman,0.1
2671,Roger Mason,12.8
2672,Roger Phegley,8.5
2673,Roger Powell,-0.1
2674,Roko Uki?,-0.2
2675,Rolando Blackman,75.8
2676,Rolando Ferreira,-0.2
2677,Romeo Langford,0.2
2678,Ron Anderson,23.8
2679,Ron Baker,0.4
2680,Ron Behagen,4.499999999999999
2681,Ron Boone,11.5
2682,Ron Brewer,17.4
2683,Ron Carter,-0.1
2684,Ron Cavenall,-0.2
2685,Ron Crevier,0.0
2686,Ron Davis,0.09999999999999998
2687,Ron Grandison,0.6
2688,Ron Harper,65.89999999999999
2689,Ron Lee,10.7
2690,Ron Mercer,8.700000000000001
2691,Ron Moore,-0.1
2692,Ron Rowan,0.0
2693,Ronald Dupree,1.8
2694,Ronald Murray,5.800000000000001
2695,Rondae Hollis-Jefferson,12.5
2696,Ronnie Brewer,25.6
2697,Ronnie Lester,6.3
2698,Ronnie Murphy,-0.2
2699,Ronnie Price,3.8000000000000003
2700,Ronnie Valentine,-0.3
2701,Ronny Turiaf,18.5
2702,Rony Seikaly,34.599999999999994
2703,Rory Sparrow,28.5
2704,Rory White,6.5
2705,Roshown McLeod,-0.10000000000000003
2706,Rowland Garrett,0.8
2707,Roy Hamilton,-0.4
2708,Roy Hibbert,33.9
2709,Roy Hinson,30.1
2710,Roy Marble,-0.5
2711,Roy Rogers,1.7999999999999998
2712,Roy Tarpley,19.8
2713,Royal Ivey,4.0
2714,Royce O'Neale,10.0
2715,Royce White,0.0
2716,Ruben Boumtje-Boumtje,0.2
2717,Ruben Patterson,33.099999999999994
2718,Rubén Wolkowyski,-0.1
2719,Rudy Fernández,14.1
2720,Rudy Gay,48.0
2721,Rudy Gobert,63.599999999999994
2722,Rudy Hackett,0.0
2723,Rudy Macklin,3.3
2724,Rudy Tomjanovich*,24.0
2725,Rudy White,2.7755575615628914e-17
2726,Rui Hachimura,1.8
2727,Rumeal Robinson,5.199999999999999
2728,Russ Schoene,4.6
2729,Russ Smith,-0.1
2730,Russell Cross,0.8
2731,Russell Westbrook,100.89999999999999
2732,Rusty LaRue,0.5000000000000001
2733,Ryan Anderson,47.1
2734,Ryan Arcidiacono,5.3999999999999995
2735,Ryan Bowen,12.6
2736,Ryan Broekhoff,1.2000000000000002
2737,Ryan Gomes,19.299999999999997
2738,Ryan Hollins,8.299999999999999
2739,Ryan Humphrey,0.1
2740,Ryan Kelly,3.1000000000000005
2741,Ryan Lorthridge,0.4
2742,Ryan Reid,0.1
2743,Ryan Robertson,0.0
2744,Ryan Stack,0.30000000000000004
2745,Salah Mejri,8.1
2746,Salim Stoudamire,2.3
2747,Sam Bowie,26.800000000000004
2748,Sam Cassell,81.3
2749,Sam Dekker,4.3
2750,Sam Jacobson,0.2
2751,Sam Lacey,26.4
2752,Sam Mack,4.5
2753,Sam Mitchell,41.699999999999996
2754,Sam Pellom,4.7
2755,Sam Perkins,98.40000000000002
2756,Sam Smith,1.0
2757,Sam Vincent,10.799999999999999
2758,Sam Williams,8.9
2759,Sam Worthen,0.7
2760,Sam Young,5.0
2761,Samaki Walker,14.399999999999999
2762,Samardo Samuels,0.6
2763,Samuel Dalembert,51.4
2764,Sasha Danilovi?,1.5
2765,Sasha Kaun,0.2
2766,Sasha Pavlovi?,6.5
2767,Sasha Vuja?i?,13.8
2768,Scooter McCray,0.4
2769,Scot Pollard,26.5
2770,Scott Brooks,21.499999999999996
2771,Scott Burrell,15.6
2772,Scott Haffner,-0.2
2773,Scott Haskin,0.3
2774,Scott Hastings,9.600000000000001
2775,Scott Lloyd,2.5
2776,Scott Machado,0.0
2777,Scott May,17.3
2778,Scott Meents,0.1
2779,Scott Padgett,13.0
2780,Scott Roth,1.1
2781,Scott Sims,-0.2
2782,Scott Skiles,30.6
2783,Scott Wedman,44.0
2784,Scott Williams,25.400000000000006
2785,Scottie Pippen*,125.1
2786,Scotty Hopson,-0.1
2787,Sean Elliott,55.6
2788,Sean Green,-0.5
2789,Sean Higgins,0.09999999999999998
2790,Sean Kilpatrick,1.5
2791,Sean Lampley,1.1
2792,Sean Marks,2.6999999999999997
2793,Sean May,2.6
2794,Sean Rooks,14.300000000000002
2795,Sean Williams,2.5999999999999996
2796,Sebastian Telfair,3.8000000000000003
2797,Sedale Threatt,48.099999999999994
2798,Sedric Toney,-5.551115123125783e-17
2799,Semaj Christon,0.1
2800,Semi Ojeleye,3.8
2801,Semih Erden,0.4
2802,Serge Ibaka,62.7
2803,Sergei Bazarevich,0.2
2804,Sergey Karasev,0.8999999999999999
2805,Sergio Rodríguez,3.0999999999999996
2806,Seth Curry,12.7
2807,Shabazz Muhammad,7.7
2808,Shabazz Napier,6.4
2809,Shai Gilgeous-Alexander,9.399999999999999
2810,Shake Milton,2.4
2811,Shammond Williams,4.8
2812,Shamorie Ponds,0.1
2813,Shandon Anderson,21.5
2814,Shane Battier,70.60000000000001
2815,Shane Edwards,0.0
2816,Shane Heal,-0.4
2817,Shane Larkin,4.3999999999999995
2818,Shannon Brown,9.4
2819,Shaquille Harrison,3.7
2820,Shaquille O'Neal*,178.79999999999998
2821,Shareef Abdur-Rahim,63.0
2822,Sharone Wright,0.09999999999999987
2823,Sharrod Ford,0.0
2824,Shaun Livingston,25.7
2825,Shavlik Randolph,2.3
2826,Shawn Bradley,34.8
2827,Shawn Kemp,89.39999999999999
2828,Shawn Long,0.9
2829,Shawn Marion,112.39999999999999
2830,Shawn Respert,0.6
2831,Shawne Williams,4.9
2832,Shawnelle Scott,1.3
2833,Shayne Whittington,0.4
2834,Shea Seals,-0.1
2835,Shelden Williams,6.300000000000001
2836,Sheldon Mac,0.5
2837,Shelton Jones,0.4
2838,Shelvin Mack,7.599999999999999
2839,Sherell Ford,0.4
2840,Sherman Douglas,28.6
2841,Sherron Collins,-0.2
2842,Sidney Green,17.0
2843,Sidney Lowe,4.0
2844,Sidney Moncrief*,90.4
2845,Sidney Wicks,12.1
2846,Sim Bhullar,0.0
2847,Sindarius Thornwell,1.1
2848,Skal Labissière,4.1
2849,Skeeter Henry,0.0
2850,Slavko Vraneš,0.0
2851,Sleepy Floyd,50.60000000000001
2852,Slick Watts,5.3999999999999995
2853,Sly Williams,13.2
2854,Smush Parker,8.2
2855,Solomon Alabi,0.0
2856,Solomon Hill,9.2
2857,Solomon Jones,4.7
2858,Sonny Parker,26.9
2859,Sonny Weems,0.6000000000000001
2860,Soumaila Samake,0.30000000000000004
2861,Speedy Claxton,10.5
2862,Spencer Dinwiddie,18.3
2863,Spencer Hawes,16.4
2864,Spencer Haywood*,16.6
2865,Spud Webb,37.2
2866,Stacey Augmon,42.30000000000001
2867,Stacey King,10.0
2868,Stan Kimbrough,0.1
2869,Stan Pietkiewicz,1.6
2870,Stanislav Medvedenko,6.0
2871,Stanley Brundy,0.2
2872,Stanley Jackson,0.2
2873,Stanley Johnson,2.8000000000000003
2874,Stanley Roberts,8.100000000000001
2875,Stefano Rusconi,-0.1
2876,Steffond Johnson,-0.2
2877,Stephen Curry,103.4
2878,Stephen Graham,1.6
2879,Stephen Howard,0.30000000000000004
2880,Stephen Jackson,26.300000000000004
2881,Stephen Zimmerman,0.0
2882,Stephon Marbury,63.199999999999996
2883,Sterling Brown,3.9000000000000004
2884,Steve Alford,3.1999999999999997
2885,Steve Bardo,-0.09999999999999998
2886,Steve Blake,21.8
2887,Steve Bucknall,-0.3
2888,Steve Burtt,0.0
2889,Steve Colter,17.3
2890,Steve Francis,50.50000000000001
2891,Steve Goodrich,-0.2
2892,Steve Green,2.2
2893,Steve Hamer,0.2
2894,Steve Harris,3.2
2895,Steve Hawes,31.099999999999998
2896,Steve Hayes,3.0
2897,Steve Henson,3.6000000000000005
2898,Steve Johnson,26.799999999999997
2899,Steve Kerr,46.6
2900,Steve Kuberski,1.1
2901,Steve Lingenfelter,0.0
2902,Steve Malovic,0.3
2903,Steve Mix,33.6
2904,Steve Nash*,130.0
2905,Steve Novak,13.3
2906,Steve Scheffler,2.6999999999999997
2907,Steve Sheppard,1.0
2908,Steve Smith,74.1
2909,Steve Stipanovich,30.4
2910,Steven Adams,45.300000000000004
2911,Steven Hill,0.0
2912,Steven Hunter,10.6
2913,Steven Smith,-0.1
2914,Stevin Smith,-0.1
2915,Stewart Granger,-0.10000000000000003
2916,Stojko Vrankovi?,1.3
2917,Stromile Swift,20.1
2918,Stuart Gray,3.3
2919,Sun Yue,-0.1
2920,Sundiata Gaines,1.5
2921,Sviatoslav Mykhailiuk,1.6
2922,Swen Nater,36.9
2923,Sylvester Gray,0.7
2924,Sylvester Norris,-0.2
2925,T.J. Ford,16.9
2926,T.J. Leaf,2.7
2927,T.J. McConnell,15.700000000000001
2928,T.J. Warren,19.4
2929,T.R. Dunn,39.9
2930,Tacko Fall,0.2
2931,Tahjere McCall,0.0
2932,Taj Gibson,48.5
2933,Talen Horton-Tucker,0.1
2934,Tamar Slay,-0.3
2935,Tang Hamilton,0.2
2936,Tarence Kinsey,1.5
2937,Tarik Black,4.6
2938,Tariq Abdul-Wahad,1.1999999999999997
2939,Tariq Owens,0.0
2940,Tate Armstrong,0.30000000000000004
2941,Tate George,1.4000000000000001
2942,Taurean Prince,5.2
2943,Taylor Griffin,0.0
2944,Tayshaun Prince,56.9
2945,Ted McClain,4.0
2946,Tellis Frank,4.1000000000000005
2947,Terance Mann,0.8
2948,Terence Davis,3.1
2949,Terence Morris,1.0
2950,Terence Stansbury,2.4
2951,Terrance Ferguson,4.6
2952,Terrance Roberson,-0.1
2953,Terrel Harris,0.1
2954,Terrell Brandon,62.7
2955,Terrence Jones,12.5
2956,Terrence Ross,18.7
2957,Terrence Williams,0.0
2958,Terry Catledge,20.9
2959,Terry Crosby,0.0
2960,Terry Cummings,88.69999999999999
2961,Terry Davis,12.100000000000001
2962,Terry Dehere,7.3
2963,Terry Dozier,-0.2
2964,Terry Duerod,0.7999999999999999
2965,Terry Furlow,7.2
2966,Terry Mills,32.1
2967,Terry Porter,110.4
2968,Terry Rozier,12.899999999999999
2969,Terry Teagle,13.600000000000001
2970,Terry Tyler,40.699999999999996
2971,Thabo Sefolosha,37.1
2972,Thaddeus Young,58.5
2973,Thanasis Antetokounmpo,0.2
2974,Theo Pinson,0.0
2975,Theo Ratliff,33.7
2976,Theron Smith,-0.30000000000000004
2977,Thomas Bryant,9.6
2978,Thomas Gardner,-0.30000000000000004
2979,Thomas Hamilton,-0.3
2980,Thomas Jordan,-0.2
2981,Thomas Robinson,3.1
2982,Thomas Welsh,0.1
2983,Thon Maker,4.3
2984,Thurl Bailey,42.4
2985,Tiago Splitter,25.2
2986,Tibor Pleiß,-0.1
2987,Ticky Burden,0.0
2988,Tierre Brown,-0.4
2989,Tim Bassett,4.1
2990,Tim Breaux,-0.2
2991,Tim Duncan*,206.29999999999998
2992,Tim Frazier,3.9
2993,Tim Hardaway,75.89999999999999
2994,Tim Hardaway Jr.,17.599999999999998
2995,Tim James,-0.1
2996,Tim Kempton,3.5
2997,Tim Legler,11.2
2998,Tim McCormick,21.599999999999998
2999,Tim Ohlbrecht,-0.1
3000,Tim Perry,14.2
3001,Tim Quarterman,-0.1
3002,Tim Thomas,26.299999999999997
3003,Tim Young,0.2
3004,Timofey Mozgov,11.5
3005,Timothé Luwawu-Cabarrot,3.3
3006,Tiny Archibald*,29.700000000000003
3007,Tito Horford,-0.5
3008,Tito Maddox,0.0
3009,Tobias Harris,22.8
3010,Toby Bailey,1.0
3011,Toby Knight,15.7
3012,Tod Murphy,8.0
3013,Todd Day,15.600000000000001
3014,Todd Fuller,2.2
3015,Todd Lichti,5.3
3016,Todd MacCulloch,12.0
3017,Todd Mitchell,-0.1
3018,Tom Abernethy,13.299999999999999
3019,Tom Barker,1.2
3020,Tom Boerwinkle,2.5
3021,Tom Boswell,15.0
3022,Tom Burleson,11.500000000000002
3023,Tom Chambers,79.0
3024,Tom Copa,0.2
3025,Tom Garrick,5.699999999999999
3026,Tom Gugliotta,36.1
3027,Tom Hammonds,14.0
3028,Tom Henderson,17.6
3029,Tom Hovasse,0.0
3030,Tom Kropp,0.7
3031,Tom LaGarde,6.500000000000001
3032,Tom McMillen,26.4
3033,Tom Owens,32.8
3034,Tom Piotrowski,0.1
3035,Tom Scheffler,0.2
3036,Tom Sewell,-0.4
3037,Tom Sluby,0.2
3038,Tom Tolbert,6.6
3039,Tom Van Arsdale,1.1
3040,Tommie Green,-0.3
3041,Tomáš Satoranský,13.8
3042,Toney Douglas,9.0
3043,Toni Kuko?,51.699999999999996
3044,Tony Allen,38.9
3045,Tony Battie,34.3
3046,Tony Bennett,1.6
3047,Tony Bobbitt,0.0
3048,Tony Bradley,3.4
3049,Tony Brown,3.8999999999999995
3050,Tony Campbell,19.1
3051,Tony Dawson,0.0
3052,Tony Delk,15.4
3053,Tony Dumas,1.6
3054,Tony Farmer,3.3
3055,Tony Fuller,-0.1
3056,Tony Harris,0.10000000000000003
3057,Tony Jackson,0.0
3058,Tony Massenburg,13.9
3059,Tony Mitchell,0.30000000000000004
3060,Tony Parker,111.19999999999999
3061,Tony Price,-0.1
3062,Tony Robertson,0.5
3063,Tony Smith,5.399999999999999
3064,Tony Snell,16.0
3065,Tony White,-0.3
3066,Tony Wroten,-1.3
3067,Tony Zeno,-0.2
3068,Torgeir Bryn,0.0
3069,Tornike Shengelia,0.0
3070,Torraye Braggs,0.0
3071,Torrey Craig,5.9
3072,Toure' Murry,0.0
3073,Tracy Jackson,2.4
3074,Tracy McGrady*,97.00000000000001
3075,Tracy Moore,1.8
3076,Tracy Murray,23.1
3077,Trae Young,9.2
3078,Trajan Langdon,2.9
3079,Travis Best,27.499999999999996
3080,Travis Diener,5.699999999999999
3081,Travis Hansen,0.2
3082,Travis Knight,7.8
3083,Travis Leslie,0.1
3084,Travis Mays,2.4
3085,Travis Outlaw,15.500000000000004
3086,Travis Wear,-0.09999999999999998
3087,Travis Williams,0.5
3088,Tree Rollins,63.7
3089,Tremaine Fowlkes,2.1
3090,Trent Tucker,34.3
3091,Trenton Hassell,13.600000000000001
3092,Treveon Graham,2.7
3093,Trevon Duval,0.1
3094,Trevor Ariza,54.800000000000004
3095,Trevor Booker,23.200000000000003
3096,Trevor Ruffin,1.3
3097,Trevor Wilson,0.0
3098,Trevor Winter,0.0
3099,Trey Burke,8.3
3100,Trey Gilder,0.0
3101,Trey Johnson,0.0
3102,Trey Lyles,10.399999999999999
3103,Trey McKinney-Jones,0.0
3104,Trey Thompkins,0.0
3105,Tristan Thompson,43.0
3106,Troy Bell,-0.2
3107,Troy Brown Jr.,3.0
3108,Troy Caupain,0.1
3109,Troy Daniels,4.300000000000001
3110,Troy Hudson,10.6
3111,Troy Murphy,45.39999999999999
3112,Troy Williams,0.4
3113,Truck Robinson,45.800000000000004
3114,Ty Jerome,0.0
3115,Ty Lawson,41.2
3116,Tyler Cavanaugh,1.2
3117,Tyler Davis,0.0
3118,Tyler Dorsey,0.4
3119,Tyler Ennis,1.2000000000000002
3120,Tyler Hansbrough,20.2
3121,Tyler Herro,1.6
3122,Tyler Honeycutt,-0.1
3123,Tyler Johnson,12.8
3124,Tyler Lydon,0.2
3125,Tyler Ulis,0.7
3126,Tyler Zeller,13.8
3127,Tyreke Evans,27.699999999999996
3128,Tyrone Corbin,48.300000000000004
3129,Tyrone Hill,52.6
3130,Tyrone Nesby,7.300000000000001
3131,Tyrone Wallace,0.7
3132,Tyronn Lue,13.9
3133,Tyrus Thomas,10.299999999999999
3134,Tyshawn Taylor,-1.0
3135,Tyson Chandler,100.10000000000001
3136,Tyson Wheeler,0.1
3137,Tyus Edney,6.699999999999999
3138,Tyus Jones,11.4
3139,Udonis Haslem,50.8
3140,Uroš Slokar,0.1
3141,Uwe Blab,0.3999999999999999
3142,Vander Blue,-0.4
3143,Vassilis Spanoulis,-0.1
3144,Vern Fleming,52.1
3145,Vernon Macklin,0.5
3146,Vernon Maxwell,26.700000000000003
3147,Viacheslav Kravtsov,0.4
3148,Victor Alexander,8.8
3149,Victor Claver,0.2
3150,Victor Oladipo,24.2
3151,Viktor Khryapa,2.0
3152,Vin Baker,44.7
3153,Vince Carter,112.4
3154,Vince Edwards,0.0
3155,Vince Hunter,0.0
3156,Vince Taylor,0.1
3157,Vincent Askew,18.0
3158,Vincent Poirier,0.3
3159,Vincent Yarbrough,1.0
3160,Vincenzo Esposito,-0.6
3161,Vinnie Johnson,50.60000000000001
3162,Vinny Del Negro,38.900000000000006
3163,Vitaly Potapenko,13.2
3164,Vlade Divac*,96.3
3165,Vladimir Radmanovi?,20.8
3166,Vladimir Stepania,5.2
3167,Vlatko Čančar,0.1
3168,Voise Winters,-0.1
3169,Von Wafer,3.8
3170,Vonteego Cummings,2.1
3171,Voshon Lenard,29.8
3172,Vítor Luiz Faverani,0.3
3173,Wade Baldwin,0.0
3174,Walker Russell,-1.1
3175,Wallace Bryant,1.3
3176,Wally Rank,-0.4
3177,Wally Szczerbiak,42.5
3178,Wally Walker,12.9
3179,Walt Frazier*,10.899999999999999
3180,Walt Lemon Jr.,0.1
3181,Walt Williams,26.700000000000003
3182,Walter Berry,8.200000000000001
3183,Walter Bond,0.19999999999999996
3184,Walter Davis,74.89999999999999
3185,Walter Herrmann,3.4
3186,Walter Jordan,-0.1
3187,Walter McCarty,12.7
3188,Walter Palmer,-0.1
3189,Walter Sharpe,-0.1
3190,Wang Zhizhi,1.9000000000000001
3191,Warren Kidd,1.4
3192,Wayman Britt,0.0
3193,Wayman Tisdale,45.599999999999994
3194,Wayne Cooper,36.99999999999999
3195,Wayne Ellington,12.4
3196,Wayne Englestad,0.0
3197,Wayne Kreklow,-0.3
3198,Wayne Radford,0.7
3199,Wayne Robinson,1.7
3200,Wayne Sappleton,0.1
3201,Wayne Selden,0.3
3202,Wayne Simien,0.8
3203,Wayne Turner,-0.1
3204,Wendell Carter Jr.,5.199999999999999
3205,Wes Matthews,11.099999999999998
3206,Wes Unseld*,35.6
3207,Wesley Cox,0.09999999999999998
3208,Wesley Iwundu,4.3
3209,Wesley Johnson,10.7
3210,Wesley Matthews,48.300000000000004
3211,Wesley Person,41.00000000000001
3212,Wil Jones,4.6000000000000005
3213,Wilbur Holland,14.1
3214,Wiley Peck,0.3
3215,Will Barton,19.3
3216,Will Blalock,-0.1
3217,Will Bynum,6.9
3218,Will Cherry,0.0
3219,Will Conroy,-0.30000000000000004
3220,Will Perdue,26.4
3221,Will Solomon,-0.5
3222,William Avery,-0.9
3223,William Bedford,0.8
3224,William Howard,-0.1
3225,Willie Anderson,26.599999999999998
3226,Willie Burton,9.0
3227,Willie Cauley-Stein,17.3
3228,Willie Green,13.0
3229,Willie Norwood,3.8
3230,Willie Reed,4.8
3231,Willie Smith,1.3
3232,Willie Warren,0.2
3233,Willie White,0.3
3234,Willie Wise,2.5
3235,Willy Hernangómez,6.800000000000001
3236,Wilson Chandler,23.5
3237,Wilson Washington,2.1
3238,Winford Boynes,0.9
3239,Winston Bennett,1.3
3240,Winston Crite,0.0
3241,Winston Garland,14.2
3242,World B. Free,66.3
3243,Xavier Henry,0.6
3244,Xavier McDaniel,42.800000000000004
3245,Xavier Munford,0.1
3246,Xavier Silas,-0.1
3247,Yakhouba Diawara,1.5999999999999999
3248,Yante Maten,0.0
3249,Yao Ming*,66.00000000000001
3250,Yaroslav Korolev,0.0
3251,Yi Jianlian,3.1
3252,Yinka Dare,-0.7
3253,Yogi Ferrell,5.6
3254,Yuta Tabuse,0.0
3255,Yuta Watanabe,0.1
3256,Yvon Joseph,0.0
3257,Zabian Dowdell,-0.1
3258,Zach Collins,3.8
3259,Zach LaVine,12.000000000000002
3260,Zach Lofton,0.0
3261,Zach Randolph,78.3
3262,Zaid Abdul-Aziz,0.4
3263,Zaza Pachulia,52.6
3264,Zendon Hamilton,3.0
3265,Zhaire Smith,0.1
3266,Zhou Qi,0.0
3267,Zion Williamson,2.0
3268,Zoran Planini?,1.6
3269,Zydrunas Ilgauskas,66.4
3270,Zylan Cheatham,0.0
3271,Álex Abrines,4.9
3272,Ángel Delgado,0.0
3273,Óscar Torres,1.1
3274,Ömer A??k,20.9
3275,Šar?nas Jasikevi?ius,3.3
3276,Šar?nas Mar?iulionis*,16.3
3277,Šarūnas Marčiulionis*,3.8
3278,Žan Tabak,2.4000000000000004
3279,Žarko ?abarkapa,-0.10000000000000003
3280,Žarko Paspalj,-0.3
3281,Željko Rebra?a,7.699999999999999
